Date,Contract,Expiry,Strike,Type,Price,Price_Source,Settlement,Bid,Ask,Days_To_Expiry,T,Futures_Product,Forward,Futures_Contract,Forward_Source,IV,OTM,Plot_Eligible
2026-10-06,202610,2026-10-21,33900.0,C,16160.0,settlement,16160.0,,16260.0,15,0.0410958904109589,TX,50082.0,202610,same expiry TX 202610,,False,False
2026-10-06,202610,2026-10-21,33900.0,P,4.6,settlement,4.6,4.6,4.7,15,0.0410958904109589,TX,50082.0,202610,same expiry TX 202610,0.6910830674621657,True,True
2026-10-06,202610,2026-10-21,34000.0,C,16060.0,settlement,16060.0,,16160.0,15,0.0410958904109589,TX,50082.0,202610,same expiry TX 202610,,False,False
2026-10-06,202610,2026-10-21,34000.0,P,5.3,settlement,5.3,4.7,5.8,15,0.0410958904109589,TX,50082.0,202610,same expiry TX 202610,0.6958747206684065,True,True
2026-10-06,202610,2026-10-21,34100.0,C,15960.0,settlement,15960.0,,16060.0,15,0.0410958904109589,TX,50082.0,202610,same expiry TX 202610,,False,False
2026-10-06,202610,2026-10-21,34100.0,P,5.5,settlement,5.5,4.8,5.9,15,0.0410958904109589,TX,50082.0,202610,same expiry TX 202610,0.693569687630127,True,True
2026-10-06,202610,2026-10-21,34200.0,C,15860.0,settlement,15860.0,,15960.0,15,0.0410958904109589,TX,50082.0,202610,same expiry TX 202610,,False,False
2026-10-06,202610,2026-10-21,34200.0,P,5.5,settlement,5.5,4.8,6.0,15,0.0410958904109589,TX,50082.0,202610,same expiry TX 202610,0.6887088029976416,True,True
2026-10-06,202610,2026-10-21,34300.0,C,15760.0,settlement,15760.0,,15860.0,15,0.0410958904109589,TX,50082.0,202610,same expiry TX 202610,,False,False
2026-10-06,202610,2026-10-21,34300.0,P,5.6,settlement,5.6,4.9,6.1,15,0.0410958904109589,TX,50082.0,202610,same expiry TX 202610,0.6850956845011151,True,True
2026-10-06,202610,2026-10-21,34400.0,C,15660.0,settlement,15660.0,,15760.0,15,0.0410958904109589,TX,50082.0,202610,same expiry TX 202610,,False,False
2026-10-06,202610,2026-10-21,34400.0,P,5.7,settlement,5.7,5.0,6.1,15,0.0410958904109589,TX,50082.0,202610,same expiry TX 202610,0.6814635533795911,True,True
2026-10-06,202610,2026-10-21,34500.0,C,15560.0,settlement,15560.0,,15660.0,15,0.0410958904109589,TX,50082.0,202610,same expiry TX 202610,,False,False
2026-10-06,202610,2026-10-21,34500.0,P,5.8,settlement,5.8,5.1,6.2,15,0.0410958904109589,TX,50082.0,202610,same expiry TX 202610,0.677813177890407,True,True
2026-10-06,202610,2026-10-21,34600.0,C,15460.0,settlement,15460.0,,15550.0,15,0.0410958904109589,TX,50082.0,202610,same expiry TX 202610,,False,False
2026-10-06,202610,2026-10-21,34600.0,P,5.8,settlement,5.8,5.1,6.3,15,0.0410958904109589,TX,50082.0,202610,same expiry TX 202610,0.6729790937747024,True,True
2026-10-06,202610,2026-10-21,34700.0,C,15360.0,settlement,15360.0,,15460.0,15,0.0410958904109589,TX,50082.0,202610,same expiry TX 202610,,False,False
2026-10-06,202610,2026-10-21,34700.0,P,5.9,settlement,5.9,5.2,6.4,15,0.0410958904109589,TX,50082.0,202610,same expiry TX 202610,0.6693160761305481,True,True
2026-10-06,202610,2026-10-21,34800.0,C,15260.0,settlement,15260.0,,15360.0,15,0.0410958904109589,TX,50082.0,202610,same expiry TX 202610,,False,False
2026-10-06,202610,2026-10-21,34800.0,P,6.0,settlement,6.0,5.3,6.4,15,0.0410958904109589,TX,50082.0,202610,same expiry TX 202610,0.6656362686338246,True,True
2026-10-06,202610,2026-10-21,34900.0,C,15160.0,settlement,15160.0,,15260.0,15,0.0410958904109589,TX,50082.0,202610,same expiry TX 202610,,False,False
2026-10-06,202610,2026-10-21,34900.0,P,6.1,settlement,6.1,5.4,6.5,15,0.0410958904109589,TX,50082.0,202610,same expiry TX 202610,0.6619403276311902,True,True
2026-10-06,202610,2026-10-21,35000.0,C,15060.0,settlement,15060.0,,15160.0,15,0.0410958904109589,TX,50082.0,202610,same expiry TX 202610,,False,False
2026-10-06,202610,2026-10-21,35000.0,P,6.1,settlement,6.1,5.4,6.6,15,0.0410958904109589,TX,50082.0,202610,same expiry TX 202610,0.6571328013518178,True,True
2026-10-06,202610,2026-10-21,35100.0,C,14960.0,settlement,14960.0,,15060.0,15,0.0410958904109589,TX,50082.0,202610,same expiry TX 202610,,False,False
2026-10-06,202610,2026-10-21,35100.0,P,6.2,settlement,6.2,5.5,6.7,15,0.0410958904109589,TX,50082.0,202610,same expiry TX 202610,0.6534262301977598,True,True
2026-10-06,202610,2026-10-21,35200.0,C,14860.0,settlement,14860.0,,14960.0,15,0.0410958904109589,TX,50082.0,202610,same expiry TX 202610,,False,False
2026-10-06,202610,2026-10-21,35200.0,P,6.3,settlement,6.3,5.6,6.8,15,0.0410958904109589,TX,50082.0,202610,same expiry TX 202610,0.6497047664089977,True,True
2026-10-06,202610,2026-10-21,35300.0,C,14760.0,settlement,14760.0,,14860.0,15,0.0410958904109589,TX,50082.0,202610,same expiry TX 202610,,False,False
2026-10-06,202610,2026-10-21,35300.0,P,6.4,settlement,6.4,5.7,6.9,15,0.0410958904109589,TX,50082.0,202610,same expiry TX 202610,0.645968973717915,True,True
2026-10-06,202610,2026-10-21,35400.0,C,14660.0,settlement,14660.0,,14760.0,15,0.0410958904109589,TX,50082.0,202610,same expiry TX 202610,,False,False
2026-10-06,202610,2026-10-21,35400.0,P,6.5,settlement,6.5,5.8,7.0,15,0.0410958904109589,TX,50082.0,202610,same expiry TX 202610,0.6422193894766299,True,True
2026-10-06,202610,2026-10-21,35500.0,C,14560.0,settlement,14560.0,,14660.0,15,0.0410958904109589,TX,50082.0,202610,same expiry TX 202610,,False,False
2026-10-06,202610,2026-10-21,35500.0,P,6.6,settlement,6.6,5.9,7.1,15,0.0410958904109589,TX,50082.0,202610,same expiry TX 202610,0.6384565261371196,True,True
2026-10-06,202610,2026-10-21,35600.0,C,14460.0,settlement,14460.0,,14560.0,15,0.0410958904109589,TX,50082.0,202610,same expiry TX 202610,,False,False
2026-10-06,202610,2026-10-21,35600.0,P,6.7,settlement,6.7,5.9,7.2,15,0.0410958904109589,TX,50082.0,202610,same expiry TX 202610,0.6346808726254836,True,True
2026-10-06,202610,2026-10-21,35700.0,C,14360.0,settlement,14360.0,,14460.0,15,0.0410958904109589,TX,50082.0,202610,same expiry TX 202610,,False,False
2026-10-06,202610,2026-10-21,35700.0,P,6.7,settlement,6.7,6.0,7.2,15,0.0410958904109589,TX,50082.0,202610,same expiry TX 202610,0.6299141818232195,True,True
2026-10-06,202610,2026-10-21,35800.0,C,14260.0,settlement,14260.0,,14360.0,15,0.0410958904109589,TX,50082.0,202610,same expiry TX 202610,,False,False
2026-10-06,202610,2026-10-21,35800.0,P,6.9,settlement,6.9,6.1,7.4,15,0.0410958904109589,TX,50082.0,202610,same expiry TX 202610,0.627093040735142,True,True
2026-10-06,202610,2026-10-21,35900.0,C,14160.0,settlement,14160.0,,14260.0,15,0.0410958904109589,TX,50082.0,202610,same expiry TX 202610,,False,False
2026-10-06,202610,2026-10-21,35900.0,P,7.0,settlement,7.0,6.2,7.5,15,0.0410958904109589,TX,50082.0,202610,same expiry TX 202610,0.6232817336366183,True,True
2026-10-06,202610,2026-10-21,36000.0,C,14060.0,settlement,14060.0,,14160.0,15,0.0410958904109589,TX,50082.0,202610,same expiry TX 202610,,False,False
2026-10-06,202610,2026-10-21,36000.0,P,7.1,settlement,7.1,6.3,7.6,15,0.0410958904109589,TX,50082.0,202610,same expiry TX 202610,0.6194593810659973,True,True
2026-10-06,202610,2026-10-21,36100.0,C,13960.0,settlement,13960.0,,14060.0,15,0.0410958904109589,TX,50082.0,202610,same expiry TX 202610,,False,False
2026-10-06,202610,2026-10-21,36100.0,P,7.2,settlement,7.2,6.4,7.7,15,0.0410958904109589,TX,50082.0,202610,same expiry TX 202610,0.6156263718062257,True,True
2026-10-06,202610,2026-10-21,36200.0,C,13870.0,settlement,13870.0,,13960.0,15,0.0410958904109589,TX,50082.0,202610,same expiry TX 202610,,False,False
2026-10-06,202610,2026-10-21,36200.0,P,7.3,settlement,7.3,6.5,7.8,15,0.0410958904109589,TX,50082.0,202610,same expiry TX 202610,0.6117830775811561,True,True
2026-10-06,202610,2026-10-21,36300.0,C,13770.0,settlement,13770.0,,13850.0,15,0.0410958904109589,TX,50082.0,202610,same expiry TX 202610,,False,False
2026-10-06,202610,2026-10-21,36300.0,P,7.4,settlement,7.4,6.6,7.9,15,0.0410958904109589,TX,50082.0,202610,same expiry TX 202610,0.6079298538959261,True,True
2026-10-06,202610,2026-10-21,36400.0,C,13670.0,settlement,13670.0,,13750.0,15,0.0410958904109589,TX,50082.0,202610,same expiry TX 202610,,False,False
2026-10-06,202610,2026-10-21,36400.0,P,7.5,settlement,7.5,6.7,8.0,15,0.0410958904109589,TX,50082.0,202610,same expiry TX 202610,0.604067040824077,True,True
2026-10-06,202610,2026-10-21,36500.0,C,13570.0,settlement,13570.0,,13650.0,15,0.0410958904109589,TX,50082.0,202610,same expiry TX 202610,,False,False
2026-10-06,202610,2026-10-21,36500.0,P,7.7,settlement,7.7,6.8,8.2,15,0.0410958904109589,TX,50082.0,202610,same expiry TX 202610,0.6010422797741859,True,True
2026-10-06,202610,2026-10-21,36600.0,C,13470.0,settlement,13470.0,,13550.0,15,0.0410958904109589,TX,50082.0,202610,same expiry TX 202610,,False,False
2026-10-06,202610,2026-10-21,36600.0,P,7.8,settlement,7.8,7.0,8.3,15,0.0410958904109589,TX,50082.0,202610,same expiry TX 202610,0.5971476694515128,True,True
2026-10-06,202610,2026-10-21,36700.0,C,13370.0,settlement,13370.0,,13460.0,15,0.0410958904109589,TX,50082.0,202610,same expiry TX 202610,,False,False
2026-10-06,202610,2026-10-21,36700.0,P,7.9,settlement,7.9,7.1,8.4,15,0.0410958904109589,TX,50082.0,202610,same expiry TX 202610,0.593244704095304,True,True
2026-10-06,202610,2026-10-21,36800.0,C,13270.0,settlement,13270.0,,13360.0,15,0.0410958904109589,TX,50082.0,202610,same expiry TX 202610,,False,False
2026-10-06,202610,2026-10-21,36800.0,P,8.1,settlement,8.1,7.2,8.6,15,0.0410958904109589,TX,50082.0,202610,same expiry TX 202610,0.5901338303341458,True,True
2026-10-06,202610,2026-10-21,36900.0,C,13170.0,settlement,13170.0,,13260.0,15,0.0410958904109589,TX,50082.0,202610,same expiry TX 202610,,False,False
2026-10-06,202610,2026-10-21,36900.0,P,8.2,settlement,8.2,7.3,8.7,15,0.0410958904109589,TX,50082.0,202610,same expiry TX 202610,0.5862024649970823,True,True
2026-10-06,202610,2026-10-21,37000.0,C,13070.0,settlement,13070.0,,13160.0,15,0.0410958904109589,TX,50082.0,202610,same expiry TX 202610,,False,False
2026-10-06,202610,2026-10-21,37000.0,P,8.4,settlement,8.4,7.5,8.9,15,0.0410958904109589,TX,50082.0,202610,same expiry TX 202610,0.5830324939837856,True,True
2026-10-06,202610,2026-10-21,37100.0,C,12970.0,settlement,12970.0,,13060.0,15,0.0410958904109589,TX,50082.0,202610,same expiry TX 202610,,False,False
2026-10-06,202610,2026-10-21,37100.0,P,8.5,settlement,8.5,7.6,9.0,15,0.0410958904109589,TX,50082.0,202610,same expiry TX 202610,0.5790749557330273,True,True
2026-10-06,202610,2026-10-21,37200.0,C,12870.0,settlement,12870.0,,12960.0,15,0.0410958904109589,TX,50082.0,202610,same expiry TX 202610,,False,False
2026-10-06,202610,2026-10-21,37200.0,P,8.6,settlement,8.6,7.7,9.2,15,0.0410958904109589,TX,50082.0,202610,same expiry TX 202610,0.5751108068313622,True,True
2026-10-06,202610,2026-10-21,37300.0,C,12770.0,settlement,12770.0,,12860.0,15,0.0410958904109589,TX,50082.0,202610,same expiry TX 202610,,False,False
2026-10-06,202610,2026-10-21,37300.0,P,8.8,settlement,8.8,7.9,9.3,15,0.0410958904109589,TX,50082.0,202610,same expiry TX 202610,0.5718682054720832,True,True
2026-10-06,202610,2026-10-21,37400.0,C,12670.0,settlement,12670.0,,12760.0,15,0.0410958904109589,TX,50082.0,202610,same expiry TX 202610,,False,False
2026-10-06,202610,2026-10-21,37400.0,P,9.0,settlement,9.0,8.0,9.5,15,0.0410958904109589,TX,50082.0,202610,same expiry TX 202610,0.5685917377058756,True,True
2026-10-06,202610,2026-10-21,37500.0,C,12570.0,settlement,12570.0,,12660.0,15,0.0410958904109589,TX,50082.0,202610,same expiry TX 202610,,False,False
2026-10-06,202610,2026-10-21,37500.0,P,9.2,settlement,9.2,9.2,9.6,15,0.0410958904109589,TX,50082.0,202610,same expiry TX 202610,0.5652827973535627,True,True
2026-10-06,202610,2026-10-21,37600.0,C,12470.0,settlement,12470.0,,12560.0,15,0.0410958904109589,TX,50082.0,202610,same expiry TX 202610,,False,False
2026-10-06,202610,2026-10-21,37600.0,P,9.3,settlement,9.3,8.3,9.9,15,0.0410958904109589,TX,50082.0,202610,same expiry TX 202610,0.5612630366149043,True,True
2026-10-06,202610,2026-10-21,37700.0,C,12370.0,settlement,12370.0,,12460.0,15,0.0410958904109589,TX,50082.0,202610,same expiry TX 202610,,False,False
2026-10-06,202610,2026-10-21,37700.0,P,9.5,settlement,9.5,8.5,10.0,15,0.0410958904109589,TX,50082.0,202610,same expiry TX 202610,0.5579079362281596,True,True
2026-10-06,202610,2026-10-21,37800.0,C,12270.0,settlement,12270.0,,12360.0,15,0.0410958904109589,TX,50082.0,202610,same expiry TX 202610,,False,False
2026-10-06,202610,2026-10-21,37800.0,P,9.5,settlement,9.5,8.7,10.5,15,0.0410958904109589,TX,50082.0,202610,same expiry TX 202610,0.5532083922635865,True,True
2026-10-06,202610,2026-10-21,37900.0,C,12170.0,settlement,12170.0,,12260.0,15,0.0410958904109589,TX,50082.0,202610,same expiry TX 202610,,False,False
2026-10-06,202610,2026-10-21,37900.0,P,9.6,settlement,9.6,8.9,10.5,15,0.0410958904109589,TX,50082.0,202610,same expiry TX 202610,0.5491737971080627,True,True
2026-10-06,202610,2026-10-21,38000.0,C,12070.0,settlement,12070.0,,12160.0,15,0.0410958904109589,TX,50082.0,202610,same expiry TX 202610,,False,False
2026-10-06,202610,2026-10-21,38000.0,P,10.0,settlement,10.0,10.0,10.5,15,0.0410958904109589,TX,50082.0,202610,same expiry TX 202610,0.5470438923850013,True,True
2026-10-06,202610,2026-10-21,38100.0,C,11970.0,settlement,11970.0,,12060.0,15,0.0410958904109589,TX,50082.0,202610,same expiry TX 202610,,False,False
2026-10-06,202610,2026-10-21,38100.0,P,10.0,settlement,10.0,9.2,11.0,15,0.0410958904109589,TX,50082.0,202610,same expiry TX 202610,0.5423499026997323,True,True
2026-10-06,202610,2026-10-21,38200.0,C,11870.0,settlement,11870.0,,11960.0,15,0.0410958904109589,TX,50082.0,202610,same expiry TX 202610,,False,False
2026-10-06,202610,2026-10-21,38200.0,P,10.5,settlement,10.5,9.4,11.0,15,0.0410958904109589,TX,50082.0,202610,same expiry TX 202610,0.5407144341630447,True,True
2026-10-06,202610,2026-10-21,38300.0,C,11770.0,settlement,11770.0,,11860.0,15,0.0410958904109589,TX,50082.0,202610,same expiry TX 202610,,False,False
2026-10-06,202610,2026-10-21,38300.0,P,11.0,settlement,11.0,9.6,11.5,15,0.0410958904109589,TX,50082.0,202610,same expiry TX 202610,0.5389433309802397,True,True
2026-10-06,202610,2026-10-21,38400.0,C,11670.0,settlement,11670.0,,11760.0,15,0.0410958904109589,TX,50082.0,202610,same expiry TX 202610,,False,False
2026-10-06,202610,2026-10-21,38400.0,P,11.0,settlement,11.0,9.8,11.5,15,0.0410958904109589,TX,50082.0,202610,same expiry TX 202610,0.5342338048193872,True,True
2026-10-06,202610,2026-10-21,38500.0,C,11570.0,settlement,11570.0,,11660.0,15,0.0410958904109589,TX,50082.0,202610,same expiry TX 202610,,False,False
2026-10-06,202610,2026-10-21,38500.0,P,11.5,settlement,11.5,10.0,12.0,15,0.0410958904109589,TX,50082.0,202610,same expiry TX 202610,0.5323258952709834,True,True
2026-10-06,202610,2026-10-21,38600.0,C,11470.0,settlement,11470.0,,11560.0,15,0.0410958904109589,TX,50082.0,202610,same expiry TX 202610,,False,False
2026-10-06,202610,2026-10-21,38600.0,P,11.5,settlement,11.5,10.0,12.0,15,0.0410958904109589,TX,50082.0,202610,same expiry TX 202610,0.5276140676062404,True,True
2026-10-06,202610,2026-10-21,38700.0,C,11370.0,settlement,11370.0,,11460.0,15,0.0410958904109589,TX,50082.0,202610,same expiry TX 202610,,False,False
2026-10-06,202610,2026-10-21,38700.0,P,12.0,settlement,12.0,10.5,12.5,15,0.0410958904109589,TX,50082.0,202610,same expiry TX 202610,0.5255795683223847,True,True
2026-10-06,202610,2026-10-21,38800.0,C,11270.0,settlement,11270.0,,11360.0,15,0.0410958904109589,TX,50082.0,202610,same expiry TX 202610,,False,False
2026-10-06,202610,2026-10-21,38800.0,P,12.0,settlement,12.0,10.5,12.5,15,0.0410958904109589,TX,50082.0,202610,same expiry TX 202610,0.5208658320563162,True,True
2026-10-06,202610,2026-10-21,38900.0,C,11170.0,settlement,11170.0,,11260.0,15,0.0410958904109589,TX,50082.0,202610,same expiry TX 202610,,False,False
2026-10-06,202610,2026-10-21,38900.0,P,12.5,settlement,12.5,11.0,13.0,15,0.0410958904109589,TX,50082.0,202610,same expiry TX 202610,0.5187137845840794,True,True
2026-10-06,202610,2026-10-21,39000.0,C,11070.0,settlement,11070.0,,11160.0,15,0.0410958904109589,TX,50082.0,202610,same expiry TX 202610,,False,False
2026-10-06,202610,2026-10-21,39000.0,P,12.5,settlement,12.5,11.0,13.0,15,0.0410958904109589,TX,50082.0,202610,same expiry TX 202610,0.5139984716389477,True,True
2026-10-06,202610,2026-10-21,39100.0,C,10970.0,settlement,10970.0,10860.0,11070.0,15,0.0410958904109589,TX,50082.0,202610,same expiry TX 202610,,False,False
2026-10-06,202610,2026-10-21,39100.0,P,13.0,settlement,13.0,11.5,13.5,15,0.0410958904109589,TX,50082.0,202610,same expiry TX 202610,0.5117369136977609,True,True
2026-10-06,202610,2026-10-21,39200.0,C,10870.0,settlement,10870.0,,10960.0,15,0.0410958904109589,TX,50082.0,202610,same expiry TX 202610,,False,False
2026-10-06,202610,2026-10-21,39200.0,P,13.0,settlement,13.0,11.5,14.0,15,0.0410958904109589,TX,50082.0,202610,same expiry TX 202610,0.5070203007180653,True,True
2026-10-06,202610,2026-10-21,39300.0,C,10770.0,settlement,10770.0,,10860.0,15,0.0410958904109589,TX,50082.0,202610,same expiry TX 202610,,False,False
2026-10-06,202610,2026-10-21,39300.0,P,13.5,settlement,13.5,12.0,14.0,15,0.0410958904109589,TX,50082.0,202610,same expiry TX 202610,0.5046564064977603,True,True
2026-10-06,202610,2026-10-21,39400.0,C,10670.0,settlement,10670.0,,10760.0,15,0.0410958904109589,TX,50082.0,202610,same expiry TX 202610,,False,False
2026-10-06,202610,2026-10-21,39400.0,P,13.5,settlement,13.5,12.0,14.5,15,0.0410958904109589,TX,50082.0,202610,same expiry TX 202610,0.49993871963409886,True,True
2026-10-06,202610,2026-10-21,39500.0,C,10570.0,settlement,10570.0,,10660.0,15,0.0410958904109589,TX,50082.0,202610,same expiry TX 202610,,False,False
2026-10-06,202610,2026-10-21,39500.0,P,13.5,settlement,13.5,12.5,14.5,15,0.0410958904109589,TX,50082.0,202610,same expiry TX 202610,0.4952293942759665,True,True
2026-10-06,202610,2026-10-21,39600.0,C,10470.0,settlement,10470.0,,10560.0,15,0.0410958904109589,TX,50082.0,202610,same expiry TX 202610,,False,False
2026-10-06,202610,2026-10-21,39600.0,P,14.0,settlement,14.0,12.5,15.0,15,0.0410958904109589,TX,50082.0,202610,same expiry TX 202610,0.49276033458760693,True,True
2026-10-06,202610,2026-10-21,39700.0,C,10370.0,settlement,10370.0,,10460.0,15,0.0410958904109589,TX,50082.0,202610,same expiry TX 202610,,False,False
2026-10-06,202610,2026-10-21,39700.0,P,14.5,settlement,14.5,13.0,15.5,15,0.0410958904109589,TX,50082.0,202610,same expiry TX 202610,0.49021039604340433,True,True
2026-10-06,202610,2026-10-21,39800.0,C,10280.0,settlement,10280.0,,10360.0,15,0.0410958904109589,TX,50082.0,202610,same expiry TX 202610,0.3963213234566704,False,False
2026-10-06,202610,2026-10-21,39800.0,P,15.0,settlement,15.0,13.5,15.5,15,0.0410958904109589,TX,50082.0,202610,same expiry TX 202610,0.4875841126440689,True,True
2026-10-06,202610,2026-10-21,39900.0,C,10180.0,settlement,10180.0,,10260.0,15,0.0410958904109589,TX,50082.0,202610,same expiry TX 202610,0.39166809871875036,False,False
2026-10-06,202610,2026-10-21,39900.0,P,15.0,settlement,15.0,13.5,16.0,15,0.0410958904109589,TX,50082.0,202610,same expiry TX 202610,0.482856188826841,True,True
2026-10-06,202610,2026-10-21,40000.0,C,10080.0,settlement,10080.0,9960.0,10170.0,15,0.0410958904109589,TX,50082.0,202610,same expiry TX 202610,0.3870243385119629,False,False
2026-10-06,202610,2026-10-21,40000.0,P,15.0,settlement,15.0,14.0,15.0,15,0.0410958904109589,TX,50082.0,202610,same expiry TX 202610,0.47813618888704834,True,True
2026-10-06,202610,2026-10-21,40100.0,C,9980.0,settlement,9980.0,,10060.0,15,0.0410958904109589,TX,50082.0,202610,same expiry TX 202610,0.3823898860271198,False,False
2026-10-06,202610,2026-10-21,40100.0,P,16.0,settlement,16.0,14.5,16.5,15,0.0410958904109589,TX,50082.0,202610,same expiry TX 202610,0.47737453199420954,True,True
2026-10-06,202610,2026-10-21,40200.0,C,9880.0,settlement,9880.0,,9960.0,15,0.0410958904109589,TX,50082.0,202610,same expiry TX 202610,0.3777645784876593,False,False
2026-10-06,202610,2026-10-21,40200.0,P,16.0,settlement,16.0,14.5,17.0,15,0.0410958904109589,TX,50082.0,202610,same expiry TX 202610,0.4726381527327506,True,True
2026-10-06,202610,2026-10-21,40300.0,C,9780.0,settlement,9780.0,,9860.0,15,0.0410958904109589,TX,50082.0,202610,same expiry TX 202610,0.3731482465957069,False,False
2026-10-06,202610,2026-10-21,40300.0,P,16.5,settlement,16.5,15.0,17.5,15,0.0410958904109589,TX,50082.0,202610,same expiry TX 202610,0.4697907705008468,True,True
2026-10-06,202610,2026-10-21,40400.0,C,9680.0,settlement,9680.0,,9760.0,15,0.0410958904109589,TX,50082.0,202610,same expiry TX 202610,0.36854071393187443,False,False
2026-10-06,202610,2026-10-21,40400.0,P,17.0,settlement,17.0,15.5,17.5,15,0.0410958904109589,TX,50082.0,202610,same expiry TX 202610,0.4668820656040687,True,True
2026-10-06,202610,2026-10-21,40500.0,C,9580.0,settlement,9580.0,,9660.0,15,0.0410958904109589,TX,50082.0,202610,same expiry TX 202610,0.3639417962782445,False,False
2026-10-06,202610,2026-10-21,40500.0,P,17.0,settlement,17.0,15.5,18.0,15,0.0410958904109589,TX,50082.0,202610,same expiry TX 202610,0.46213788594678445,True,True
2026-10-06,202610,2026-10-21,40600.0,C,9480.0,settlement,9480.0,,9560.0,15,0.0410958904109589,TX,50082.0,202610,same expiry TX 202610,0.3593513008742968,False,False
2026-10-06,202610,2026-10-21,40600.0,P,17.5,settlement,17.5,16.0,18.5,15,0.0410958904109589,TX,50082.0,202610,same expiry TX 202610,0.4591633657617053,True,True
2026-10-06,202610,2026-10-21,40700.0,C,9380.0,settlement,9380.0,,9460.0,15,0.0410958904109589,TX,50082.0,202610,same expiry TX 202610,0.35476902558959517,False,False
2026-10-06,202610,2026-10-21,40700.0,P,18.0,settlement,18.0,16.5,18.5,15,0.0410958904109589,TX,50082.0,202610,same expiry TX 202610,0.45613325346919753,True,True
2026-10-06,202610,2026-10-21,40800.0,C,9280.0,settlement,9280.0,,9360.0,15,0.0410958904109589,TX,50082.0,202610,same expiry TX 202610,0.350194757999824,False,False
2026-10-06,202610,2026-10-21,40800.0,P,18.5,settlement,18.5,17.0,19.0,15,0.0410958904109589,TX,50082.0,202610,same expiry TX 202610,0.4530499750491867,True,True
2026-10-06,202610,2026-10-21,40900.0,C,9180.0,settlement,9180.0,,9260.0,15,0.0410958904109589,TX,50082.0,202610,same expiry TX 202610,0.34562827435651267,False,False
2026-10-06,202610,2026-10-21,40900.0,P,18.5,settlement,18.5,17.0,19.5,15,0.0410958904109589,TX,50082.0,202610,same expiry TX 202610,0.4482913924197688,True,True
2026-10-06,202610,2026-10-21,41000.0,C,9080.0,settlement,9080.0,,9160.0,15,0.0410958904109589,TX,50082.0,202610,same expiry TX 202610,0.34106933843468773,False,False
2026-10-06,202610,2026-10-21,41000.0,P,19.0,settlement,19.0,17.5,19.5,15,0.0410958904109589,TX,50082.0,202610,same expiry TX 202610,0.4451503173590643,True,True
2026-10-06,202610,2026-10-21,41100.0,C,8980.0,settlement,8980.0,,9060.0,15,0.0410958904109589,TX,50082.0,202610,same expiry TX 202610,0.3365177002381562,False,False
2026-10-06,202610,2026-10-21,41100.0,P,19.5,settlement,19.5,18.0,20.0,15,0.0410958904109589,TX,50082.0,202610,same expiry TX 202610,0.44196056401418937,True,True
2026-10-06,202610,2026-10-21,41200.0,C,8880.0,settlement,8880.0,,8960.0,15,0.0410958904109589,TX,50082.0,202610,same expiry TX 202610,0.3319730945434422,False,False
2026-10-06,202610,2026-10-21,41200.0,P,19.5,settlement,19.5,18.5,20.5,15,0.0410958904109589,TX,50082.0,202610,same expiry TX 202610,0.43719513001860544,True,True
2026-10-06,202610,2026-10-21,41300.0,C,8780.0,settlement,8780.0,8700.0,8880.0,15,0.0410958904109589,TX,50082.0,202610,same expiry TX 202610,0.3274352392595829,False,False
2026-10-06,202610,2026-10-21,41300.0,P,20.0,settlement,20.0,19.0,21.0,15,0.0410958904109589,TX,50082.0,202610,same expiry TX 202610,0.4339519383121178,True,True
2026-10-06,202610,2026-10-21,41400.0,C,8680.0,settlement,8680.0,,8760.0,15,0.0410958904109589,TX,50082.0,202610,same expiry TX 202610,0.32290383356901503,False,False
2026-10-06,202610,2026-10-21,41400.0,P,20.5,settlement,20.5,19.5,21.0,15,0.0410958904109589,TX,50082.0,202610,same expiry TX 202610,0.4306638980593574,True,True
2026-10-06,202610,2026-10-21,41500.0,C,8580.0,settlement,8580.0,,8660.0,15,0.0410958904109589,TX,50082.0,202610,same expiry TX 202610,0.3183785558214911,False,False
2026-10-06,202610,2026-10-21,41500.0,P,20.5,settlement,20.5,20.0,20.5,15,0.0410958904109589,TX,50082.0,202610,same expiry TX 202610,0.4258916396502347,True,True
2026-10-06,202610,2026-10-21,41600.0,C,8480.0,settlement,8480.0,8370.0,8580.0,15,0.0410958904109589,TX,50082.0,202610,same expiry TX 202610,0.31385906113558476,False,False
2026-10-06,202610,2026-10-21,41600.0,P,21.0,settlement,21.0,20.5,21.5,15,0.0410958904109589,TX,50082.0,202610,same expiry TX 202610,0.4225538490857734,True,True
2026-10-06,202610,2026-10-21,41700.0,C,8380.0,settlement,8380.0,8270.0,8480.0,15,0.0410958904109589,TX,50082.0,202610,same expiry TX 202610,0.30934497866052246,False,False
2026-10-06,202610,2026-10-21,41700.0,P,21.5,settlement,21.5,20.5,21.5,15,0.0410958904109589,TX,50082.0,202610,same expiry TX 202610,0.4191744902864664,True,True
2026-10-06,202610,2026-10-21,41800.0,C,8280.0,settlement,8280.0,8200.0,8380.0,15,0.0410958904109589,TX,50082.0,202610,same expiry TX 202610,0.3048359084384007,False,False
2026-10-06,202610,2026-10-21,41800.0,P,22.0,settlement,22.0,21.0,22.0,15,0.0410958904109589,TX,50082.0,202610,same expiry TX 202610,0.41575498129161553,True,True
2026-10-06,202610,2026-10-21,41900.0,C,8180.0,settlement,8180.0,,8260.0,15,0.0410958904109589,TX,50082.0,202610,same expiry TX 202610,0.3003314177959879,False,False
2026-10-06,202610,2026-10-21,41900.0,P,22.5,settlement,22.5,21.5,22.5,15,0.0410958904109589,TX,50082.0,202610,same expiry TX 202610,0.4122966457782011,True,True
2026-10-06,202610,2026-10-21,42000.0,C,8080.0,settlement,8080.0,,8160.0,15,0.0410958904109589,TX,50082.0,202610,same expiry TX 202610,0.2958310371791246,False,False
2026-10-06,202610,2026-10-21,42000.0,P,23.0,settlement,23.0,22.0,23.0,15,0.0410958904109589,TX,50082.0,202610,same expiry TX 202610,0.40880072030391007,True,True
2026-10-06,202610,2026-10-21,42100.0,C,7990.0,settlement,7990.0,,8070.0,15,0.0410958904109589,TX,50082.0,202610,same expiry TX 202610,0.3668286535570287,False,False
2026-10-06,202610,2026-10-21,42100.0,P,23.5,settlement,23.5,22.5,23.5,15,0.0410958904109589,TX,50082.0,202610,same expiry TX 202610,0.4052683607990876,True,True
2026-10-06,202610,2026-10-21,42200.0,C,7890.0,settlement,7890.0,,7970.0,15,0.0410958904109589,TX,50082.0,202610,same expiry TX 202610,0.36222416011494823,False,False
2026-10-06,202610,2026-10-21,42200.0,P,24.0,settlement,24.0,23.0,24.0,15,0.0410958904109589,TX,50082.0,202610,same expiry TX 202610,0.4017006483969617,True,True
2026-10-06,202610,2026-10-21,42300.0,C,7790.0,settlement,7790.0,,7870.0,15,0.0410958904109589,TX,50082.0,202610,same expiry TX 202610,0.3576280947549451,False,False
2026-10-06,202610,2026-10-21,42300.0,P,24.0,settlement,24.0,23.5,24.5,15,0.0410958904109589,TX,50082.0,202610,same expiry TX 202610,0.3968896556729267,True,True
2026-10-06,202610,2026-10-21,42400.0,C,7690.0,settlement,7690.0,,7770.0,15,0.0410958904109589,TX,50082.0,202610,same expiry TX 202610,0.3530403552242834,False,False
2026-10-06,202610,2026-10-21,42400.0,P,24.5,settlement,24.5,24.0,25.0,15,0.0410958904109589,TX,50082.0,202610,same expiry TX 202610,0.3932813780816405,True,True
2026-10-06,202610,2026-10-21,42500.0,C,7590.0,settlement,7590.0,,7670.0,15,0.0410958904109589,TX,50082.0,202610,same expiry TX 202610,0.3484608379354082,False,False
2026-10-06,202610,2026-10-21,42500.0,P,25.0,settlement,25.0,24.5,25.5,15,0.0410958904109589,TX,50082.0,202610,same expiry TX 202610,0.3896397255570135,True,True
2026-10-06,202610,2026-10-21,42600.0,C,7490.0,settlement,7490.0,7400.0,7580.0,15,0.0410958904109589,TX,50082.0,202610,same expiry TX 202610,0.34388943788770554,False,False
2026-10-06,202610,2026-10-21,42600.0,P,25.5,settlement,25.5,25.0,26.0,15,0.0410958904109589,TX,50082.0,202610,same expiry TX 202610,0.38596557422261124,True,True
2026-10-06,202610,2026-10-21,42700.0,C,7390.0,settlement,7390.0,,7470.0,15,0.0410958904109589,TX,50082.0,202610,same expiry TX 202610,0.3393260485780116,False,False
2026-10-06,202610,2026-10-21,42700.0,P,26.0,settlement,26.0,25.5,26.5,15,0.0410958904109589,TX,50082.0,202610,same expiry TX 202610,0.3822597436755715,True,True
2026-10-06,202610,2026-10-21,42800.0,C,7290.0,settlement,7290.0,7190.0,7380.0,15,0.0410958904109589,TX,50082.0,202610,same expiry TX 202610,0.33477056191149934,False,False
2026-10-06,202610,2026-10-21,42800.0,P,26.5,settlement,26.5,26.0,27.0,15,0.0410958904109589,TX,50082.0,202610,same expiry TX 202610,0.37852300043239717,True,True
2026-10-06,202610,2026-10-21,42900.0,C,7190.0,settlement,7190.0,7090.0,7280.0,15,0.0410958904109589,TX,50082.0,202610,same expiry TX 202610,0.3302228681046151,False,False
2026-10-06,202610,2026-10-21,42900.0,P,27.5,settlement,27.5,26.5,27.5,15,0.0410958904109589,TX,50082.0,202610,same expiry TX 202610,0.3758140896762662,True,True
2026-10-06,202610,2026-10-21,43000.0,C,7090.0,settlement,7090.0,7010.0,7180.0,15,0.0410958904109589,TX,50082.0,202610,same expiry TX 202610,0.3256828555835848,False,False
2026-10-06,202610,2026-10-21,43000.0,P,28.0,settlement,28.0,27.0,28.0,15,0.0410958904109589,TX,50082.0,202610,same expiry TX 202610,0.3719950147027558,True,True
2026-10-06,202610,2026-10-21,43100.0,C,6990.0,settlement,6990.0,,7070.0,15,0.0410958904109589,TX,50082.0,202610,same expiry TX 202610,0.32115041087634266,False,False
2026-10-06,202610,2026-10-21,43100.0,P,28.0,settlement,28.0,27.5,28.0,15,0.0410958904109589,TX,50082.0,202610,same expiry TX 202610,0.36713422700132436,True,True
2026-10-06,202610,2026-10-21,43200.0,C,6890.0,settlement,6890.0,,6970.0,15,0.0410958904109589,TX,50082.0,202610,same expiry TX 202610,0.31662541849771264,False,False
2026-10-06,202610,2026-10-21,43200.0,P,29.0,settlement,29.0,28.0,29.0,15,0.0410958904109589,TX,50082.0,202610,same expiry TX 202610,0.3642726038158927,True,True
2026-10-06,202610,2026-10-21,43300.0,C,6790.0,settlement,6790.0,,6870.0,15,0.0410958904109589,TX,50082.0,202610,same expiry TX 202610,0.3121077608280728,False,False
2026-10-06,202610,2026-10-21,43300.0,P,30.0,settlement,30.0,29.0,30.0,15,0.0410958904109589,TX,50082.0,202610,same expiry TX 202610,0.36133131935988166,True,True
2026-10-06,202610,2026-10-21,43400.0,C,6690.0,settlement,6690.0,,6770.0,15,0.0410958904109589,TX,50082.0,202610,same expiry TX 202610,0.30759731798391005,False,False
2026-10-06,202610,2026-10-21,43400.0,P,30.0,settlement,30.0,29.5,30.0,15,0.0410958904109589,TX,50082.0,202610,same expiry TX 202610,0.35644133503420844,True,True
2026-10-06,202610,2026-10-21,43500.0,C,6590.0,settlement,6590.0,6500.0,6960.0,15,0.0410958904109589,TX,50082.0,202610,same expiry TX 202610,0.30309396768040375,False,False
2026-10-06,202610,2026-10-21,43500.0,P,30.5,settlement,30.5,30.0,31.0,15,0.0410958904109589,TX,50082.0,202610,same expiry TX 202610,0.3524860506013373,True,True
2026-10-06,202610,2026-10-21,43600.0,C,6490.0,settlement,6490.0,6400.0,6900.0,15,0.0410958904109589,TX,50082.0,202610,same expiry TX 202610,0.29859758508490986,False,False
2026-10-06,202610,2026-10-21,43600.0,P,31.5,settlement,31.5,30.5,31.5,15,0.0410958904109589,TX,50082.0,202610,same expiry TX 202610,0.349407804254498,True,True
2026-10-06,202610,2026-10-21,43700.0,C,6400.0,settlement,6400.0,6310.0,6750.0,15,0.0410958904109589,TX,50082.0,202610,same expiry TX 202610,0.32255169960225744,False,False
2026-10-06,202610,2026-10-21,43700.0,P,32.5,settlement,32.5,31.5,32.5,15,0.0410958904109589,TX,50082.0,202610,same expiry TX 202610,0.34625872267454705,True,True
2026-10-06,202610,2026-10-21,43800.0,C,6300.0,settlement,6300.0,5840.0,6660.0,15,0.0410958904109589,TX,50082.0,202610,same expiry TX 202610,0.31779304371720896,False,False
2026-10-06,202610,2026-10-21,43800.0,P,33.0,settlement,33.0,32.0,33.0,15,0.0410958904109589,TX,50082.0,202610,same expiry TX 202610,0.34219126957117785,True,True
2026-10-06,202610,2026-10-21,43900.0,C,6200.0,settlement,6200.0,6100.0,6560.0,15,0.0410958904109589,TX,50082.0,202610,same expiry TX 202610,0.31303943475659046,False,False
2026-10-06,202610,2026-10-21,43900.0,P,34.0,settlement,34.0,33.0,34.0,15,0.0410958904109589,TX,50082.0,202610,same expiry TX 202610,0.3389332288005319,True,True
2026-10-06,202610,2026-10-21,44000.0,C,6100.0,settlement,6100.0,6000.0,6460.0,15,0.0410958904109589,TX,50082.0,202610,same expiry TX 202610,0.3082906995734287,False,False
2026-10-06,202610,2026-10-21,44000.0,P,34.5,settlement,34.5,33.5,34.5,15,0.0410958904109589,TX,50082.0,202610,same expiry TX 202610,0.3348014043228057,True,True
2026-10-06,202610,2026-10-21,44100.0,C,6000.0,settlement,6000.0,5890.0,6360.0,15,0.0410958904109589,TX,50082.0,202610,same expiry TX 202610,0.303546660361925,False,False
2026-10-06,202610,2026-10-21,44100.0,P,35.0,settlement,35.0,34.5,35.5,15,0.0410958904109589,TX,50082.0,202610,same expiry TX 202610,0.3306463886833441,True,True
2026-10-06,202610,2026-10-21,44200.0,C,5900.0,settlement,5900.0,5800.0,5980.0,15,0.0410958904109589,TX,50082.0,202610,same expiry TX 202610,0.29880713436793793,False,False
2026-10-06,202610,2026-10-21,44200.0,P,35.5,settlement,35.5,35.5,36.5,15,0.0410958904109589,TX,50082.0,202610,same expiry TX 202610,0.3264683649469511,True,True
2026-10-06,202610,2026-10-21,44300.0,C,5800.0,settlement,5800.0,,5880.0,15,0.0410958904109589,TX,50082.0,202610,same expiry TX 202610,0.2940719335858796,False,False
2026-10-06,202610,2026-10-21,44300.0,P,36.5,settlement,36.5,36.5,37.5,15,0.0410958904109589,TX,50082.0,202610,same expiry TX 202610,0.32303027701043513,True,True
2026-10-06,202610,2026-10-21,44400.0,C,5700.0,settlement,5700.0,5600.0,5780.0,15,0.0410958904109589,TX,50082.0,202610,same expiry TX 202610,0.2893408644299158,False,False
2026-10-06,202610,2026-10-21,44400.0,P,37.0,settlement,37.0,37.5,38.5,15,0.0410958904109589,TX,50082.0,202610,same expiry TX 202610,0.3187916844284004,True,True
2026-10-06,202610,2026-10-21,44500.0,C,5600.0,settlement,5600.0,5490.0,5960.0,15,0.0410958904109589,TX,50082.0,202610,same expiry TX 202610,0.28461372738074137,False,False
2026-10-06,202610,2026-10-21,44500.0,P,38.5,settlement,38.5,38.5,39.5,15,0.0410958904109589,TX,50082.0,202610,same expiry TX 202610,0.3159795951820615,True,True
2026-10-06,202610,2026-10-21,44600.0,C,5500.0,settlement,5500.0,5400.0,5860.0,15,0.0410958904109589,TX,50082.0,202610,same expiry TX 202610,0.2798903166049406,False,False
2026-10-06,202610,2026-10-21,44600.0,P,39.0,settlement,39.0,39.5,40.5,15,0.0410958904109589,TX,50082.0,202610,same expiry TX 202610,0.3116682116656949,True,True
2026-10-06,202610,2026-10-21,44700.0,C,5410.0,settlement,5410.0,5120.0,5800.0,15,0.0410958904109589,TX,50082.0,202610,same expiry TX 202610,0.29345831341954637,False,False
2026-10-06,202610,2026-10-21,44700.0,P,41.5,settlement,41.5,40.5,41.5,15,0.0410958904109589,TX,50082.0,202610,same expiry TX 202610,0.3100596554035607,True,True
2026-10-06,202610,2026-10-21,44800.0,C,5310.0,settlement,5310.0,5220.0,5670.0,15,0.0410958904109589,TX,50082.0,202610,same expiry TX 202610,0.2885279982732689,False,False
2026-10-06,202610,2026-10-21,44800.0,P,43.0,settlement,43.0,42.0,43.0,15,0.0410958904109589,TX,50082.0,202610,same expiry TX 202610,0.3069608199967551,True,True
2026-10-06,202610,2026-10-21,44900.0,C,5210.0,settlement,5210.0,5120.0,5570.0,15,0.0410958904109589,TX,50082.0,202610,same expiry TX 202610,0.28359968134736463,False,False
2026-10-06,202610,2026-10-21,44900.0,P,44.0,settlement,44.0,43.0,44.0,15,0.0410958904109589,TX,50082.0,202610,same expiry TX 202610,0.30314354352071493,True,True
2026-10-06,202610,2026-10-21,45000.0,C,5110.0,settlement,5110.0,5000.0,5170.0,15,0.0410958904109589,TX,50082.0,202610,same expiry TX 202610,0.27867309524620115,False,False
2026-10-06,202610,2026-10-21,45000.0,P,44.5,settlement,44.5,44.5,45.5,15,0.0410958904109589,TX,50082.0,202610,same expiry TX 202610,0.29865851570296964,True,True
2026-10-06,202610,2026-10-21,45100.0,C,5010.0,settlement,5010.0,4910.0,5090.0,15,0.0410958904109589,TX,50082.0,202610,same expiry TX 202610,0.2737479624568833,False,False
2026-10-06,202610,2026-10-21,45100.0,P,47.0,settlement,47.0,46.0,47.0,15,0.0410958904109589,TX,50082.0,202610,same expiry TX 202610,0.2965610205681148,True,True
2026-10-06,202610,2026-10-21,45200.0,C,4910.0,settlement,4910.0,0.2,4990.0,15,0.0410958904109589,TX,50082.0,202610,same expiry TX 202610,0.26882399464306467,False,False
2026-10-06,202610,2026-10-21,45200.0,P,48.5,settlement,48.5,47.5,48.5,15,0.0410958904109589,TX,50082.0,202610,same expiry TX 202610,0.2931500127234914,True,True
2026-10-06,202610,2026-10-21,45300.0,C,4810.0,settlement,4810.0,0.2,4890.0,15,0.0410958904109589,TX,50082.0,202610,same expiry TX 202610,0.2639008918737716,False,False
2026-10-06,202610,2026-10-21,45300.0,P,49.0,settlement,49.0,49.0,50.0,15,0.0410958904109589,TX,50082.0,202610,same expiry TX 202610,0.288537178419787,True,True
2026-10-06,202610,2026-10-21,45400.0,C,4720.0,settlement,4720.0,0.2,4790.0,15,0.0410958904109589,TX,50082.0,202610,same expiry TX 202610,0.2726120847407602,False,False
2026-10-06,202610,2026-10-21,45400.0,P,51.0,settlement,51.0,50.0,52.0,15,0.0410958904109589,TX,50082.0,202610,same expiry TX 202610,0.2855567606963406,True,True
2026-10-06,202610,2026-10-21,45500.0,C,4620.0,settlement,4620.0,4530.0,4980.0,15,0.0410958904109589,TX,50082.0,202610,same expiry TX 202610,0.26751187352106803,False,False
2026-10-06,202610,2026-10-21,45500.0,P,52.0,settlement,52.0,52.0,54.0,15,0.0410958904109589,TX,50082.0,202610,same expiry TX 202610,0.28140756118894794,True,True
2026-10-06,202610,2026-10-21,45600.0,C,4520.0,settlement,4520.0,4240.0,4890.0,15,0.0410958904109589,TX,50082.0,202610,same expiry TX 202610,0.26241060244237774,False,False
2026-10-06,202610,2026-10-21,45600.0,P,56.0,settlement,56.0,54.0,55.0,15,0.0410958904109589,TX,50082.0,202610,same expiry TX 202610,0.28029202917527696,True,True
2026-10-06,202610,2026-10-21,45700.0,C,4420.0,settlement,4420.0,4330.0,4780.0,15,0.0410958904109589,TX,50082.0,202610,same expiry TX 202610,0.2573078822218669,False,False
2026-10-06,202610,2026-10-21,45700.0,P,57.0,settlement,57.0,56.0,58.0,15,0.0410958904109589,TX,50082.0,202610,same expiry TX 202610,0.27598603190748017,True,True
2026-10-06,202610,2026-10-21,45800.0,C,4320.0,settlement,4320.0,4160.0,4680.0,15,0.0410958904109589,TX,50082.0,202610,same expiry TX 202610,0.25220330514475775,False,False
2026-10-06,202610,2026-10-21,45800.0,P,60.0,settlement,60.0,58.0,60.0,15,0.0410958904109589,TX,50082.0,202610,same expiry TX 202610,0.2735508751527863,True,True
2026-10-06,202610,2026-10-21,45900.0,C,4230.0,settlement,4230.0,7.3,4300.0,15,0.0410958904109589,TX,50082.0,202610,same expiry TX 202610,0.25809722830679815,False,False
2026-10-06,202610,2026-10-21,45900.0,P,61.0,settlement,61.0,61.0,63.0,15,0.0410958904109589,TX,50082.0,202610,same expiry TX 202610,0.2691207988254334,True,True
2026-10-06,202610,2026-10-21,46000.0,C,4130.0,settlement,4130.0,3640.0,4200.0,15,0.0410958904109589,TX,50082.0,202610,same expiry TX 202610,0.25283293490336733,False,False
2026-10-06,202610,2026-10-21,46000.0,P,63.0,settlement,63.0,63.0,65.0,15,0.0410958904109589,TX,50082.0,202610,same expiry TX 202610,0.2655524727730292,True,True
2026-10-06,202610,2026-10-21,46100.0,C,4050.0,settlement,4050.0,3480.0,4090.0,15,0.0410958904109589,TX,50082.0,202610,same expiry TX 202610,0.26585859508400894,False,False
2026-10-06,202610,2026-10-21,46100.0,P,67.0,settlement,67.0,66.0,68.0,15,0.0410958904109589,TX,50082.0,202610,same expiry TX 202610,0.26362364524804277,True,True
2026-10-06,202610,2026-10-21,46200.0,C,3950.0,settlement,3950.0,3320.0,4070.0,15,0.0410958904109589,TX,50082.0,202610,same expiry TX 202610,0.26032627179682893,False,False
2026-10-06,202610,2026-10-21,46200.0,P,70.0,settlement,70.0,69.0,71.0,15,0.0410958904109589,TX,50082.0,202610,same expiry TX 202610,0.26066099658087677,True,True
2026-10-06,202610,2026-10-21,46300.0,C,3850.0,settlement,3850.0,3730.0,4200.0,15,0.0410958904109589,TX,50082.0,202610,same expiry TX 202610,0.2547871755869957,False,False
2026-10-06,202610,2026-10-21,46300.0,P,74.0,settlement,74.0,72.0,74.0,15,0.0410958904109589,TX,50082.0,202610,same expiry TX 202610,0.25835776016705964,True,True
2026-10-06,202610,2026-10-21,46400.0,C,3750.0,settlement,3750.0,3130.0,3850.0,15,0.0410958904109589,TX,50082.0,202610,same expiry TX 202610,0.2492406424889497,False,False
2026-10-06,202610,2026-10-21,46400.0,P,77.0,settlement,77.0,75.0,77.0,15,0.0410958904109589,TX,50082.0,202610,same expiry TX 202610,0.2551056561434608,True,True
2026-10-06,202610,2026-10-21,46500.0,C,3650.0,settlement,3650.0,3160.0,3700.0,15,0.0410958904109589,TX,50082.0,202610,same expiry TX 202610,0.24368596894984346,False,False
2026-10-06,202610,2026-10-21,46500.0,P,78.0,settlement,78.0,79.0,81.0,15,0.0410958904109589,TX,50082.0,202610,same expiry TX 202610,0.25024604228106584,True,True
2026-10-06,202610,2026-10-21,46600.0,C,3550.0,settlement,3550.0,3200.0,3660.0,15,0.0410958904109589,TX,50082.0,202610,same expiry TX 202610,0.23812240808929824,False,False
2026-10-06,202610,2026-10-21,46600.0,P,85.0,settlement,85.0,83.0,85.0,15,0.0410958904109589,TX,50082.0,202610,same expiry TX 202610,0.24965948219740186,True,True
2026-10-06,202610,2026-10-21,46700.0,C,3450.0,settlement,3450.0,2850.0,3550.0,15,0.0410958904109589,TX,50082.0,202610,same expiry TX 202610,0.23254916549286536,False,False
2026-10-06,202610,2026-10-21,46700.0,P,89.0,settlement,89.0,88.0,89.0,15,0.0410958904109589,TX,50082.0,202610,same expiry TX 202610,0.24668991041052585,True,True
2026-10-06,202610,2026-10-21,46800.0,C,3360.0,settlement,3360.0,3020.0,3450.0,15,0.0410958904109589,TX,50082.0,202610,same expiry TX 202610,0.23427603402870112,False,False
2026-10-06,202610,2026-10-21,46800.0,P,92.0,settlement,92.0,92.0,94.0,15,0.0410958904109589,TX,50082.0,202610,same expiry TX 202610,0.2429084502887835,True,True
2026-10-06,202610,2026-10-21,46900.0,C,3260.0,settlement,3260.0,3180.0,3360.0,15,0.0410958904109589,TX,50082.0,202610,same expiry TX 202610,0.228564370373966,False,False
2026-10-06,202610,2026-10-21,46900.0,P,97.0,settlement,97.0,95.0,99.0,15,0.0410958904109589,TX,50082.0,202610,same expiry TX 202610,0.24029331671415002,True,True
2026-10-06,202610,2026-10-21,47000.0,C,3170.0,settlement,3170.0,2820.0,3260.0,15,0.0410958904109589,TX,50082.0,202610,same expiry TX 202610,0.2294972694087658,False,False
2026-10-06,202610,2026-10-21,47000.0,P,102.0,settlement,102.0,102.0,105.0,15,0.0410958904109589,TX,50082.0,202610,same expiry TX 202610,0.2374878177696497,True,True
2026-10-06,202610,2026-10-21,47100.0,C,3070.0,settlement,3070.0,2740.0,3220.0,15,0.0410958904109589,TX,50082.0,202610,same expiry TX 202610,0.22364921177179242,False,False
2026-10-06,202610,2026-10-21,47100.0,P,109.0,settlement,109.0,108.0,111.0,15,0.0410958904109589,TX,50082.0,202610,same expiry TX 202610,0.23566901929948053,True,True
2026-10-06,202610,2026-10-21,47200.0,C,2980.0,settlement,2980.0,2380.0,3080.0,15,0.0410958904109589,TX,50082.0,202610,same expiry TX 202610,0.22389786521493737,False,False
2026-10-06,202610,2026-10-21,47200.0,P,118.0,settlement,118.0,115.0,118.0,15,0.0410958904109589,TX,50082.0,202610,same expiry TX 202610,0.23469498250426174,True,True
2026-10-06,202610,2026-10-21,47300.0,C,2890.0,settlement,2890.0,2540.0,2990.0,15,0.0410958904109589,TX,50082.0,202610,same expiry TX 202610,0.2236580223251244,False,False
2026-10-06,202610,2026-10-21,47300.0,P,123.0,settlement,123.0,122.0,125.0,15,0.0410958904109589,TX,50082.0,202610,same expiry TX 202610,0.23125286641671045,True,True
2026-10-06,202610,2026-10-21,47400.0,C,2800.0,settlement,2800.0,2690.0,2970.0,15,0.0410958904109589,TX,50082.0,202610,same expiry TX 202610,0.2229849381906486,False,False
2026-10-06,202610,2026-10-21,47400.0,P,124.0,settlement,124.0,130.0,133.0,15,0.0410958904109589,TX,50082.0,202610,same expiry TX 202610,0.2255731389939653,True,True
2026-10-06,202610,2026-10-21,47500.0,C,2710.0,settlement,2710.0,2230.0,2770.0,15,0.0410958904109589,TX,50082.0,202610,same expiry TX 202610,0.22192156953054934,False,False
2026-10-06,202610,2026-10-21,47500.0,P,134.0,settlement,134.0,137.0,141.0,15,0.0410958904109589,TX,50082.0,202610,same expiry TX 202610,0.2244059203014534,True,True
2026-10-06,202610,2026-10-21,47600.0,C,2610.0,settlement,2610.0,2290.0,2700.0,15,0.0410958904109589,TX,50082.0,202610,same expiry TX 202610,0.21559302600917607,False,False
2026-10-06,202610,2026-10-21,47600.0,P,149.0,settlement,149.0,148.0,152.0,15,0.0410958904109589,TX,50082.0,202610,same expiry TX 202610,0.22526396421046851,True,True
2026-10-06,202610,2026-10-21,47700.0,C,2550.0,settlement,2550.0,2230.0,2590.0,15,0.0410958904109589,TX,50082.0,202610,same expiry TX 202610,0.22779308202413306,False,False
2026-10-06,202610,2026-10-21,47700.0,P,155.0,settlement,155.0,158.0,162.0,15,0.0410958904109589,TX,50082.0,202610,same expiry TX 202610,0.2215199146007988,True,True
2026-10-06,202610,2026-10-21,47800.0,C,2450.0,settlement,2450.0,2090.0,2500.0,15,0.0410958904109589,TX,50082.0,202610,same expiry TX 202610,0.22109007526351196,False,False
2026-10-06,202610,2026-10-21,47800.0,P,173.0,settlement,173.0,170.0,174.0,15,0.0410958904109589,TX,50082.0,202610,same expiry TX 202610,0.22284781221444427,True,True
2026-10-06,202610,2026-10-21,47900.0,C,2350.0,settlement,2350.0,1880.0,2420.0,15,0.0410958904109589,TX,50082.0,202610,same expiry TX 202610,0.21435114397548102,False,False
2026-10-06,202610,2026-10-21,47900.0,P,185.0,settlement,185.0,182.0,186.0,15,0.0410958904109589,TX,50082.0,202610,same expiry TX 202610,0.22112109871932856,True,True
2026-10-06,202610,2026-10-21,48000.0,C,2250.0,settlement,2250.0,2190.0,2330.0,15,0.0410958904109589,TX,50082.0,202610,same expiry TX 202610,0.20757339605227038,False,False
2026-10-06,202610,2026-10-21,48000.0,P,196.0,settlement,196.0,196.0,201.0,15,0.0410958904109589,TX,50082.0,202610,same expiry TX 202610,0.21867834896785734,True,True
2026-10-06,202610,2026-10-21,48100.0,C,2170.0,settlement,2170.0,2150.0,2230.0,15,0.0410958904109589,TX,50082.0,202610,same expiry TX 202610,0.20884539572973054,False,False
2026-10-06,202610,2026-10-21,48100.0,P,211.0,settlement,211.0,210.0,215.0,15,0.0410958904109589,TX,50082.0,202610,same expiry TX 202610,0.2175005298189005,True,True
2026-10-06,202610,2026-10-21,48200.0,C,2090.0,settlement,2090.0,1760.0,2170.0,15,0.0410958904109589,TX,50082.0,202610,same expiry TX 202610,0.20951617649834564,False,False
2026-10-06,202610,2026-10-21,48200.0,P,235.0,settlement,235.0,227.0,232.0,15,0.0410958904109589,TX,50082.0,202610,same expiry TX 202610,0.21925662207765803,True,True
2026-10-06,202610,2026-10-21,48300.0,C,1990.0,settlement,1990.0,1740.0,2080.0,15,0.0410958904109589,TX,50082.0,202610,same expiry TX 202610,0.20231840838205065,False,False
2026-10-06,202610,2026-10-21,48300.0,P,242.0,settlement,242.0,244.0,249.0,15,0.0410958904109589,TX,50082.0,202610,same expiry TX 202610,0.21441128476464855,True,True
2026-10-06,202610,2026-10-21,48400.0,C,1930.0,settlement,1930.0,1470.0,2010.0,15,0.0410958904109589,TX,50082.0,202610,same expiry TX 202610,0.20929488834597984,False,False
2026-10-06,202610,2026-10-21,48400.0,P,252.0,settlement,252.0,263.0,269.0,15,0.0410958904109589,TX,50082.0,202610,same expiry TX 202610,0.2104427627735744,True,True
2026-10-06,202610,2026-10-21,48500.0,C,1850.0,settlement,1850.0,1560.0,1910.0,15,0.0410958904109589,TX,50082.0,202610,same expiry TX 202610,0.20848909130149845,False,False
2026-10-06,202610,2026-10-21,48500.0,P,284.0,settlement,284.0,285.0,291.0,15,0.0410958904109589,TX,50082.0,202610,same expiry TX 202610,0.2135954031367428,True,True
2026-10-06,202610,2026-10-21,48600.0,C,1770.0,settlement,1770.0,1440.0,1820.0,15,0.0410958904109589,TX,50082.0,202610,same expiry TX 202610,0.20726144481586117,False,False
2026-10-06,202610,2026-10-21,48600.0,P,295.0,settlement,295.0,306.0,311.0,15,0.0410958904109589,TX,50082.0,202610,same expiry TX 202610,0.20932573964659953,True,True
2026-10-06,202610,2026-10-21,48700.0,C,1700.0,settlement,1700.0,1640.0,1760.0,15,0.0410958904109589,TX,50082.0,202610,same expiry TX 202610,0.20876216141376236,False,False
2026-10-06,202610,2026-10-21,48700.0,P,334.0,settlement,334.0,330.0,336.0,15,0.0410958904109589,TX,50082.0,202610,same expiry TX 202610,0.21354952191975216,True,True
2026-10-06,202610,2026-10-21,48800.0,C,1620.0,settlement,1620.0,1330.0,1690.0,15,0.0410958904109589,TX,50082.0,202610,same expiry TX 202610,0.20666464770883441,False,False
2026-10-06,202610,2026-10-21,48800.0,P,360.0,settlement,360.0,356.0,362.0,15,0.0410958904109589,TX,50082.0,202610,same expiry TX 202610,0.21313573256899643,True,True
2026-10-06,202610,2026-10-21,48900.0,C,1550.0,settlement,1550.0,1250.0,1610.0,15,0.0410958904109589,TX,50082.0,202610,same expiry TX 202610,0.2071514404649297,False,False
2026-10-06,202610,2026-10-21,48900.0,P,374.0,settlement,374.0,381.0,388.0,15,0.0410958904109589,TX,50082.0,202610,same expiry TX 202610,0.2087701273953307,True,True
2026-10-06,202610,2026-10-21,49000.0,C,1480.0,settlement,1480.0,1390.0,1540.0,15,0.0410958904109589,TX,50082.0,202610,same expiry TX 202610,0.2071330099013379,False,False
2026-10-06,202610,2026-10-21,49000.0,P,398.0,settlement,398.0,411.0,418.0,15,0.0410958904109589,TX,50082.0,202610,same expiry TX 202610,0.20700587941458937,True,True
2026-10-06,202610,2026-10-21,49100.0,C,1410.0,settlement,1410.0,1400.0,1420.0,15,0.0410958904109589,TX,50082.0,202610,same expiry TX 202610,0.20663831126593943,False,False
2026-10-06,202610,2026-10-21,49100.0,P,445.0,settlement,445.0,441.0,448.0,15,0.0410958904109589,TX,50082.0,202610,same expiry TX 202610,0.2112575163026692,True,True
2026-10-06,202610,2026-10-21,49200.0,C,1330.0,settlement,1330.0,1330.0,1350.0,15,0.0410958904109589,TX,50082.0,202610,same expiry TX 202610,0.20295614541425427,False,False
2026-10-06,202610,2026-10-21,49200.0,P,485.0,settlement,485.0,474.0,482.0,15,0.0410958904109589,TX,50082.0,202610,same expiry TX 202610,0.21293699748810613,True,True
2026-10-06,202610,2026-10-21,49300.0,C,1290.0,settlement,1290.0,1270.0,1290.0,15,0.0410958904109589,TX,50082.0,202610,same expiry TX 202610,0.20964312765202037,False,False
2026-10-06,202610,2026-10-21,49300.0,P,515.0,settlement,515.0,505.0,515.0,15,0.0410958904109589,TX,50082.0,202610,same expiry TX 202610,0.2114231320382943,True,True
2026-10-06,202610,2026-10-21,49400.0,C,1200.0,settlement,1200.0,1210.0,1220.0,15,0.0410958904109589,TX,50082.0,202610,same expiry TX 202610,0.20248208287024205,False,False
2026-10-06,202610,2026-10-21,49400.0,P,540.0,settlement,540.0,545.0,555.0,15,0.0410958904109589,TX,50082.0,202610,same expiry TX 202610,0.20818608261787921,True,True
2026-10-06,202610,2026-10-21,49500.0,C,1150.0,settlement,1150.0,1150.0,1160.0,15,0.0410958904109589,TX,50082.0,202610,same expiry TX 202610,0.2054148234284985,False,False
2026-10-06,202610,2026-10-21,49500.0,P,560.0,settlement,560.0,585.0,595.0,15,0.0410958904109589,TX,50082.0,202610,same expiry TX 202610,0.20328428477876637,True,True
2026-10-06,202610,2026-10-21,49600.0,C,1080.0,settlement,1080.0,1080.0,1100.0,15,0.0410958904109589,TX,50082.0,202610,same expiry TX 202610,0.2026822414797956,False,False
2026-10-06,202610,2026-10-21,49600.0,P,625.0,settlement,625.0,625.0,635.0,15,0.0410958904109589,TX,50082.0,202610,same expiry TX 202610,0.20951641527309586,True,True
2026-10-06,202610,2026-10-21,49700.0,C,1040.0,settlement,1040.0,1030.0,1050.0,15,0.0410958904109589,TX,50082.0,202610,same expiry TX 202610,0.2071021338360918,False,False
2026-10-06,202610,2026-10-21,49700.0,P,670.0,settlement,670.0,665.0,675.0,15,0.0410958904109589,TX,50082.0,202610,same expiry TX 202610,0.2100877247472085,True,True
2026-10-06,202610,2026-10-21,49800.0,C,1000.0,settlement,1000.0,975.0,985.0,15,0.0410958904109589,TX,50082.0,202610,same expiry TX 202610,0.21096206636591544,False,False
2026-10-06,202610,2026-10-21,49800.0,P,690.0,settlement,690.0,710.0,720.0,15,0.0410958904109589,TX,50082.0,202610,same expiry TX 202610,0.203933329958188,True,True
2026-10-06,202610,2026-10-21,49900.0,C,925.0,settlement,925.0,920.0,930.0,15,0.0410958904109589,TX,50082.0,202610,same expiry TX 202610,0.2056090065724598,False,False
2026-10-06,202610,2026-10-21,49900.0,P,755.0,settlement,755.0,755.0,765.0,15,0.0410958904109589,TX,50082.0,202610,same expiry TX 202610,0.20857160877643435,True,True
2026-10-06,202610,2026-10-21,50000.0,C,880.0,settlement,880.0,870.0,880.0,15,0.0410958904109589,TX,50082.0,202610,same expiry TX 202610,0.20726013717952121,False,False
2026-10-06,202610,2026-10-21,50000.0,P,780.0,settlement,780.0,805.0,815.0,15,0.0410958904109589,TX,50082.0,202610,same expiry TX 202610,0.20279783097038373,True,True
2026-10-06,202610,2026-10-21,50100.0,C,830.0,settlement,830.0,820.0,830.0,15,0.0410958904109589,TX,50082.0,202610,same expiry TX 202610,0.20719801637616658,True,True
2026-10-06,202610,2026-10-21,50100.0,P,835.0,settlement,835.0,855.0,865.0,15,0.0410958904109589,TX,50082.0,202610,same expiry TX 202610,0.20398867308321922,False,False
2026-10-06,202610,2026-10-21,50200.0,C,785.0,settlement,785.0,770.0,785.0,15,0.0410958904109589,TX,50082.0,202610,same expiry TX 202610,0.20790364707645728,True,True
2026-10-06,202610,2026-10-21,50200.0,P,895.0,settlement,895.0,905.0,915.0,15,0.0410958904109589,TX,50082.0,202610,same expiry TX 202610,0.20593845265953012,False,False
2026-10-06,202610,2026-10-21,50300.0,C,740.0,settlement,740.0,730.0,740.0,15,0.0410958904109589,TX,50082.0,202610,same expiry TX 202610,0.2081459568564603,True,True
2026-10-06,202610,2026-10-21,50300.0,P,960.0,settlement,960.0,960.0,970.0,15,0.0410958904109589,TX,50082.0,202610,same expiry TX 202610,0.2086637943031078,False,False
2026-10-06,202610,2026-10-21,50400.0,C,690.0,settlement,690.0,685.0,695.0,15,0.0410958904109589,TX,50082.0,202610,same expiry TX 202610,0.20668047601604397,True,True
2026-10-06,202610,2026-10-21,50400.0,P,1010.0,settlement,1010.0,1010.0,1040.0,15,0.0410958904109589,TX,50082.0,202610,same expiry TX 202610,0.20721119588045428,False,False
2026-10-06,202610,2026-10-21,50500.0,C,650.0,settlement,650.0,640.0,650.0,15,0.0410958904109589,TX,50082.0,202610,same expiry TX 202610,0.2072390859386749,True,True
2026-10-06,202610,2026-10-21,50500.0,P,1060.0,settlement,1060.0,735.0,1080.0,15,0.0410958904109589,TX,50082.0,202610,same expiry TX 202610,0.20527471592190852,False,False
2026-10-06,202610,2026-10-21,50600.0,C,630.0,settlement,630.0,600.0,610.0,15,0.0410958904109589,TX,50082.0,202610,same expiry TX 202610,0.21240393406828514,True,True
2026-10-06,202610,2026-10-21,50600.0,P,1160.0,settlement,1160.0,1090.0,1480.0,15,0.0410958904109589,TX,50082.0,202610,same expiry TX 202610,0.2154913483600985,False,False
2026-10-06,202610,2026-10-21,50700.0,C,565.0,settlement,565.0,565.0,575.0,15,0.0410958904109589,TX,50082.0,202610,same expiry TX 202610,0.20570256180261137,True,True
2026-10-06,202610,2026-10-21,50700.0,P,1200.0,settlement,1200.0,1190.0,1220.0,15,0.0410958904109589,TX,50082.0,202610,same expiry TX 202610,0.21012229666282523,False,False
2026-10-06,202610,2026-10-21,50800.0,C,525.0,settlement,525.0,530.0,540.0,15,0.0410958904109589,TX,50082.0,202610,same expiry TX 202610,0.20485265230644667,True,True
2026-10-06,202610,2026-10-21,50800.0,P,1260.0,settlement,1260.0,1250.0,1280.0,15,0.0410958904109589,TX,50082.0,202610,same expiry TX 202610,0.2093460895239909,False,False
2026-10-06,202610,2026-10-21,50900.0,C,510.0,settlement,510.0,495.0,505.0,15,0.0410958904109589,TX,50082.0,202610,same expiry TX 202610,0.21010922116817493,True,True
2026-10-06,202610,2026-10-21,50900.0,P,1330.0,settlement,1330.0,1320.0,1350.0,15,0.0410958904109589,TX,50082.0,202610,same expiry TX 202610,0.21072451702535974,False,False
2026-10-06,202610,2026-10-21,51000.0,C,480.0,settlement,480.0,463.0,470.0,15,0.0410958904109589,TX,50082.0,202610,same expiry TX 202610,0.21105795439511638,True,True
2026-10-06,202610,2026-10-21,51000.0,P,1390.0,settlement,1390.0,1340.0,1530.0,15,0.0410958904109589,TX,50082.0,202610,same expiry TX 202610,0.20901397899674637,False,False
2026-10-06,202610,2026-10-21,51100.0,C,440.0,settlement,440.0,432.0,440.0,15,0.0410958904109589,TX,50082.0,202610,same expiry TX 202610,0.208855780725889,True,True
2026-10-06,202610,2026-10-21,51100.0,P,1460.0,settlement,1460.0,1450.0,1490.0,15,0.0410958904109589,TX,50082.0,202610,same expiry TX 202610,0.20951771620909626,False,False
2026-10-06,202610,2026-10-21,51200.0,C,395.0,settlement,395.0,403.0,409.0,15,0.0410958904109589,TX,50082.0,202610,same expiry TX 202610,0.20468984707890406,True,True
2026-10-06,202610,2026-10-21,51200.0,P,1530.0,settlement,1530.0,1480.0,1620.0,15,0.0410958904109589,TX,50082.0,202610,same expiry TX 202610,0.20958822146554548,False,False
2026-10-06,202610,2026-10-21,51300.0,C,376.0,settlement,376.0,376.0,383.0,15,0.0410958904109589,TX,50082.0,202610,same expiry TX 202610,0.2073426440667193,True,True
2026-10-06,202610,2026-10-21,51300.0,P,1610.0,settlement,1610.0,1600.0,1630.0,15,0.0410958904109589,TX,50082.0,202610,same expiry TX 202610,0.21206814315112738,False,False
2026-10-06,202610,2026-10-21,51400.0,C,362.0,settlement,362.0,349.0,355.0,15,0.0410958904109589,TX,50082.0,202610,same expiry TX 202610,0.2111344055995057,True,True
2026-10-06,202610,2026-10-21,51400.0,P,1680.0,settlement,1680.0,1670.0,1700.0,15,0.0410958904109589,TX,50082.0,202610,same expiry TX 202610,0.21129314844563904,False,False
2026-10-06,202610,2026-10-21,51500.0,C,344.0,settlement,344.0,325.0,332.0,15,0.0410958904109589,TX,50082.0,202610,same expiry TX 202610,0.21346260122169908,True,True
2026-10-06,202610,2026-10-21,51500.0,P,1760.0,settlement,1760.0,1740.0,1780.0,15,0.0410958904109589,TX,50082.0,202610,same expiry TX 202610,0.2130372098347852,False,False
2026-10-06,202610,2026-10-21,51600.0,C,302.0,settlement,302.0,302.0,307.0,15,0.0410958904109589,TX,50082.0,202610,same expiry TX 202610,0.20803238400917093,True,True
2026-10-06,202610,2026-10-21,51600.0,P,1830.0,settlement,1830.0,1820.0,1860.0,15,0.0410958904109589,TX,50082.0,202610,same expiry TX 202610,0.21134166343772703,False,False
2026-10-06,202610,2026-10-21,51700.0,C,270.0,settlement,270.0,281.0,287.0,15,0.0410958904109589,TX,50082.0,202610,same expiry TX 202610,0.20498009677396292,True,True
2026-10-06,202610,2026-10-21,51700.0,P,1910.0,settlement,1910.0,1900.0,1930.0,15,0.0410958904109589,TX,50082.0,202610,same expiry TX 202610,0.21229125056508213,False,False
2026-10-06,202610,2026-10-21,51800.0,C,269.0,settlement,269.0,260.0,265.0,15,0.0410958904109589,TX,50082.0,202610,same expiry TX 202610,0.2116352022337379,True,True
2026-10-06,202610,2026-10-21,51800.0,P,1990.0,settlement,1990.0,1980.0,2010.0,15,0.0410958904109589,TX,50082.0,202610,same expiry TX 202610,0.21285922712747346,False,False
2026-10-06,202610,2026-10-21,51900.0,C,230.0,settlement,230.0,241.0,246.0,15,0.0410958904109589,TX,50082.0,202610,same expiry TX 202610,0.20516102203629455,True,True
2026-10-06,202610,2026-10-21,51900.0,P,2070.0,settlement,2070.0,2010.0,,15,0.0410958904109589,TX,50082.0,202610,same expiry TX 202610,0.21302550344808377,False,False
2026-10-06,202610,2026-10-21,52000.0,C,223.0,settlement,223.0,223.0,228.0,15,0.0410958904109589,TX,50082.0,202610,same expiry TX 202610,0.20927316291085882,True,True
2026-10-06,202610,2026-10-21,52000.0,P,2150.0,settlement,2150.0,2090.0,,15,0.0410958904109589,TX,50082.0,202610,same expiry TX 202610,0.21276401683315008,False,False
2026-10-06,202610,2026-10-21,52100.0,C,214.0,settlement,214.0,206.0,211.0,15,0.0410958904109589,TX,50082.0,202610,same expiry TX 202610,0.21247334072037943,True,True
2026-10-06,202610,2026-10-21,52100.0,P,2240.0,settlement,2240.0,2170.0,2580.0,15,0.0410958904109589,TX,50082.0,202610,same expiry TX 202610,0.21570953656854305,False,False
2026-10-06,202610,2026-10-21,52200.0,C,199.0,settlement,199.0,190.0,195.0,15,0.0410958904109589,TX,50082.0,202610,same expiry TX 202610,0.21317330382145216,True,True
2026-10-06,202610,2026-10-21,52200.0,P,2300.0,settlement,2300.0,2260.0,2340.0,15,0.0410958904109589,TX,50082.0,202610,same expiry TX 202610,0.2069080433825713,False,False
2026-10-06,202610,2026-10-21,52300.0,C,184.0,settlement,184.0,176.0,179.0,15,0.0410958904109589,TX,50082.0,202610,same expiry TX 202610,0.21349549974729012,True,True
2026-10-06,202610,2026-10-21,52300.0,P,2400.0,settlement,2400.0,2290.0,2430.0,15,0.0410958904109589,TX,50082.0,202610,same expiry TX 202610,0.2130605694688438,False,False
2026-10-06,202610,2026-10-21,52400.0,C,169.0,settlement,169.0,163.0,167.0,15,0.0410958904109589,TX,50082.0,202610,same expiry TX 202610,0.21341102896304956,True,True
2026-10-06,202610,2026-10-21,52400.0,P,2490.0,settlement,2490.0,2480.0,2510.0,15,0.0410958904109589,TX,50082.0,202610,same expiry TX 202610,0.21505354916667904,False,False
2026-10-06,202610,2026-10-21,52500.0,C,155.0,settlement,155.0,149.0,153.0,15,0.0410958904109589,TX,50082.0,202610,same expiry TX 202610,0.2133206590331074,True,True
2026-10-06,202610,2026-10-21,52500.0,P,2580.0,settlement,2580.0,2510.0,,15,0.0410958904109589,TX,50082.0,202610,same expiry TX 202610,0.21678256279617208,False,False
2026-10-06,202610,2026-10-21,52600.0,C,143.0,settlement,143.0,138.0,141.0,15,0.0410958904109589,TX,50082.0,202610,same expiry TX 202610,0.21370411593899646,True,True
2026-10-06,202610,2026-10-21,52600.0,P,2670.0,settlement,2670.0,2660.0,2690.0,15,0.0410958904109589,TX,50082.0,202610,same expiry TX 202610,0.21823576810245457,False,False
2026-10-06,202610,2026-10-21,52700.0,C,131.0,settlement,131.0,127.0,131.0,15,0.0410958904109589,TX,50082.0,202610,same expiry TX 202610,0.21369385350112802,True,True
2026-10-06,202610,2026-10-21,52700.0,P,2760.0,settlement,2760.0,2690.0,,15,0.0410958904109589,TX,50082.0,202610,same expiry TX 202610,0.2193984150594648,False,False
2026-10-06,202610,2026-10-21,52800.0,C,113.0,settlement,113.0,116.0,119.0,15,0.0410958904109589,TX,50082.0,202610,same expiry TX 202610,0.21016872423500524,True,True
2026-10-06,202610,2026-10-21,52800.0,P,2850.0,settlement,2850.0,2830.0,2870.0,15,0.0410958904109589,TX,50082.0,202610,same expiry TX 202610,0.22025220007103452,False,False
2026-10-06,202610,2026-10-21,52900.0,C,106.0,settlement,106.0,106.0,109.0,15,0.0410958904109589,TX,50082.0,202610,same expiry TX 202610,0.21178050668929396,True,True
2026-10-06,202610,2026-10-21,52900.0,P,2940.0,settlement,2940.0,2920.0,2960.0,15,0.0410958904109589,TX,50082.0,202610,same expiry TX 202610,0.22077437538552558,False,False
2026-10-06,202610,2026-10-21,53000.0,C,99.0,settlement,99.0,97.0,100.0,15,0.0410958904109589,TX,50082.0,202610,same expiry TX 202610,0.21312821042098817,True,True
2026-10-06,202610,2026-10-21,53000.0,P,3030.0,settlement,3030.0,,3050.0,15,0.0410958904109589,TX,50082.0,202610,same expiry TX 202610,0.2209365008984915,False,False
2026-10-06,202610,2026-10-21,53100.0,C,89.0,settlement,89.0,89.0,92.0,15,0.0410958904109589,TX,50082.0,202610,same expiry TX 202610,0.21239512221724785,True,True
2026-10-06,202610,2026-10-21,53100.0,P,3120.0,settlement,3120.0,3110.0,3140.0,15,0.0410958904109589,TX,50082.0,202610,same expiry TX 202610,0.2207026563652894,False,False
2026-10-06,202610,2026-10-21,53200.0,C,82.0,settlement,82.0,81.0,84.0,15,0.0410958904109589,TX,50082.0,202610,same expiry TX 202610,0.2130586333969024,True,True
2026-10-06,202610,2026-10-21,53200.0,P,3210.0,settlement,3210.0,,,15,0.0410958904109589,TX,50082.0,202610,same expiry TX 202610,0.22002680965998117,False,False
2026-10-06,202610,2026-10-21,53300.0,C,75.0,settlement,75.0,75.0,77.0,15,0.0410958904109589,TX,50082.0,202610,same expiry TX 202610,0.21337507165832542,True,True
2026-10-06,202610,2026-10-21,53300.0,P,3300.0,settlement,3300.0,3240.0,,15,0.0410958904109589,TX,50082.0,202610,same expiry TX 202610,0.21884880925814673,False,False
2026-10-06,202610,2026-10-21,53400.0,C,63.0,settlement,63.0,68.0,71.0,15,0.0410958904109589,TX,50082.0,202610,same expiry TX 202610,0.20964021833014035,True,True
2026-10-06,202610,2026-10-21,53400.0,P,3400.0,settlement,3400.0,3330.0,,15,0.0410958904109589,TX,50082.0,202610,same expiry TX 202610,0.22379241606461436,False,False
2026-10-06,202610,2026-10-21,53500.0,C,61.0,settlement,61.0,63.0,65.0,15,0.0410958904109589,TX,50082.0,202610,same expiry TX 202610,0.21279743330833775,True,True
2026-10-06,202610,2026-10-21,53500.0,P,3490.0,settlement,3490.0,3420.0,,15,0.0410958904109589,TX,50082.0,202610,same expiry TX 202610,0.22190885061435328,False,False
2026-10-06,202610,2026-10-21,53600.0,C,60.0,settlement,60.0,57.0,60.0,15,0.0410958904109589,TX,50082.0,202610,same expiry TX 202610,0.21664729138368982,True,True
2026-10-06,202610,2026-10-21,53600.0,P,3590.0,settlement,3590.0,3520.0,,15,0.0410958904109589,TX,50082.0,202610,same expiry TX 202610,0.2266995699146867,False,False
2026-10-06,202610,2026-10-21,53700.0,C,53.0,settlement,53.0,53.0,55.0,15,0.0410958904109589,TX,50082.0,202610,same expiry TX 202610,0.215462611915988,True,True
2026-10-06,202610,2026-10-21,53700.0,P,3680.0,settlement,3680.0,3670.0,3700.0,15,0.0410958904109589,TX,50082.0,202610,same expiry TX 202610,0.2239895150113793,False,False
2026-10-06,202610,2026-10-21,53800.0,C,48.5,settlement,48.5,48.5,50.0,15,0.0410958904109589,TX,50082.0,202610,same expiry TX 202610,0.2159627110329331,True,True
2026-10-06,202610,2026-10-21,53800.0,P,3780.0,settlement,3780.0,,3800.0,15,0.0410958904109589,TX,50082.0,202610,same expiry TX 202610,0.22862668256476207,False,False
2026-10-06,202610,2026-10-21,53900.0,C,42.0,settlement,42.0,44.5,46.0,15,0.0410958904109589,TX,50082.0,202610,same expiry TX 202610,0.2141486930291572,True,True
2026-10-06,202610,2026-10-21,53900.0,P,3870.0,settlement,3870.0,3860.0,3890.0,15,0.0410958904109589,TX,50082.0,202610,same expiry TX 202610,0.22491225101616885,False,False
2026-10-06,202610,2026-10-21,54000.0,C,42.0,settlement,42.0,41.0,42.5,15,0.0410958904109589,TX,50082.0,202610,same expiry TX 202610,0.21844857462313208,True,True
2026-10-06,202610,2026-10-21,54000.0,P,3970.0,settlement,3970.0,3900.0,,15,0.0410958904109589,TX,50082.0,202610,same expiry TX 202610,0.22939267885361853,False,False
2026-10-06,202610,2026-10-21,54100.0,C,37.5,settlement,37.5,37.5,39.0,15,0.0410958904109589,TX,50082.0,202610,same expiry TX 202610,0.21796737546122363,True,True
2026-10-06,202610,2026-10-21,54100.0,P,4070.0,settlement,4070.0,4050.0,4090.0,15,0.0410958904109589,TX,50082.0,202610,same expiry TX 202610,0.23384918225383336,False,False
2026-10-06,202610,2026-10-21,54200.0,C,34.5,settlement,34.5,34.5,36.0,15,0.0410958904109589,TX,50082.0,202610,same expiry TX 202610,0.2187573752715608,True,True
2026-10-06,202610,2026-10-21,54200.0,P,4160.0,settlement,4160.0,4150.0,4180.0,15,0.0410958904109589,TX,50082.0,202610,same expiry TX 202610,0.22871471699953708,False,False
2026-10-06,202610,2026-10-21,54300.0,C,32.0,settlement,32.0,32.0,33.5,15,0.0410958904109589,TX,50082.0,202610,same expiry TX 202610,0.21987500128826798,True,True
2026-10-06,202610,2026-10-21,54300.0,P,4260.0,settlement,4260.0,4190.0,,15,0.0410958904109589,TX,50082.0,202610,same expiry TX 202610,0.23301031262788163,False,False
2026-10-06,202610,2026-10-21,54400.0,C,29.5,settlement,29.5,29.5,31.0,15,0.0410958904109589,TX,50082.0,202610,same expiry TX 202610,0.2207499917277923,True,True
2026-10-06,202610,2026-10-21,54400.0,P,4360.0,settlement,4360.0,4340.0,4380.0,15,0.0410958904109589,TX,50082.0,202610,same expiry TX 202610,0.23728492973515664,False,False
2026-10-06,202610,2026-10-21,54500.0,C,27.5,settlement,27.5,27.5,28.5,15,0.0410958904109589,TX,50082.0,202610,same expiry TX 202610,0.22204963848194378,True,True
2026-10-06,202610,2026-10-21,54500.0,P,4460.0,settlement,4460.0,4380.0,,15,0.0410958904109589,TX,50082.0,202610,same expiry TX 202610,0.241539046074947,False,False
2026-10-06,202610,2026-10-21,54600.0,C,25.5,settlement,25.5,25.5,26.5,15,0.0410958904109589,TX,50082.0,202610,same expiry TX 202610,0.22313838008420164,True,True
2026-10-06,202610,2026-10-21,54600.0,P,4550.0,settlement,4550.0,4480.0,,15,0.0410958904109589,TX,50082.0,202610,same expiry TX 202610,0.2343425747188553,False,False
2026-10-06,202610,2026-10-21,54700.0,C,24.0,settlement,24.0,23.5,25.0,15,0.0410958904109589,TX,50082.0,202610,same expiry TX 202610,0.224769109962504,True,True
2026-10-06,202610,2026-10-21,54700.0,P,4650.0,settlement,4650.0,4640.0,4670.0,15,0.0410958904109589,TX,50082.0,202610,same expiry TX 202610,0.23842853527967814,False,False
2026-10-06,202610,2026-10-21,54800.0,C,21.5,settlement,21.5,22.0,23.0,15,0.0410958904109589,TX,50082.0,202610,same expiry TX 202610,0.2245910064226401,True,True
2026-10-06,202610,2026-10-21,54800.0,P,4750.0,settlement,4750.0,4680.0,,15,0.0410958904109589,TX,50082.0,202610,same expiry TX 202610,0.24249663390719284,False,False
2026-10-06,202610,2026-10-21,54900.0,C,20.5,settlement,20.5,20.5,21.5,15,0.0410958904109589,TX,50082.0,202610,same expiry TX 202610,0.22666128428161358,True,True
2026-10-06,202610,2026-10-21,54900.0,P,4850.0,settlement,4850.0,4830.0,4870.0,15,0.0410958904109589,TX,50082.0,202610,same expiry TX 202610,0.2465472316180097,False,False
2026-10-06,202610,2026-10-21,55000.0,C,20.0,settlement,20.0,19.0,20.0,15,0.0410958904109589,TX,50082.0,202610,same expiry TX 202610,0.22952097570740548,True,True
2026-10-06,202610,2026-10-21,55000.0,P,4950.0,settlement,4950.0,4930.0,4970.0,15,0.0410958904109589,TX,50082.0,202610,same expiry TX 202610,0.2505806733337104,False,False
2026-10-06,202610,2026-10-21,55100.0,C,18.0,settlement,18.0,18.0,19.0,15,0.0410958904109589,TX,50082.0,202610,same expiry TX 202610,0.22949969396823097,True,True
2026-10-06,202610,2026-10-21,55100.0,P,5050.0,settlement,5050.0,4970.0,,15,0.0410958904109589,TX,50082.0,202610,same expiry TX 202610,0.25459728894540623,False,False
2026-10-06,202610,2026-10-21,55200.0,C,17.0,settlement,17.0,17.0,18.0,15,0.0410958904109589,TX,50082.0,202610,same expiry TX 202610,0.23116615167640864,True,True
2026-10-06,202610,2026-10-21,55200.0,P,5150.0,settlement,5150.0,5120.0,,15,0.0410958904109589,TX,50082.0,202610,same expiry TX 202610,0.2585973942875072,False,False
2026-10-06,202610,2026-10-21,55300.0,C,15.5,settlement,15.5,15.5,16.5,15,0.0410958904109589,TX,50082.0,202610,same expiry TX 202610,0.23161334295511063,True,True
2026-10-06,202610,2026-10-21,55300.0,P,5240.0,settlement,5240.0,5170.0,,15,0.0410958904109589,TX,50082.0,202610,same expiry TX 202610,0.24785788962171834,False,False
2026-10-06,202610,2026-10-21,55400.0,C,15.0,settlement,15.0,15.0,16.0,15,0.0410958904109589,TX,50082.0,202610,same expiry TX 202610,0.2340692927267935,True,True
2026-10-06,202610,2026-10-21,55400.0,P,5340.0,settlement,5340.0,5330.0,5360.0,15,0.0410958904109589,TX,50082.0,202610,same expiry TX 202610,0.25168033256385186,False,False
2026-10-06,202610,2026-10-21,55500.0,C,14.0,settlement,14.0,14.0,15.0,15,0.0410958904109589,TX,50082.0,202610,same expiry TX 202610,0.23528156456313307,True,True
2026-10-06,202610,2026-10-21,55500.0,P,5440.0,settlement,5440.0,,5470.0,15,0.0410958904109589,TX,50082.0,202610,same expiry TX 202610,0.2554886030832959,False,False
2026-10-06,202610,2026-10-21,55600.0,C,13.0,settlement,13.0,13.0,14.0,15,0.0410958904109589,TX,50082.0,202610,same expiry TX 202610,0.23631389410262224,True,True
2026-10-06,202610,2026-10-21,55600.0,P,5540.0,settlement,5540.0,,,15,0.0410958904109589,TX,50082.0,202610,same expiry TX 202610,0.2592829388056062,False,False
2026-10-06,202610,2026-10-21,55700.0,C,12.0,settlement,12.0,12.5,13.5,15,0.0410958904109589,TX,50082.0,202610,same expiry TX 202610,0.23714679008858255,True,True
2026-10-06,202610,2026-10-21,55700.0,P,5640.0,settlement,5640.0,5620.0,5660.0,15,0.0410958904109589,TX,50082.0,202610,same expiry TX 202610,0.26306356826482086,False,False
2026-10-06,202610,2026-10-21,55800.0,C,12.0,settlement,12.0,12.0,13.0,15,0.0410958904109589,TX,50082.0,202610,same expiry TX 202610,0.24056840319081893,True,True
2026-10-06,202610,2026-10-21,55800.0,P,5740.0,settlement,5740.0,5720.0,5760.0,15,0.0410958904109589,TX,50082.0,202610,same expiry TX 202610,0.26683071143322373,False,False
2026-10-06,202610,2026-10-21,55900.0,C,11.0,settlement,11.0,11.0,12.0,15,0.0410958904109589,TX,50082.0,202610,same expiry TX 202610,0.24113454893011388,True,True
2026-10-06,202610,2026-10-21,55900.0,P,5840.0,settlement,5840.0,5820.0,5860.0,15,0.0410958904109589,TX,50082.0,202610,same expiry TX 202610,0.270584580202351,False,False
2026-10-06,202610,2026-10-21,56000.0,C,10.5,settlement,10.5,10.5,11.5,15,0.0410958904109589,TX,50082.0,202610,same expiry TX 202610,0.24299755787090155,True,True
2026-10-06,202610,2026-10-21,56000.0,P,5940.0,settlement,5940.0,5860.0,,15,0.0410958904109589,TX,50082.0,202610,same expiry TX 202610,0.2743253788318108,False,False
2026-10-06,202610,2026-10-21,56100.0,C,10.0,settlement,10.0,10.0,11.0,15,0.0410958904109589,TX,50082.0,202610,same expiry TX 202610,0.2447667897837861,True,True
2026-10-06,202610,2026-10-21,56100.0,P,6040.0,settlement,6040.0,5960.0,,15,0.0410958904109589,TX,50082.0,202610,same expiry TX 202610,0.27805330436873044,False,False
2026-10-06,202610,2026-10-21,56200.0,C,10.0,settlement,10.0,10.0,10.5,15,0.0410958904109589,TX,50082.0,202610,same expiry TX 202610,0.24807651207620746,True,True
2026-10-06,202610,2026-10-21,56200.0,P,6140.0,settlement,6140.0,6060.0,,15,0.0410958904109589,TX,50082.0,202610,same expiry TX 202610,0.2817685470306299,False,False
2026-10-06,202610,2026-10-21,56300.0,C,9.4,settlement,9.4,9.4,9.9,15,0.0410958904109589,TX,50082.0,202610,same expiry TX 202610,0.24937915558886986,True,True
2026-10-06,202610,2026-10-21,56300.0,P,6240.0,settlement,6240.0,6160.0,,15,0.0410958904109589,TX,50082.0,202610,same expiry TX 202610,0.2854712905688769,False,False
2026-10-06,202610,2026-10-21,56400.0,C,9.1,settlement,9.1,9.1,9.5,15,0.0410958904109589,TX,50082.0,202610,same expiry TX 202610,0.2516044744322605,True,True
2026-10-06,202610,2026-10-21,56400.0,P,6340.0,settlement,6340.0,,,15,0.0410958904109589,TX,50082.0,202610,same expiry TX 202610,0.28916171260277107,False,False
2026-10-06,202610,2026-10-21,56500.0,C,8.7,settlement,8.7,8.7,9.1,15,0.0410958904109589,TX,50082.0,202610,same expiry TX 202610,0.2534094546102639,True,True
2026-10-06,202610,2026-10-21,56500.0,P,6440.0,settlement,6440.0,,,15,0.0410958904109589,TX,50082.0,202610,same expiry TX 202610,0.29283998493217966,False,False
2026-10-06,202610,2026-10-21,56600.0,C,8.3,settlement,8.3,8.3,8.8,15,0.0410958904109589,TX,50082.0,202610,same expiry TX 202610,0.2551279990657599,True,True
2026-10-06,202610,2026-10-21,56600.0,P,6540.0,settlement,6540.0,6460.0,,15,0.0410958904109589,TX,50082.0,202610,same expiry TX 202610,0.29650627382942774,False,False
2026-10-06,202610,2026-10-21,56700.0,C,8.1,settlement,8.1,8.1,8.5,15,0.0410958904109589,TX,50082.0,202610,same expiry TX 202610,0.25754515438808995,True,True
2026-10-06,202610,2026-10-21,56700.0,P,6640.0,settlement,6640.0,6560.0,,15,0.0410958904109589,TX,50082.0,202610,same expiry TX 202610,0.30016074031211404,False,False
2026-10-06,202610,2026-10-21,56800.0,C,7.8,settlement,7.8,7.8,8.2,15,0.0410958904109589,TX,50082.0,202610,same expiry TX 202610,0.2595189025897367,True,True
2026-10-06,202610,2026-10-21,56800.0,P,6740.0,settlement,6740.0,,,15,0.0410958904109589,TX,50082.0,202610,same expiry TX 202610,0.3038035403979672,False,False
2026-10-06,202610,2026-10-21,56900.0,C,7.3,settlement,7.3,7.6,8.0,15,0.0410958904109589,TX,50082.0,202610,same expiry TX 202610,0.26057570234823463,True,True
2026-10-06,202610,2026-10-21,56900.0,P,6840.0,settlement,6840.0,,,15,0.0410958904109589,TX,50082.0,202610,same expiry TX 202610,0.3074348253451611,False,False
2026-10-06,202610,2026-10-21,57000.0,C,7.3,settlement,7.3,7.3,7.7,15,0.0410958904109589,TX,50082.0,202610,same expiry TX 202610,0.2636997703310337,True,True
2026-10-06,202610,2026-10-21,57000.0,P,6930.0,settlement,6930.0,6850.0,,15,0.0410958904109589,TX,50082.0,202610,same expiry TX 202610,0.28879611827578133,False,False
2026-10-06,202610,2026-10-21,57100.0,C,7.1,settlement,7.1,7.1,7.5,15,0.0410958904109589,TX,50082.0,202610,same expiry TX 202610,0.26593038322388574,True,True
2026-10-06,202610,2026-10-21,57100.0,P,7030.0,settlement,7030.0,6950.0,,15,0.0410958904109589,TX,50082.0,202610,same expiry TX 202610,0.2922462311776333,False,False
2026-10-06,202610,2026-10-21,57200.0,C,7.0,settlement,7.0,6.8,7.0,15,0.0410958904109589,TX,50082.0,202610,same expiry TX 202610,0.26857398362638174,True,True
2026-10-06,202610,2026-10-21,57200.0,P,7130.0,settlement,7130.0,7050.0,,15,0.0410958904109589,TX,50082.0,202610,same expiry TX 202610,0.29568683782501026,False,False
2026-10-06,202611,2026-11-18,38000.0,C,12270.0,settlement,12270.0,,,43,0.1178082191780822,TX,50292.0,202611,same expiry TX 202611,,False,False
2026-10-06,202611,2026-11-18,38000.0,P,42.0,settlement,42.0,41.5,44.0,43,0.1178082191780822,TX,50292.0,202611,same expiry TX 202611,0.395239510259556,True,True
2026-10-06,202611,2026-11-18,38100.0,C,12170.0,settlement,12170.0,,12280.0,43,0.1178082191780822,TX,50292.0,202611,same expiry TX 202611,,False,False
2026-10-06,202611,2026-11-18,38100.0,P,45.0,settlement,45.0,42.5,45.0,43,0.1178082191780822,TX,50292.0,202611,same expiry TX 202611,0.3961380055904689,True,True
2026-10-06,202611,2026-11-18,38200.0,C,12070.0,settlement,12070.0,,,43,0.1178082191780822,TX,50292.0,202611,same expiry TX 202611,,False,False
2026-10-06,202611,2026-11-18,38200.0,P,45.5,settlement,45.5,43.0,45.5,43,0.1178082191780822,TX,50292.0,202611,same expiry TX 202611,0.39355368789195116,True,True
2026-10-06,202611,2026-11-18,38300.0,C,11970.0,settlement,11970.0,,,43,0.1178082191780822,TX,50292.0,202611,same expiry TX 202611,,False,False
2026-10-06,202611,2026-11-18,38300.0,P,46.0,settlement,46.0,43.5,46.0,43,0.1178082191780822,TX,50292.0,202611,same expiry TX 202611,0.3909620936252695,True,True
2026-10-06,202611,2026-11-18,38400.0,C,11870.0,settlement,11870.0,,,43,0.1178082191780822,TX,50292.0,202611,same expiry TX 202611,,False,False
2026-10-06,202611,2026-11-18,38400.0,P,46.5,settlement,46.5,44.5,46.5,43,0.1178082191780822,TX,50292.0,202611,same expiry TX 202611,0.38836335906485103,True,True
2026-10-06,202611,2026-11-18,38500.0,C,11770.0,settlement,11770.0,,,43,0.1178082191780822,TX,50292.0,202611,same expiry TX 202611,,False,False
2026-10-06,202611,2026-11-18,38500.0,P,47.0,settlement,47.0,45.0,47.5,43,0.1178082191780822,TX,50292.0,202611,same expiry TX 202611,0.38575761456741603,True,True
2026-10-06,202611,2026-11-18,38600.0,C,11670.0,settlement,11670.0,,,43,0.1178082191780822,TX,50292.0,202611,same expiry TX 202611,,False,False
2026-10-06,202611,2026-11-18,38600.0,P,47.5,settlement,47.5,45.5,48.0,43,0.1178082191780822,TX,50292.0,202611,same expiry TX 202611,0.383144984762611,True,True
2026-10-06,202611,2026-11-18,38700.0,C,11580.0,settlement,11580.0,,,43,0.1178082191780822,TX,50292.0,202611,same expiry TX 202611,0.25700283245376054,False,False
2026-10-06,202611,2026-11-18,38700.0,P,48.0,settlement,48.0,46.0,48.5,43,0.1178082191780822,TX,50292.0,202611,same expiry TX 202611,0.38052558873287395,True,True
2026-10-06,202611,2026-11-18,38800.0,C,11480.0,settlement,11480.0,,,43,0.1178082191780822,TX,50292.0,202611,same expiry TX 202611,0.25302133081084566,False,False
2026-10-06,202611,2026-11-18,38800.0,P,49.0,settlement,49.0,47.0,49.0,43,0.1178082191780822,TX,50292.0,202611,same expiry TX 202611,0.37851047553545375,True,True
2026-10-06,202611,2026-11-18,38900.0,C,11380.0,settlement,11380.0,,,43,0.1178082191780822,TX,50292.0,202611,same expiry TX 202611,0.24897067988724866,False,False
2026-10-06,202611,2026-11-18,38900.0,P,49.5,settlement,49.5,47.5,50.0,43,0.1178082191780822,TX,50292.0,202611,same expiry TX 202611,0.3758698922432496,True,True
2026-10-06,202611,2026-11-18,39000.0,C,11280.0,settlement,11280.0,,,43,0.1178082191780822,TX,50292.0,202611,same expiry TX 202611,0.24483776416151035,False,False
2026-10-06,202611,2026-11-18,39000.0,P,51.0,settlement,51.0,48.0,50.0,43,0.1178082191780822,TX,50292.0,202611,same expiry TX 202611,0.3744020933820427,True,True
2026-10-06,202611,2026-11-18,39100.0,C,11180.0,settlement,11180.0,,,43,0.1178082191780822,TX,50292.0,202611,same expiry TX 202611,0.24060587524137692,False,False
2026-10-06,202611,2026-11-18,39100.0,P,51.0,settlement,51.0,49.0,51.0,43,0.1178082191780822,TX,50292.0,202611,same expiry TX 202611,0.3711536150230892,True,True
2026-10-06,202611,2026-11-18,39200.0,C,11080.0,settlement,11080.0,,,43,0.1178082191780822,TX,50292.0,202611,same expiry TX 202611,0.23625325129488953,False,False
2026-10-06,202611,2026-11-18,39200.0,P,52.0,settlement,52.0,49.5,52.0,43,0.1178082191780822,TX,50292.0,202611,same expiry TX 202611,0.3690595852647051,True,True
2026-10-06,202611,2026-11-18,39300.0,C,10980.0,settlement,10980.0,,,43,0.1178082191780822,TX,50292.0,202611,same expiry TX 202611,0.2317507826200045,False,False
2026-10-06,202611,2026-11-18,39300.0,P,52.0,settlement,52.0,50.0,52.0,43,0.1178082191780822,TX,50292.0,202611,same expiry TX 202611,0.36581416926235844,True,True
2026-10-06,202611,2026-11-18,39400.0,C,10880.0,settlement,10880.0,,,43,0.1178082191780822,TX,50292.0,202611,same expiry TX 202611,0.22705823254925217,False,False
2026-10-06,202611,2026-11-18,39400.0,P,53.0,settlement,53.0,51.0,53.0,43,0.1178082191780822,TX,50292.0,202611,same expiry TX 202611,0.36369383353707,True,True
2026-10-06,202611,2026-11-18,39500.0,C,10780.0,settlement,10780.0,,,43,0.1178082191780822,TX,50292.0,202611,same expiry TX 202611,0.22211763562027456,False,False
2026-10-06,202611,2026-11-18,39500.0,P,54.0,settlement,54.0,52.0,54.0,43,0.1178082191780822,TX,50292.0,202611,same expiry TX 202611,0.36155034122325386,True,True
2026-10-06,202611,2026-11-18,39600.0,C,10680.0,settlement,10680.0,,,43,0.1178082191780822,TX,50292.0,202611,same expiry TX 202611,0.21684086179178225,False,False
2026-10-06,202611,2026-11-18,39600.0,P,54.0,settlement,54.0,52.0,55.0,43,0.1178082191780822,TX,50292.0,202611,same expiry TX 202611,0.35830542276962424,True,True
2026-10-06,202611,2026-11-18,39700.0,C,10580.0,settlement,10580.0,,,43,0.1178082191780822,TX,50292.0,202611,same expiry TX 202611,0.2110837172999901,False,False
2026-10-06,202611,2026-11-18,39700.0,P,55.0,settlement,55.0,53.0,55.0,43,0.1178082191780822,TX,50292.0,202611,same expiry TX 202611,0.3561370520558437,True,True
2026-10-06,202611,2026-11-18,39800.0,C,10490.0,settlement,10490.0,,10600.0,43,0.1178082191780822,TX,50292.0,202611,same expiry TX 202611,0.2794987399140749,False,False
2026-10-06,202611,2026-11-18,39800.0,P,56.0,settlement,56.0,54.0,56.0,43,0.1178082191780822,TX,50292.0,202611,same expiry TX 202611,0.35394684536652504,True,True
2026-10-06,202611,2026-11-18,39900.0,C,10390.0,settlement,10390.0,,,43,0.1178082191780822,TX,50292.0,202611,same expiry TX 202611,0.27643785102687657,False,False
2026-10-06,202611,2026-11-18,39900.0,P,57.0,settlement,57.0,55.0,57.0,43,0.1178082191780822,TX,50292.0,202611,same expiry TX 202611,0.3517353909621733,True,True
2026-10-06,202611,2026-11-18,40000.0,C,10290.0,settlement,10290.0,,,43,0.1178082191780822,TX,50292.0,202611,same expiry TX 202611,0.2733846121550052,False,False
2026-10-06,202611,2026-11-18,40000.0,P,59.0,settlement,59.0,56.0,58.0,43,0.1178082191780822,TX,50292.0,202611,same expiry TX 202611,0.35050746755552287,True,True
2026-10-06,202611,2026-11-18,40100.0,C,10190.0,settlement,10190.0,,,43,0.1178082191780822,TX,50292.0,202611,same expiry TX 202611,0.2703389812919392,False,False
2026-10-06,202611,2026-11-18,40100.0,P,59.0,settlement,59.0,57.0,59.0,43,0.1178082191780822,TX,50292.0,202611,same expiry TX 202611,0.3472509400191967,True,True
2026-10-06,202611,2026-11-18,40200.0,C,10090.0,settlement,10090.0,,,43,0.1178082191780822,TX,50292.0,202611,same expiry TX 202611,0.2673009166271175,False,False
2026-10-06,202611,2026-11-18,40200.0,P,60.0,settlement,60.0,57.0,60.0,43,0.1178082191780822,TX,50292.0,202611,same expiry TX 202611,0.3449789732568692,True,True
2026-10-06,202611,2026-11-18,40300.0,C,9990.0,settlement,9990.0,,,43,0.1178082191780822,TX,50292.0,202611,same expiry TX 202611,0.2642703765358356,False,False
2026-10-06,202611,2026-11-18,40300.0,P,61.0,settlement,61.0,58.0,61.0,43,0.1178082191780822,TX,50292.0,202611,same expiry TX 202611,0.34268782152580346,True,True
2026-10-06,202611,2026-11-18,40400.0,C,9890.0,settlement,9890.0,,,43,0.1178082191780822,TX,50292.0,202611,same expiry TX 202611,0.2612473195692145,False,False
2026-10-06,202611,2026-11-18,40400.0,P,62.0,settlement,62.0,59.0,62.0,43,0.1178082191780822,TX,50292.0,202611,same expiry TX 202611,0.34037793595107463,True,True
2026-10-06,202611,2026-11-18,40500.0,C,9790.0,settlement,9790.0,,,43,0.1178082191780822,TX,50292.0,202611,same expiry TX 202611,0.25823170444660387,False,False
2026-10-06,202611,2026-11-18,40500.0,P,63.0,settlement,63.0,60.0,63.0,43,0.1178082191780822,TX,50292.0,202611,same expiry TX 202611,0.3380497446046832,True,True
2026-10-06,202611,2026-11-18,40600.0,C,9690.0,settlement,9690.0,,,43,0.1178082191780822,TX,50292.0,202611,same expiry TX 202611,0.2552234900406597,False,False
2026-10-06,202611,2026-11-18,40600.0,P,63.0,settlement,63.0,61.0,63.0,43,0.1178082191780822,TX,50292.0,202611,same expiry TX 202611,0.3347888378092639,True,True
2026-10-06,202611,2026-11-18,40700.0,C,9600.0,settlement,9600.0,,9710.0,43,0.1178082191780822,TX,50292.0,202611,same expiry TX 202611,0.27662483698538193,False,False
2026-10-06,202611,2026-11-18,40700.0,P,65.0,settlement,65.0,62.0,65.0,43,0.1178082191780822,TX,50292.0,202611,same expiry TX 202611,0.33334004872495654,True,True
2026-10-06,202611,2026-11-18,40800.0,C,9500.0,settlement,9500.0,,,43,0.1178082191780822,TX,50292.0,202611,same expiry TX 202611,0.2735759557784403,False,False
2026-10-06,202611,2026-11-18,40800.0,P,66.0,settlement,66.0,63.0,66.0,43,0.1178082191780822,TX,50292.0,202611,same expiry TX 202611,0.3309592954146325,True,True
2026-10-06,202611,2026-11-18,40900.0,C,9400.0,settlement,9400.0,,,43,0.1178082191780822,TX,50292.0,202611,same expiry TX 202611,0.2705341465938246,False,False
2026-10-06,202611,2026-11-18,40900.0,P,67.0,settlement,67.0,65.0,67.0,43,0.1178082191780822,TX,50292.0,202611,same expiry TX 202611,0.3285617407485588,True,True
2026-10-06,202611,2026-11-18,41000.0,C,9300.0,settlement,9300.0,,9410.0,43,0.1178082191780822,TX,50292.0,202611,same expiry TX 202611,0.26749936158135496,False,False
2026-10-06,202611,2026-11-18,41000.0,P,68.0,settlement,68.0,66.0,68.0,43,0.1178082191780822,TX,50292.0,202611,same expiry TX 202611,0.32614771380050334,True,True
2026-10-06,202611,2026-11-18,41100.0,C,9200.0,settlement,9200.0,,,43,0.1178082191780822,TX,50292.0,202611,same expiry TX 202611,0.26447155283087365,False,False
2026-10-06,202611,2026-11-18,41100.0,P,69.0,settlement,69.0,67.0,69.0,43,0.1178082191780822,TX,50292.0,202611,same expiry TX 202611,0.3237175265533786,True,True
2026-10-06,202611,2026-11-18,41200.0,C,9100.0,settlement,9100.0,,,43,0.1178082191780822,TX,50292.0,202611,same expiry TX 202611,0.2614506723556878,False,False
2026-10-06,202611,2026-11-18,41200.0,P,71.0,settlement,71.0,68.0,71.0,43,0.1178082191780822,TX,50292.0,202611,same expiry TX 202611,0.32209326845011516,True,True
2026-10-06,202611,2026-11-18,41300.0,C,9010.0,settlement,9010.0,,,43,0.1178082191780822,TX,50292.0,202611,same expiry TX 202611,0.2747177993506071,False,False
2026-10-06,202611,2026-11-18,41300.0,P,72.0,settlement,72.0,69.0,72.0,43,0.1178082191780822,TX,50292.0,202611,same expiry TX 202611,0.31961863388038547,True,True
2026-10-06,202611,2026-11-18,41400.0,C,8910.0,settlement,8910.0,,,43,0.1178082191780822,TX,50292.0,202611,same expiry TX 202611,0.27162664673375,False,False
2026-10-06,202611,2026-11-18,41400.0,P,74.0,settlement,74.0,71.0,74.0,43,0.1178082191780822,TX,50292.0,202611,same expiry TX 202611,0.3179187065353168,True,True
2026-10-06,202611,2026-11-18,41500.0,C,8810.0,settlement,8810.0,,,43,0.1178082191780822,TX,50292.0,202611,same expiry TX 202611,0.268541734956172,False,False
2026-10-06,202611,2026-11-18,41500.0,P,75.0,settlement,75.0,72.0,75.0,43,0.1178082191780822,TX,50292.0,202611,same expiry TX 202611,0.31540198206281783,True,True
2026-10-06,202611,2026-11-18,41600.0,C,8710.0,settlement,8710.0,,,43,0.1178082191780822,TX,50292.0,202611,same expiry TX 202611,0.26546300271110734,False,False
2026-10-06,202611,2026-11-18,41600.0,P,77.0,settlement,77.0,74.0,77.0,43,0.1178082191780822,TX,50292.0,202611,same expiry TX 202611,0.31363063810406977,True,True
2026-10-06,202611,2026-11-18,41700.0,C,8610.0,settlement,8610.0,,,43,0.1178082191780822,TX,50292.0,202611,same expiry TX 202611,0.26239038818815597,False,False
2026-10-06,202611,2026-11-18,41700.0,P,78.0,settlement,78.0,75.0,78.0,43,0.1178082191780822,TX,50292.0,202611,same expiry TX 202611,0.31107389599119883,True,True
2026-10-06,202611,2026-11-18,41800.0,C,8510.0,settlement,8510.0,,8620.0,43,0.1178082191780822,TX,50292.0,202611,same expiry TX 202611,0.259323829036713,False,False
2026-10-06,202611,2026-11-18,41800.0,P,80.0,settlement,80.0,77.0,80.0,43,0.1178082191780822,TX,50292.0,202611,same expiry TX 202611,0.30923490886079824,True,True
2026-10-06,202611,2026-11-18,41900.0,C,8420.0,settlement,8420.0,,,43,0.1178082191780822,TX,50292.0,202611,same expiry TX 202611,0.2686831847591077,False,False
2026-10-06,202611,2026-11-18,41900.0,P,81.0,settlement,81.0,78.0,81.0,43,0.1178082191780822,TX,50292.0,202611,same expiry TX 202611,0.3066399710508344,True,True
2026-10-06,202611,2026-11-18,42000.0,C,8320.0,settlement,8320.0,,,43,0.1178082191780822,TX,50292.0,202611,same expiry TX 202611,0.26554837030934686,False,False
2026-10-06,202611,2026-11-18,42000.0,P,84.0,settlement,84.0,80.0,83.0,43,0.1178082191780822,TX,50292.0,202611,same expiry TX 202611,0.30543671812087875,True,True
2026-10-06,202611,2026-11-18,42100.0,C,8220.0,settlement,8220.0,,,43,0.1178082191780822,TX,50292.0,202611,same expiry TX 202611,0.2624189980021024,False,False
2026-10-06,202611,2026-11-18,42100.0,P,85.0,settlement,85.0,82.0,85.0,43,0.1178082191780822,TX,50292.0,202611,same expiry TX 202611,0.3027949086593969,True,True
2026-10-06,202611,2026-11-18,42200.0,C,8120.0,settlement,8120.0,,,43,0.1178082191780822,TX,50292.0,202611,same expiry TX 202611,0.2592949937867805,False,False
2026-10-06,202611,2026-11-18,42200.0,P,87.0,settlement,87.0,84.0,87.0,43,0.1178082191780822,TX,50292.0,202611,same expiry TX 202611,0.30081580555384346,True,True
2026-10-06,202611,2026-11-18,42300.0,C,8020.0,settlement,8020.0,,,43,0.1178082191780822,TX,50292.0,202611,same expiry TX 202611,0.2561762826463925,False,False
2026-10-06,202611,2026-11-18,42300.0,P,89.0,settlement,89.0,86.0,89.0,43,0.1178082191780822,TX,50292.0,202611,same expiry TX 202611,0.2988005012521711,True,True
2026-10-06,202611,2026-11-18,42400.0,C,7930.0,settlement,7930.0,,8030.0,43,0.1178082191780822,TX,50292.0,202611,same expiry TX 202611,0.26320103369704156,False,False
2026-10-06,202611,2026-11-18,42400.0,P,91.0,settlement,91.0,88.0,91.0,43,0.1178082191780822,TX,50292.0,202611,same expiry TX 202611,0.2967500369845969,True,True
2026-10-06,202611,2026-11-18,42500.0,C,7830.0,settlement,7830.0,,,43,0.1178082191780822,TX,50292.0,202611,same expiry TX 202611,0.26001924832779033,False,False
2026-10-06,202611,2026-11-18,42500.0,P,93.0,settlement,93.0,90.0,93.0,43,0.1178082191780822,TX,50292.0,202611,same expiry TX 202611,0.2946653855922284,True,True
2026-10-06,202611,2026-11-18,42600.0,C,7730.0,settlement,7730.0,,,43,0.1178082191780822,TX,50292.0,202611,same expiry TX 202611,0.25684218940013104,False,False
2026-10-06,202611,2026-11-18,42600.0,P,95.0,settlement,95.0,92.0,95.0,43,0.1178082191780822,TX,50292.0,202611,same expiry TX 202611,0.2925474564207793,True,True
2026-10-06,202611,2026-11-18,42700.0,C,7630.0,settlement,7630.0,,,43,0.1178082191780822,TX,50292.0,202611,same expiry TX 202611,0.25366977003796115,False,False
2026-10-06,202611,2026-11-18,42700.0,P,98.0,settlement,98.0,95.0,98.0,43,0.1178082191780822,TX,50292.0,202611,same expiry TX 202611,0.2910034368102113,True,True
2026-10-06,202611,2026-11-18,42800.0,C,7540.0,settlement,7540.0,,,43,0.1178082191780822,TX,50292.0,202611,same expiry TX 202611,0.2591424328783872,False,False
2026-10-06,202611,2026-11-18,42800.0,P,100.0,settlement,100.0,97.0,100.0,43,0.1178082191780822,TX,50292.0,202611,same expiry TX 202611,0.288809756762987,True,True
2026-10-06,202611,2026-11-18,42900.0,C,7440.0,settlement,7440.0,,,43,0.1178082191780822,TX,50292.0,202611,same expiry TX 202611,0.2559118780137399,False,False
2026-10-06,202611,2026-11-18,42900.0,P,103.0,settlement,103.0,100.0,103.0,43,0.1178082191780822,TX,50292.0,202611,same expiry TX 202611,0.2871657707226232,True,True
2026-10-06,202611,2026-11-18,43000.0,C,7340.0,settlement,7340.0,,7480.0,43,0.1178082191780822,TX,50292.0,202611,same expiry TX 202611,0.25268541418026236,False,False
2026-10-06,202611,2026-11-18,43000.0,P,105.0,settlement,105.0,102.0,105.0,43,0.1178082191780822,TX,50292.0,202611,same expiry TX 202611,0.2849008307448477,True,True
2026-10-06,202611,2026-11-18,43100.0,C,7250.0,settlement,7250.0,,,43,0.1178082191780822,TX,50292.0,202611,same expiry TX 202611,0.2570628418610925,False,False
2026-10-06,202611,2026-11-18,43100.0,P,108.0,settlement,108.0,104.0,108.0,43,0.1178082191780822,TX,50292.0,202611,same expiry TX 202611,0.2831629999524516,True,True
2026-10-06,202611,2026-11-18,43200.0,C,7150.0,settlement,7150.0,,,43,0.1178082191780822,TX,50292.0,202611,same expiry TX 202611,0.2537825305749374,False,False
2026-10-06,202611,2026-11-18,43200.0,P,111.0,settlement,111.0,107.0,111.0,43,0.1178082191780822,TX,50292.0,202611,same expiry TX 202611,0.28137391599810624,True,True
2026-10-06,202611,2026-11-18,43300.0,C,7050.0,settlement,7050.0,,7150.0,43,0.1178082191780822,TX,50292.0,202611,same expiry TX 202611,0.25050576517746975,False,False
2026-10-06,202611,2026-11-18,43300.0,P,114.0,settlement,114.0,110.0,114.0,43,0.1178082191780822,TX,50292.0,202611,same expiry TX 202611,0.27953530027656126,True,True
2026-10-06,202611,2026-11-18,43400.0,C,6960.0,settlement,6960.0,,,43,0.1178082191780822,TX,50292.0,202611,same expiry TX 202611,0.25402982438249616,False,False
2026-10-06,202611,2026-11-18,43400.0,P,118.0,settlement,118.0,114.0,118.0,43,0.1178082191780822,TX,50292.0,202611,same expiry TX 202611,0.27816569354640724,True,True
2026-10-06,202611,2026-11-18,43500.0,C,6860.0,settlement,6860.0,,,43,0.1178082191780822,TX,50292.0,202611,same expiry TX 202611,0.2507025214746808,False,False
2026-10-06,202611,2026-11-18,43500.0,P,121.0,settlement,121.0,117.0,121.0,43,0.1178082191780822,TX,50292.0,202611,same expiry TX 202611,0.276221492127231,True,True
2026-10-06,202611,2026-11-18,43600.0,C,6760.0,settlement,6760.0,,,43,0.1178082191780822,TX,50292.0,202611,same expiry TX 202611,0.24737820520982412,False,False
2026-10-06,202611,2026-11-18,43600.0,P,125.0,settlement,125.0,121.0,125.0,43,0.1178082191780822,TX,50292.0,202611,same expiry TX 202611,0.27472557620830207,True,True
2026-10-06,202611,2026-11-18,43700.0,C,6670.0,settlement,6670.0,,,43,0.1178082191780822,TX,50292.0,202611,same expiry TX 202611,0.25021076982588086,False,False
2026-10-06,202611,2026-11-18,43700.0,P,128.0,settlement,128.0,124.0,128.0,43,0.1178082191780822,TX,50292.0,202611,same expiry TX 202611,0.2726829604430735,True,True
2026-10-06,202611,2026-11-18,43800.0,C,6570.0,settlement,6570.0,,,43,0.1178082191780822,TX,50292.0,202611,same expiry TX 202611,0.24683842424151545,False,False
2026-10-06,202611,2026-11-18,43800.0,P,133.0,settlement,133.0,128.0,133.0,43,0.1178082191780822,TX,50292.0,202611,same expiry TX 202611,0.2715385905258577,True,True
2026-10-06,202611,2026-11-18,43900.0,C,6480.0,settlement,6480.0,,,43,0.1178082191780822,TX,50292.0,202611,same expiry TX 202611,0.2491417255314267,False,False
2026-10-06,202611,2026-11-18,43900.0,P,137.0,settlement,137.0,132.0,137.0,43,0.1178082191780822,TX,50292.0,202611,same expiry TX 202611,0.26985236542263236,True,True
2026-10-06,202611,2026-11-18,44000.0,C,6380.0,settlement,6380.0,,,43,0.1178082191780822,TX,50292.0,202611,same expiry TX 202611,0.24572366671158952,False,False
2026-10-06,202611,2026-11-18,44000.0,P,141.0,settlement,141.0,137.0,142.0,43,0.1178082191780822,TX,50292.0,202611,same expiry TX 202611,0.26810721065754556,True,True
2026-10-06,202611,2026-11-18,44100.0,C,6280.0,settlement,6280.0,,,43,0.1178082191780822,TX,50292.0,202611,same expiry TX 202611,0.24230753499453797,False,False
2026-10-06,202611,2026-11-18,44100.0,P,146.0,settlement,146.0,141.0,146.0,43,0.1178082191780822,TX,50292.0,202611,same expiry TX 202611,0.2667410124597506,True,True
2026-10-06,202611,2026-11-18,44200.0,C,6190.0,settlement,6190.0,,,43,0.1178082191780822,TX,50292.0,202611,same expiry TX 202611,0.24411514025859216,False,False
2026-10-06,202611,2026-11-18,44200.0,P,150.0,settlement,150.0,145.0,150.0,43,0.1178082191780822,TX,50292.0,202611,same expiry TX 202611,0.2648740446283215,True,True
2026-10-06,202611,2026-11-18,44300.0,C,6090.0,settlement,6090.0,,,43,0.1178082191780822,TX,50292.0,202611,same expiry TX 202611,0.24065460438662697,False,False
2026-10-06,202611,2026-11-18,44300.0,P,155.0,settlement,155.0,150.0,155.0,43,0.1178082191780822,TX,50292.0,202611,same expiry TX 202611,0.26336966571649795,True,True
2026-10-06,202611,2026-11-18,44400.0,C,6000.0,settlement,6000.0,,,43,0.1178082191780822,TX,50292.0,202611,same expiry TX 202611,0.24207435146790496,False,False
2026-10-06,202611,2026-11-18,44400.0,P,160.0,settlement,160.0,155.0,160.0,43,0.1178082191780822,TX,50292.0,202611,same expiry TX 202611,0.2617947378145047,True,True
2026-10-06,202611,2026-11-18,44500.0,C,5910.0,settlement,5910.0,5620.0,,43,0.1178082191780822,TX,50292.0,202611,same expiry TX 202611,0.24319506732942203,False,False
2026-10-06,202611,2026-11-18,44500.0,P,165.0,settlement,165.0,160.0,165.0,43,0.1178082191780822,TX,50292.0,202611,same expiry TX 202611,0.2601518128322914,True,True
2026-10-06,202611,2026-11-18,44600.0,C,5810.0,settlement,5810.0,,,43,0.1178082191780822,TX,50292.0,202611,same expiry TX 202611,0.23964901275558476,False,False
2026-10-06,202611,2026-11-18,44600.0,P,172.0,settlement,172.0,166.0,171.0,43,0.1178082191780822,TX,50292.0,202611,same expiry TX 202611,0.25921411745112244,True,True
2026-10-06,202611,2026-11-18,44700.0,C,5720.0,settlement,5720.0,,,43,0.1178082191780822,TX,50292.0,202611,same expiry TX 202611,0.240463736093537,False,False
2026-10-06,202611,2026-11-18,44700.0,P,176.0,settlement,176.0,171.0,176.0,43,0.1178082191780822,TX,50292.0,202611,same expiry TX 202611,0.2570483772488025,True,True
2026-10-06,202611,2026-11-18,44800.0,C,5620.0,settlement,5620.0,5340.0,,43,0.1178082191780822,TX,50292.0,202611,same expiry TX 202611,0.23687682863187423,False,False
2026-10-06,202611,2026-11-18,44800.0,P,187.0,settlement,187.0,177.0,183.0,43,0.1178082191780822,TX,50292.0,202611,same expiry TX 202611,0.2574011666604768,True,True
2026-10-06,202611,2026-11-18,44900.0,C,5530.0,settlement,5530.0,,5620.0,43,0.1178082191780822,TX,50292.0,202611,same expiry TX 202611,0.237415381184411,False,False
2026-10-06,202611,2026-11-18,44900.0,P,190.0,settlement,190.0,185.0,190.0,43,0.1178082191780822,TX,50292.0,202611,same expiry TX 202611,0.2547402447757026,True,True
2026-10-06,202611,2026-11-18,45000.0,C,5440.0,settlement,5440.0,5150.0,,43,0.1178082191780822,TX,50292.0,202611,same expiry TX 202611,0.23774120546190053,False,False
2026-10-06,202611,2026-11-18,45000.0,P,194.0,settlement,194.0,192.0,197.0,43,0.1178082191780822,TX,50292.0,202611,same expiry TX 202611,0.25240051296231897,True,True
2026-10-06,202611,2026-11-18,45100.0,C,5340.0,settlement,5340.0,5060.0,,43,0.1178082191780822,TX,50292.0,202611,same expiry TX 202611,0.23407473713375387,False,False
2026-10-06,202611,2026-11-18,45100.0,P,203.0,settlement,203.0,197.0,203.0,43,0.1178082191780822,TX,50292.0,202611,same expiry TX 202611,0.2517301319301605,True,True
2026-10-06,202611,2026-11-18,45200.0,C,5250.0,settlement,5250.0,,5340.0,43,0.1178082191780822,TX,50292.0,202611,same expiry TX 202611,0.23416821921930697,False,False
2026-10-06,202611,2026-11-18,45200.0,P,211.0,settlement,211.0,206.0,211.0,43,0.1178082191780822,TX,50292.0,202611,same expiry TX 202611,0.250608299474037,True,True
2026-10-06,202611,2026-11-18,45300.0,C,5160.0,settlement,5160.0,4880.0,,43,0.1178082191780822,TX,50292.0,202611,same expiry TX 202611,0.2340839163456883,False,False
2026-10-06,202611,2026-11-18,45300.0,P,219.0,settlement,219.0,213.0,219.0,43,0.1178082191780822,TX,50292.0,202611,same expiry TX 202611,0.24938956977738266,True,True
2026-10-06,202611,2026-11-18,45400.0,C,5070.0,settlement,5070.0,4780.0,,43,0.1178082191780822,TX,50292.0,202611,same expiry TX 202611,0.23383497544370205,False,False
2026-10-06,202611,2026-11-18,45400.0,P,228.0,settlement,228.0,221.0,228.0,43,0.1178082191780822,TX,50292.0,202611,same expiry TX 202611,0.24839295249820273,True,True
2026-10-06,202611,2026-11-18,45500.0,C,4980.0,settlement,4980.0,4690.0,5110.0,43,0.1178082191780822,TX,50292.0,202611,same expiry TX 202611,0.233432676870498,False,False
2026-10-06,202611,2026-11-18,45500.0,P,236.0,settlement,236.0,230.0,237.0,43,0.1178082191780822,TX,50292.0,202611,same expiry TX 202611,0.24698445888107495,True,True
2026-10-06,202611,2026-11-18,45600.0,C,4890.0,settlement,4890.0,,5020.0,43,0.1178082191780822,TX,50292.0,202611,same expiry TX 202611,0.2328867698968307,False,False
2026-10-06,202611,2026-11-18,45600.0,P,250.0,settlement,250.0,239.0,246.0,43,0.1178082191780822,TX,50292.0,202611,same expiry TX 202611,0.2472830792503085,True,True
2026-10-06,202611,2026-11-18,45700.0,C,4800.0,settlement,4800.0,,,43,0.1178082191780822,TX,50292.0,202611,same expiry TX 202611,0.23220573324403235,False,False
2026-10-06,202611,2026-11-18,45700.0,P,256.0,settlement,256.0,249.0,256.0,43,0.1178082191780822,TX,50292.0,202611,same expiry TX 202611,0.2450835160541402,True,True
2026-10-06,202611,2026-11-18,45800.0,C,4710.0,settlement,4710.0,,,43,0.1178082191780822,TX,50292.0,202611,same expiry TX 202611,0.23139698002773135,False,False
2026-10-06,202611,2026-11-18,45800.0,P,266.0,settlement,266.0,259.0,266.0,43,0.1178082191780822,TX,50292.0,202611,same expiry TX 202611,0.24397058608774375,True,True
2026-10-06,202611,2026-11-18,45900.0,C,4620.0,settlement,4620.0,,,43,0.1178082191780822,TX,50292.0,202611,same expiry TX 202611,0.23046702082319012,False,False
2026-10-06,202611,2026-11-18,45900.0,P,278.0,settlement,278.0,270.0,278.0,43,0.1178082191780822,TX,50292.0,202611,same expiry TX 202611,0.24331031391343164,True,True
2026-10-06,202611,2026-11-18,46000.0,C,4530.0,settlement,4530.0,4250.0,4690.0,43,0.1178082191780822,TX,50292.0,202611,same expiry TX 202611,0.22942159471887053,False,False
2026-10-06,202611,2026-11-18,46000.0,P,286.0,settlement,286.0,283.0,290.0,43,0.1178082191780822,TX,50292.0,202611,same expiry TX 202611,0.24144127631723453,True,True
2026-10-06,202611,2026-11-18,46100.0,C,4440.0,settlement,4440.0,4360.0,,43,0.1178082191780822,TX,50292.0,202611,same expiry TX 202611,0.2282657755990977,False,False
2026-10-06,202611,2026-11-18,46100.0,P,296.0,settlement,296.0,293.0,301.0,43,0.1178082191780822,TX,50292.0,202611,same expiry TX 202611,0.24003213702429066,True,True
2026-10-06,202611,2026-11-18,46200.0,C,4360.0,settlement,4360.0,,4510.0,43,0.1178082191780822,TX,50292.0,202611,same expiry TX 202611,0.22973200135180083,False,False
2026-10-06,202611,2026-11-18,46200.0,P,314.0,settlement,314.0,306.0,314.0,43,0.1178082191780822,TX,50292.0,202611,same expiry TX 202611,0.24059965994615445,True,True
2026-10-06,202611,2026-11-18,46300.0,C,4270.0,settlement,4270.0,,4430.0,43,0.1178082191780822,TX,50292.0,202611,same expiry TX 202611,0.22830445639843996,False,False
2026-10-06,202611,2026-11-18,46300.0,P,328.0,settlement,328.0,320.0,328.0,43,0.1178082191780822,TX,50292.0,202611,same expiry TX 202611,0.23997234706314974,True,True
2026-10-06,202611,2026-11-18,46400.0,C,4190.0,settlement,4190.0,,4340.0,43,0.1178082191780822,TX,50292.0,202611,same expiry TX 202611,0.22935371986825842,False,False
2026-10-06,202611,2026-11-18,46400.0,P,342.0,settlement,342.0,334.0,342.0,43,0.1178082191780822,TX,50292.0,202611,same expiry TX 202611,0.23921593436655056,True,True
2026-10-06,202611,2026-11-18,46500.0,C,4100.0,settlement,4100.0,3810.0,,43,0.1178082191780822,TX,50292.0,202611,same expiry TX 202611,0.2276837144010804,False,False
2026-10-06,202611,2026-11-18,46500.0,P,357.0,settlement,357.0,348.0,357.0,43,0.1178082191780822,TX,50292.0,202611,same expiry TX 202611,0.23857530321233758,True,True
2026-10-06,202611,2026-11-18,46600.0,C,4020.0,settlement,4020.0,,,43,0.1178082191780822,TX,50292.0,202611,same expiry TX 202611,0.22836491338555406,False,False
2026-10-06,202611,2026-11-18,46600.0,P,384.0,settlement,384.0,364.0,373.0,43,0.1178082191780822,TX,50292.0,202611,same expiry TX 202611,0.24059707792812404,True,True
2026-10-06,202611,2026-11-18,46700.0,C,3930.0,settlement,3930.0,,4070.0,43,0.1178082191780822,TX,50292.0,202611,same expiry TX 202611,0.2264742756232716,False,False
2026-10-06,202611,2026-11-18,46700.0,P,390.0,settlement,390.0,384.0,392.0,43,0.1178082191780822,TX,50292.0,202611,same expiry TX 202611,0.23759613702744192,True,True
2026-10-06,202611,2026-11-18,46800.0,C,3850.0,settlement,3850.0,,4000.0,43,0.1178082191780822,TX,50292.0,202611,same expiry TX 202611,0.22682467799438283,False,False
2026-10-06,202611,2026-11-18,46800.0,P,408.0,settlement,408.0,400.0,409.0,43,0.1178082191780822,TX,50292.0,202611,same expiry TX 202611,0.23723713137897748,True,True
2026-10-06,202611,2026-11-18,46900.0,C,3770.0,settlement,3770.0,,3920.0,43,0.1178082191780822,TX,50292.0,202611,same expiry TX 202611,0.22699028681578692,False,False
2026-10-06,202611,2026-11-18,46900.0,P,426.0,settlement,426.0,419.0,428.0,43,0.1178082191780822,TX,50292.0,202611,same expiry TX 202611,0.2367350241361522,True,True
2026-10-06,202611,2026-11-18,47000.0,C,3690.0,settlement,3690.0,3400.0,3840.0,43,0.1178082191780822,TX,50292.0,202611,same expiry TX 202611,0.22698180781444374,False,False
2026-10-06,202611,2026-11-18,47000.0,P,435.0,settlement,435.0,414.0,443.0,43,0.1178082191780822,TX,50292.0,202611,same expiry TX 202611,0.2341700392612062,True,True
2026-10-06,202611,2026-11-18,47100.0,C,3610.0,settlement,3610.0,,3740.0,43,0.1178082191780822,TX,50292.0,202611,same expiry TX 202611,0.22680848492193634,False,False
2026-10-06,202611,2026-11-18,47100.0,P,464.0,settlement,464.0,456.0,466.0,43,0.1178082191780822,TX,50292.0,202611,same expiry TX 202611,0.23574265244353843,True,True
2026-10-06,202611,2026-11-18,47200.0,C,3530.0,settlement,3530.0,,3680.0,43,0.1178082191780822,TX,50292.0,202611,same expiry TX 202611,0.22647833270808965,False,False
2026-10-06,202611,2026-11-18,47200.0,P,495.0,settlement,495.0,477.0,488.0,43,0.1178082191780822,TX,50292.0,202611,same expiry TX 202611,0.23748886454401968,True,True
2026-10-06,202611,2026-11-18,47300.0,C,3450.0,settlement,3450.0,,3570.0,43,0.1178082191780822,TX,50292.0,202611,same expiry TX 202611,0.22599832025755606,False,False
2026-10-06,202611,2026-11-18,47300.0,P,515.0,settlement,515.0,498.0,510.0,43,0.1178082191780822,TX,50292.0,202611,same expiry TX 202611,0.23681017206785482,True,True
2026-10-06,202611,2026-11-18,47400.0,C,3370.0,settlement,3370.0,,3450.0,43,0.1178082191780822,TX,50292.0,202611,same expiry TX 202611,0.22537451797989025,False,False
2026-10-06,202611,2026-11-18,47400.0,P,540.0,settlement,540.0,520.0,530.0,43,0.1178082191780822,TX,50292.0,202611,same expiry TX 202611,0.23697861327467554,True,True
2026-10-06,202611,2026-11-18,47500.0,C,3300.0,settlement,3300.0,,3450.0,43,0.1178082191780822,TX,50292.0,202611,same expiry TX 202611,0.22657737053483254,False,False
2026-10-06,202611,2026-11-18,47500.0,P,550.0,settlement,550.0,540.0,555.0,43,0.1178082191780822,TX,50292.0,202611,same expiry TX 202611,0.23410174033314235,True,True
2026-10-06,202611,2026-11-18,47600.0,C,3220.0,settlement,3220.0,,3370.0,43,0.1178082191780822,TX,50292.0,202611,same expiry TX 202611,0.22564483368293806,False,False
2026-10-06,202611,2026-11-18,47600.0,P,575.0,settlement,575.0,565.0,580.0,43,0.1178082191780822,TX,50292.0,202611,same expiry TX 202611,0.23400505076632713,True,True
2026-10-06,202611,2026-11-18,47700.0,C,3150.0,settlement,3150.0,2880.0,,43,0.1178082191780822,TX,50292.0,202611,same expiry TX 202611,0.22647164502963857,False,False
2026-10-06,202611,2026-11-18,47700.0,P,600.0,settlement,600.0,590.0,605.0,43,0.1178082191780822,TX,50292.0,202611,same expiry TX 202611,0.23375475248216443,True,True
2026-10-06,202611,2026-11-18,47800.0,C,3070.0,settlement,3070.0,,3150.0,43,0.1178082191780822,TX,50292.0,202611,same expiry TX 202611,0.22525526190320533,False,False
2026-10-06,202611,2026-11-18,47800.0,P,630.0,settlement,630.0,615.0,630.0,43,0.1178082191780822,TX,50292.0,202611,same expiry TX 202611,0.23426839490100734,True,True
2026-10-06,202611,2026-11-18,47900.0,C,3000.0,settlement,3000.0,,3140.0,43,0.1178082191780822,TX,50292.0,202611,same expiry TX 202611,0.2257386452231007,False,False
2026-10-06,202611,2026-11-18,47900.0,P,650.0,settlement,650.0,645.0,660.0,43,0.1178082191780822,TX,50292.0,202611,same expiry TX 202611,0.2328151684674359,True,True
2026-10-06,202611,2026-11-18,48000.0,C,2930.0,settlement,2930.0,2630.0,3000.0,43,0.1178082191780822,TX,50292.0,202611,same expiry TX 202611,0.2260436360283001,False,False
2026-10-06,202611,2026-11-18,48000.0,P,685.0,settlement,685.0,670.0,685.0,43,0.1178082191780822,TX,50292.0,202611,same expiry TX 202611,0.23390049346093322,True,True
2026-10-06,202611,2026-11-18,48100.0,C,2860.0,settlement,2860.0,,3000.0,43,0.1178082191780822,TX,50292.0,202611,same expiry TX 202611,0.2261779688870753,False,False
2026-10-06,202611,2026-11-18,48100.0,P,710.0,settlement,710.0,700.0,715.0,43,0.1178082191780822,TX,50292.0,202611,same expiry TX 202611,0.23305938069856097,True,True
2026-10-06,202611,2026-11-18,48200.0,C,2790.0,settlement,2790.0,2670.0,,43,0.1178082191780822,TX,50292.0,202611,same expiry TX 202611,0.2261483254458899,False,False
2026-10-06,202611,2026-11-18,48200.0,P,740.0,settlement,740.0,730.0,745.0,43,0.1178082191780822,TX,50292.0,202611,same expiry TX 202611,0.23294411078066765,True,True
2026-10-06,202611,2026-11-18,48300.0,C,2720.0,settlement,2720.0,,2790.0,43,0.1178082191780822,TX,50292.0,202611,same expiry TX 202611,0.2259604739580451,False,False
2026-10-06,202611,2026-11-18,48300.0,P,770.0,settlement,770.0,760.0,775.0,43,0.1178082191780822,TX,50292.0,202611,same expiry TX 202611,0.2326775752156476,True,True
2026-10-06,202611,2026-11-18,48400.0,C,2650.0,settlement,2650.0,2630.0,2660.0,43,0.1178082191780822,TX,50292.0,202611,same expiry TX 202611,0.2256193811040572,False,False
2026-10-06,202611,2026-11-18,48400.0,P,800.0,settlement,800.0,790.0,805.0,43,0.1178082191780822,TX,50292.0,202611,same expiry TX 202611,0.23226412701754362,True,True
2026-10-06,202611,2026-11-18,48500.0,C,2580.0,settlement,2580.0,2560.0,2590.0,43,0.1178082191780822,TX,50292.0,202611,same expiry TX 202611,0.22512930184898203,False,False
2026-10-06,202611,2026-11-18,48500.0,P,845.0,settlement,845.0,820.0,835.0,43,0.1178082191780822,TX,50292.0,202611,same expiry TX 202611,0.23417098988556387,True,True
2026-10-06,202611,2026-11-18,48600.0,C,2510.0,settlement,2510.0,2500.0,2530.0,43,0.1178082191780822,TX,50292.0,202611,same expiry TX 202611,0.22449385162531954,False,False
2026-10-06,202611,2026-11-18,48600.0,P,865.0,settlement,865.0,855.0,870.0,43,0.1178082191780822,TX,50292.0,202611,same expiry TX 202611,0.2318228907764734,True,True
2026-10-06,202611,2026-11-18,48700.0,C,2450.0,settlement,2450.0,2430.0,2460.0,43,0.1178082191780822,TX,50292.0,202611,same expiry TX 202611,0.22532914606123092,False,False
2026-10-06,202611,2026-11-18,48700.0,P,900.0,settlement,900.0,890.0,905.0,43,0.1178082191780822,TX,50292.0,202611,same expiry TX 202611,0.2317823089330432,True,True
2026-10-06,202611,2026-11-18,48800.0,C,2380.0,settlement,2380.0,2310.0,2410.0,43,0.1178082191780822,TX,50292.0,202611,same expiry TX 202611,0.22439362607247285,False,False
2026-10-06,202611,2026-11-18,48800.0,P,935.0,settlement,935.0,925.0,940.0,43,0.1178082191780822,TX,50292.0,202611,same expiry TX 202611,0.2315899365128999,True,True
2026-10-06,202611,2026-11-18,48900.0,C,2320.0,settlement,2320.0,2300.0,2330.0,43,0.1178082191780822,TX,50292.0,202611,same expiry TX 202611,0.22489853964230733,False,False
2026-10-06,202611,2026-11-18,48900.0,P,970.0,settlement,970.0,960.0,975.0,43,0.1178082191780822,TX,50292.0,202611,same expiry TX 202611,0.23124932677089544,True,True
2026-10-06,202611,2026-11-18,49000.0,C,2260.0,settlement,2260.0,2240.0,2270.0,43,0.1178082191780822,TX,50292.0,202611,same expiry TX 202611,0.22523647805851,False,False
2026-10-06,202611,2026-11-18,49000.0,P,1000.0,settlement,1000.0,1000.0,1020.0,43,0.1178082191780822,TX,50292.0,202611,same expiry TX 202611,0.22998542318256918,True,True
2026-10-06,202611,2026-11-18,49100.0,C,2200.0,settlement,2200.0,2180.0,2210.0,43,0.1178082191780822,TX,50292.0,202611,same expiry TX 202611,0.2254122856801698,False,False
2026-10-06,202611,2026-11-18,49100.0,P,1050.0,settlement,1050.0,1040.0,1060.0,43,0.1178082191780822,TX,50292.0,202611,same expiry TX 202611,0.2316763304968413,True,True
2026-10-06,202611,2026-11-18,49200.0,C,2140.0,settlement,2140.0,2120.0,2150.0,43,0.1178082191780822,TX,50292.0,202611,same expiry TX 202611,0.2254300672744115,False,False
2026-10-06,202611,2026-11-18,49200.0,P,1090.0,settlement,1090.0,1070.0,1090.0,43,0.1178082191780822,TX,50292.0,202611,same expiry TX 202611,0.23165839985548664,True,True
2026-10-06,202611,2026-11-18,49300.0,C,2080.0,settlement,2080.0,2060.0,2090.0,43,0.1178082191780822,TX,50292.0,202611,same expiry TX 202611,0.225293259140656,False,False
2026-10-06,202611,2026-11-18,49300.0,P,1130.0,settlement,1130.0,1110.0,1130.0,43,0.1178082191780822,TX,50292.0,202611,same expiry TX 202611,0.2314905555414594,True,True
2026-10-06,202611,2026-11-18,49400.0,C,2020.0,settlement,2020.0,2000.0,2030.0,43,0.1178082191780822,TX,50292.0,202611,same expiry TX 202611,0.22500468523628772,False,False
2026-10-06,202611,2026-11-18,49400.0,P,1170.0,settlement,1170.0,1150.0,1170.0,43,0.1178082191780822,TX,50292.0,202611,same expiry TX 202611,0.23117537197266408,True,True
2026-10-06,202611,2026-11-18,49500.0,C,1950.0,settlement,1950.0,1940.0,1970.0,43,0.1178082191780822,TX,50292.0,202611,same expiry TX 202611,0.22306845785169,False,False
2026-10-06,202611,2026-11-18,49500.0,P,1210.0,settlement,1210.0,1200.0,1220.0,43,0.1178082191780822,TX,50292.0,202611,same expiry TX 202611,0.23071490487313132,True,True
2026-10-06,202611,2026-11-18,49600.0,C,1900.0,settlement,1900.0,1890.0,1910.0,43,0.1178082191780822,TX,50292.0,202611,same expiry TX 202611,0.2239807244594506,False,False
2026-10-06,202611,2026-11-18,49600.0,P,1250.0,settlement,1250.0,1240.0,1260.0,43,0.1178082191780822,TX,50292.0,202611,same expiry TX 202611,0.23011071905458239,True,True
2026-10-06,202611,2026-11-18,49700.0,C,1850.0,settlement,1850.0,1830.0,1860.0,43,0.1178082191780822,TX,50292.0,202611,same expiry TX 202611,0.2247292733375814,False,False
2026-10-06,202611,2026-11-18,49700.0,P,1300.0,settlement,1300.0,1280.0,1300.0,43,0.1178082191780822,TX,50292.0,202611,same expiry TX 202611,0.23084405838316996,True,True
2026-10-06,202611,2026-11-18,49800.0,C,1790.0,settlement,1790.0,1780.0,1810.0,43,0.1178082191780822,TX,50292.0,202611,same expiry TX 202611,0.22384408957927712,False,False
2026-10-06,202611,2026-11-18,49800.0,P,1350.0,settlement,1350.0,1330.0,1350.0,43,0.1178082191780822,TX,50292.0,202611,same expiry TX 202611,0.23142215266429908,True,True
2026-10-06,202611,2026-11-18,49900.0,C,1740.0,settlement,1740.0,1680.0,1760.0,43,0.1178082191780822,TX,50292.0,202611,same expiry TX 202611,0.2242824504409478,False,False
2026-10-06,202611,2026-11-18,49900.0,P,1390.0,settlement,1390.0,1380.0,1400.0,43,0.1178082191780822,TX,50292.0,202611,same expiry TX 202611,0.23038033628670618,True,True
2026-10-06,202611,2026-11-18,50000.0,C,1690.0,settlement,1690.0,1680.0,1700.0,43,0.1178082191780822,TX,50292.0,202611,same expiry TX 202611,0.22456613254065272,False,False
2026-10-06,202611,2026-11-18,50000.0,P,1440.0,settlement,1440.0,1410.0,1450.0,43,0.1178082191780822,TX,50292.0,202611,same expiry TX 202611,0.23066145835925372,True,True
2026-10-06,202611,2026-11-18,50100.0,C,1640.0,settlement,1640.0,1620.0,1640.0,43,0.1178082191780822,TX,50292.0,202611,same expiry TX 202611,0.2246973463569152,False,False
2026-10-06,202611,2026-11-18,50100.0,P,1480.0,settlement,1480.0,1470.0,1490.0,43,0.1178082191780822,TX,50292.0,202611,same expiry TX 202611,0.22933469220353045,True,True
2026-10-06,202611,2026-11-18,50200.0,C,1600.0,settlement,1600.0,1570.0,1590.0,43,0.1178082191780822,TX,50292.0,202611,same expiry TX 202611,0.22613442097426725,False,False
2026-10-06,202611,2026-11-18,50200.0,P,1530.0,settlement,1530.0,1520.0,1540.0,43,0.1178082191780822,TX,50292.0,202611,same expiry TX 202611,0.22932333194488588,True,True
2026-10-06,202611,2026-11-18,50300.0,C,1540.0,settlement,1540.0,1520.0,1540.0,43,0.1178082191780822,TX,50292.0,202611,same expiry TX 202611,0.22450851318929058,True,True
2026-10-06,202611,2026-11-18,50300.0,P,1580.0,settlement,1580.0,1570.0,1590.0,43,0.1178082191780822,TX,50292.0,202611,same expiry TX 202611,0.22916531885752917,False,False
2026-10-06,202611,2026-11-18,50400.0,C,1490.0,settlement,1490.0,1470.0,1500.0,43,0.1178082191780822,TX,50292.0,202611,same expiry TX 202611,0.2241902495266439,True,True
2026-10-06,202611,2026-11-18,50400.0,P,1640.0,settlement,1640.0,1620.0,1650.0,43,0.1178082191780822,TX,50292.0,202611,same expiry TX 202611,0.23031524520772606,False,False
2026-10-06,202611,2026-11-18,50500.0,C,1440.0,settlement,1440.0,1420.0,1450.0,43,0.1178082191780822,TX,50292.0,202611,same expiry TX 202611,0.22372310402483728,True,True
2026-10-06,202611,2026-11-18,50500.0,P,1690.0,settlement,1690.0,1680.0,1700.0,43,0.1178082191780822,TX,50292.0,202611,same expiry TX 202611,0.22986542376372351,False,False
2026-10-06,202611,2026-11-18,50600.0,C,1390.0,settlement,1390.0,1380.0,1410.0,43,0.1178082191780822,TX,50292.0,202611,same expiry TX 202611,0.2231067096197618,True,True
2026-10-06,202611,2026-11-18,50600.0,P,1740.0,settlement,1740.0,1730.0,1750.0,43,0.1178082191780822,TX,50292.0,202611,same expiry TX 202611,0.22927042447312074,False,False
2026-10-06,202611,2026-11-18,50700.0,C,1350.0,settlement,1350.0,1340.0,1360.0,43,0.1178082191780822,TX,50292.0,202611,same expiry TX 202611,0.22379730974943693,True,True
2026-10-06,202611,2026-11-18,50700.0,P,1800.0,settlement,1800.0,1780.0,1810.0,43,0.1178082191780822,TX,50292.0,202611,same expiry TX 202611,0.22998624402987716,False,False
2026-10-06,202611,2026-11-18,50800.0,C,1310.0,settlement,1310.0,1240.0,1320.0,43,0.1178082191780822,TX,50292.0,202611,same expiry TX 202611,0.224342416946288,True,True
2026-10-06,202611,2026-11-18,50800.0,P,1850.0,settlement,1850.0,1830.0,1860.0,43,0.1178082191780822,TX,50292.0,202611,same expiry TX 202611,0.22910098325150474,False,False
2026-10-06,202611,2026-11-18,50900.0,C,1260.0,settlement,1260.0,1200.0,1270.0,43,0.1178082191780822,TX,50292.0,202611,same expiry TX 202611,0.22327911173144196,True,True
2026-10-06,202611,2026-11-18,50900.0,P,1910.0,settlement,1910.0,1850.0,,43,0.1178082191780822,TX,50292.0,202611,same expiry TX 202611,0.22953106918057856,False,False
2026-10-06,202611,2026-11-18,51000.0,C,1220.0,settlement,1220.0,1210.0,1230.0,43,0.1178082191780822,TX,50292.0,202611,same expiry TX 202611,0.223531066312026,True,True
2026-10-06,202611,2026-11-18,51000.0,P,1970.0,settlement,1970.0,1910.0,,43,0.1178082191780822,TX,50292.0,202611,same expiry TX 202611,0.22982039579288346,False,False
2026-10-06,202611,2026-11-18,51100.0,C,1180.0,settlement,1180.0,1170.0,1190.0,43,0.1178082191780822,TX,50292.0,202611,same expiry TX 202611,0.2236382999082709,True,True
2026-10-06,202611,2026-11-18,51100.0,P,2030.0,settlement,2030.0,1960.0,,43,0.1178082191780822,TX,50292.0,202611,same expiry TX 202611,0.22996917836009265,False,False
2026-10-06,202611,2026-11-18,51200.0,C,1140.0,settlement,1140.0,1130.0,1150.0,43,0.1178082191780822,TX,50292.0,202611,same expiry TX 202611,0.22360043623860737,True,True
2026-10-06,202611,2026-11-18,51200.0,P,2090.0,settlement,2090.0,2020.0,,43,0.1178082191780822,TX,50292.0,202611,same expiry TX 202611,0.22997719993509452,False,False
2026-10-06,202611,2026-11-18,51300.0,C,1100.0,settlement,1100.0,1090.0,1110.0,43,0.1178082191780822,TX,50292.0,202611,same expiry TX 202611,0.22341661661882156,True,True
2026-10-06,202611,2026-11-18,51300.0,P,2150.0,settlement,2150.0,2080.0,,43,0.1178082191780822,TX,50292.0,202611,same expiry TX 202611,0.22984380456028072,False,False
2026-10-06,202611,2026-11-18,51400.0,C,1060.0,settlement,1060.0,1050.0,1070.0,43,0.1178082191780822,TX,50292.0,202611,same expiry TX 202611,0.22308548205360546,True,True
2026-10-06,202611,2026-11-18,51400.0,P,2210.0,settlement,2210.0,2140.0,,43,0.1178082191780822,TX,50292.0,202611,same expiry TX 202611,0.22956788365288308,False,False
2026-10-06,202611,2026-11-18,51500.0,C,1020.0,settlement,1020.0,1010.0,1040.0,43,0.1178082191780822,TX,50292.0,202611,same expiry TX 202611,0.22260514658691793,True,True
2026-10-06,202611,2026-11-18,51500.0,P,2270.0,settlement,2270.0,2210.0,,43,0.1178082191780822,TX,50292.0,202611,same expiry TX 202611,0.22914785506614962,False,False
2026-10-06,202611,2026-11-18,51600.0,C,970.0,settlement,970.0,980.0,995.0,43,0.1178082191780822,TX,50292.0,202611,same expiry TX 202611,0.22045231874177007,True,True
2026-10-06,202611,2026-11-18,51600.0,P,2340.0,settlement,2340.0,2270.0,,43,0.1178082191780822,TX,50292.0,202611,same expiry TX 202611,0.2300965165097264,False,False
2026-10-06,202611,2026-11-18,51700.0,C,955.0,settlement,955.0,945.0,960.0,43,0.1178082191780822,TX,50292.0,202611,same expiry TX 202611,0.22348449267675494,True,True
2026-10-06,202611,2026-11-18,51700.0,P,2400.0,settlement,2400.0,,,43,0.1178082191780822,TX,50292.0,202611,same expiry TX 202611,0.22939323985587826,False,False
2026-10-06,202611,2026-11-18,51800.0,C,920.0,settlement,920.0,910.0,930.0,43,0.1178082191780822,TX,50292.0,202611,same expiry TX 202611,0.22333270941744346,True,True
2026-10-06,202611,2026-11-18,51800.0,P,2460.0,settlement,2460.0,2390.0,,43,0.1178082191780822,TX,50292.0,202611,same expiry TX 202611,0.22853924832953695,False,False
2026-10-06,202611,2026-11-18,51900.0,C,885.0,settlement,885.0,880.0,895.0,43,0.1178082191780822,TX,50292.0,202611,same expiry TX 202611,0.223035278652148,True,True
2026-10-06,202611,2026-11-18,51900.0,P,2530.0,settlement,2530.0,2460.0,,43,0.1178082191780822,TX,50292.0,202611,same expiry TX 202611,0.22908332727677616,False,False
2026-10-06,202611,2026-11-18,52000.0,C,845.0,settlement,845.0,845.0,860.0,43,0.1178082191780822,TX,50292.0,202611,same expiry TX 202611,0.22180204403651765,True,True
2026-10-06,202611,2026-11-18,52000.0,P,2600.0,settlement,2600.0,2520.0,,43,0.1178082191780822,TX,50292.0,202611,same expiry TX 202611,0.22949813802392083,False,False
2026-10-06,202611,2026-11-18,52100.0,C,825.0,settlement,825.0,815.0,830.0,43,0.1178082191780822,TX,50292.0,202611,same expiry TX 202611,0.2235821445843882,True,True
2026-10-06,202611,2026-11-18,52100.0,P,2670.0,settlement,2670.0,2590.0,,43,0.1178082191780822,TX,50292.0,202611,same expiry TX 202611,0.22978260523440333,False,False
2026-10-06,202611,2026-11-18,52200.0,C,795.0,settlement,795.0,785.0,800.0,43,0.1178082191780822,TX,50292.0,202611,same expiry TX 202611,0.22365096917187763,True,True
2026-10-06,202611,2026-11-18,52200.0,P,2740.0,settlement,2740.0,2660.0,,43,0.1178082191780822,TX,50292.0,202611,same expiry TX 202611,0.22993525386394778,False,False
2026-10-06,202611,2026-11-18,52300.0,C,765.0,settlement,765.0,755.0,770.0,43,0.1178082191780822,TX,50292.0,202611,same expiry TX 202611,0.22358045321423806,True,True
2026-10-06,202611,2026-11-18,52300.0,P,2810.0,settlement,2810.0,2730.0,,43,0.1178082191780822,TX,50292.0,202611,same expiry TX 202611,0.2299541847833737,False,False
2026-10-06,202611,2026-11-18,52400.0,C,735.0,settlement,735.0,730.0,745.0,43,0.1178082191780822,TX,50292.0,202611,same expiry TX 202611,0.22336774992774625,True,True
2026-10-06,202611,2026-11-18,52400.0,P,2880.0,settlement,2880.0,2800.0,,43,0.1178082191780822,TX,50292.0,202611,same expiry TX 202611,0.22983704317841996,False,False
2026-10-06,202611,2026-11-18,52500.0,C,705.0,settlement,705.0,700.0,715.0,43,0.1178082191780822,TX,50292.0,202611,same expiry TX 202611,0.22300943572148071,True,True
2026-10-06,202611,2026-11-18,52500.0,P,2950.0,settlement,2950.0,2880.0,,43,0.1178082191780822,TX,50292.0,202611,same expiry TX 202611,0.22958097856388834,False,False
2026-10-06,202611,2026-11-18,52600.0,C,665.0,settlement,665.0,675.0,690.0,43,0.1178082191780822,TX,50292.0,202611,same expiry TX 202611,0.22080858993807845,True,True
2026-10-06,202611,2026-11-18,52600.0,P,3020.0,settlement,3020.0,2950.0,,43,0.1178082191780822,TX,50292.0,202611,same expiry TX 202611,0.22918259487301346,False,False
2026-10-06,202611,2026-11-18,52700.0,C,655.0,settlement,655.0,650.0,665.0,43,0.1178082191780822,TX,50292.0,202611,same expiry TX 202611,0.22355284825037702,True,True
2026-10-06,202611,2026-11-18,52700.0,P,3100.0,settlement,3100.0,3020.0,,43,0.1178082191780822,TX,50292.0,202611,same expiry TX 202611,0.23033322171210832,False,False
2026-10-06,202611,2026-11-18,52800.0,C,625.0,settlement,625.0,620.0,635.0,43,0.1178082191780822,TX,50292.0,202611,same expiry TX 202611,0.22275797581674375,True,True
2026-10-06,202611,2026-11-18,52800.0,P,3170.0,settlement,3170.0,,,43,0.1178082191780822,TX,50292.0,202611,same expiry TX 202611,0.2296627303742088,False,False
2026-10-06,202611,2026-11-18,52900.0,C,600.0,settlement,600.0,600.0,615.0,43,0.1178082191780822,TX,50292.0,202611,same expiry TX 202611,0.22268249291528952,True,True
2026-10-06,202611,2026-11-18,52900.0,P,3240.0,settlement,3240.0,3170.0,,43,0.1178082191780822,TX,50292.0,202611,same expiry TX 202611,0.22883793281361522,False,False
2026-10-06,202611,2026-11-18,53000.0,C,565.0,settlement,565.0,575.0,590.0,43,0.1178082191780822,TX,50292.0,202611,same expiry TX 202611,0.22066852945364604,True,True
2026-10-06,202611,2026-11-18,53000.0,P,3320.0,settlement,3320.0,3250.0,,43,0.1178082191780822,TX,50292.0,202611,same expiry TX 202611,0.2296243157717848,False,False
2026-10-06,202611,2026-11-18,53100.0,C,555.0,settlement,555.0,550.0,565.0,43,0.1178082191780822,TX,50292.0,202611,same expiry TX 202611,0.22301633692947206,True,True
2026-10-06,202611,2026-11-18,53100.0,P,3400.0,settlement,3400.0,3320.0,,43,0.1178082191780822,TX,50292.0,202611,same expiry TX 202611,0.23029996441564712,False,False
2026-10-06,202611,2026-11-18,53200.0,C,535.0,settlement,535.0,530.0,545.0,43,0.1178082191780822,TX,50292.0,202611,same expiry TX 202611,0.22344710330791256,True,True
2026-10-06,202611,2026-11-18,53200.0,P,3480.0,settlement,3480.0,3400.0,,43,0.1178082191780822,TX,50292.0,202611,same expiry TX 202611,0.2308632101479866,False,False
2026-10-06,202611,2026-11-18,53300.0,C,515.0,settlement,515.0,510.0,520.0,43,0.1178082191780822,TX,50292.0,202611,same expiry TX 202611,0.22375588640694605,True,True
2026-10-06,202611,2026-11-18,53300.0,P,3560.0,settlement,3560.0,3480.0,,43,0.1178082191780822,TX,50292.0,202611,same expiry TX 202611,0.23131204897564134,False,False
2026-10-06,202611,2026-11-18,53400.0,C,494.0,settlement,494.0,488.0,498.0,43,0.1178082191780822,TX,50292.0,202611,same expiry TX 202611,0.22374812926864554,True,True
2026-10-06,202611,2026-11-18,53400.0,P,3640.0,settlement,3640.0,3560.0,,43,0.1178082191780822,TX,50292.0,202611,same expiry TX 202611,0.23164411250452885,False,False
2026-10-06,202611,2026-11-18,53500.0,C,462.0,settlement,462.0,467.0,478.0,43,0.1178082191780822,TX,50292.0,202611,same expiry TX 202611,0.22145113965101412,True,True
2026-10-06,202611,2026-11-18,53500.0,P,3720.0,settlement,3720.0,3640.0,,43,0.1178082191780822,TX,50292.0,202611,same expiry TX 202611,0.23185663252251865,False,False
2026-10-06,202611,2026-11-18,53600.0,C,454.0,settlement,454.0,449.0,459.0,43,0.1178082191780822,TX,50292.0,202611,same expiry TX 202611,0.22371805592551922,True,True
2026-10-06,202611,2026-11-18,53600.0,P,3800.0,settlement,3800.0,3720.0,,43,0.1178082191780822,TX,50292.0,202611,same expiry TX 202611,0.23194639791989735,False,False
2026-10-06,202611,2026-11-18,53700.0,C,436.0,settlement,436.0,430.0,440.0,43,0.1178082191780822,TX,50292.0,202611,same expiry TX 202611,0.2239040008286785,True,True
2026-10-06,202611,2026-11-18,53700.0,P,3880.0,settlement,3880.0,3800.0,,43,0.1178082191780822,TX,50292.0,202611,same expiry TX 202611,0.23190970236033195,False,False
2026-10-06,202611,2026-11-18,53800.0,C,417.0,settlement,417.0,413.0,423.0,43,0.1178082191780822,TX,50292.0,202611,same expiry TX 202611,0.22375651197248747,True,True
2026-10-06,202611,2026-11-18,53800.0,P,3960.0,settlement,3960.0,,,43,0.1178082191780822,TX,50292.0,202611,same expiry TX 202611,0.2317422806353504,False,False
2026-10-06,202611,2026-11-18,53900.0,C,400.0,settlement,400.0,396.0,406.0,43,0.1178082191780822,TX,50292.0,202611,same expiry TX 202611,0.2238912713845532,True,True
2026-10-06,202611,2026-11-18,53900.0,P,4040.0,settlement,4040.0,3960.0,,43,0.1178082191780822,TX,50292.0,202611,same expiry TX 202611,0.231439231011652,False,False
2026-10-06,202611,2026-11-18,54000.0,C,374.0,settlement,374.0,380.0,389.0,43,0.1178082191780822,TX,50292.0,202611,same expiry TX 202611,0.22195160744213016,True,True
2026-10-06,202611,2026-11-18,54000.0,P,4120.0,settlement,4120.0,4050.0,,43,0.1178082191780822,TX,50292.0,202611,same expiry TX 202611,0.23099492004153474,False,False
2026-10-06,202611,2026-11-18,54100.0,C,367.0,settlement,367.0,362.0,372.0,43,0.1178082191780822,TX,50292.0,202611,same expiry TX 202611,0.22399328471569915,True,True
2026-10-06,202611,2026-11-18,54100.0,P,4210.0,settlement,4210.0,4130.0,,43,0.1178082191780822,TX,50292.0,202611,same expiry TX 202611,0.2325421979867271,False,False
2026-10-06,202611,2026-11-18,54200.0,C,351.0,settlement,351.0,347.0,356.0,43,0.1178082191780822,TX,50292.0,202611,same expiry TX 202611,0.22395996526198492,True,True
2026-10-06,202611,2026-11-18,54200.0,P,4290.0,settlement,4290.0,4210.0,,43,0.1178082191780822,TX,50292.0,202611,same expiry TX 202611,0.2318457394218272,False,False
2026-10-06,202611,2026-11-18,54300.0,C,336.0,settlement,336.0,334.0,343.0,43,0.1178082191780822,TX,50292.0,202611,same expiry TX 202611,0.22402339615029124,True,True
2026-10-06,202611,2026-11-18,54300.0,P,4380.0,settlement,4380.0,,,43,0.1178082191780822,TX,50292.0,202611,same expiry TX 202611,0.23321517044327233,False,False
2026-10-06,202611,2026-11-18,54400.0,C,322.0,settlement,322.0,321.0,330.0,43,0.1178082191780822,TX,50292.0,202611,same expiry TX 202611,0.22419382274552657,True,True
2026-10-06,202611,2026-11-18,54400.0,P,4460.0,settlement,4460.0,4380.0,,43,0.1178082191780822,TX,50292.0,202611,same expiry TX 202611,0.23224864990954674,False,False
2026-10-06,202611,2026-11-18,54500.0,C,308.0,settlement,308.0,305.0,314.0,43,0.1178082191780822,TX,50292.0,202611,same expiry TX 202611,0.2242413496537212,True,True
2026-10-06,202611,2026-11-18,54500.0,P,4550.0,settlement,4550.0,,,43,0.1178082191780822,TX,50292.0,202611,same expiry TX 202611,0.23343087397010032,False,False
2026-10-06,202611,2026-11-18,54600.0,C,294.0,settlement,294.0,291.0,300.0,43,0.1178082191780822,TX,50292.0,202611,same expiry TX 202611,0.22416061688164762,True,True
2026-10-06,202611,2026-11-18,54600.0,P,4630.0,settlement,4630.0,4550.0,,43,0.1178082191780822,TX,50292.0,202611,same expiry TX 202611,0.23217135838182174,False,False
2026-10-06,202611,2026-11-18,54700.0,C,281.0,settlement,281.0,281.0,290.0,43,0.1178082191780822,TX,50292.0,202611,same expiry TX 202611,0.22419883645185235,True,True
2026-10-06,202611,2026-11-18,54700.0,P,4720.0,settlement,4720.0,,,43,0.1178082191780822,TX,50292.0,202611,same expiry TX 202611,0.2331538770391192,False,False
2026-10-06,202611,2026-11-18,54800.0,C,269.0,settlement,269.0,268.0,276.0,43,0.1178082191780822,TX,50292.0,202611,same expiry TX 202611,0.22436882574643768,True,True
2026-10-06,202611,2026-11-18,54800.0,P,4810.0,settlement,4810.0,,,43,0.1178082191780822,TX,50292.0,202611,same expiry TX 202611,0.2340539604943942,False,False
2026-10-06,202611,2026-11-18,54900.0,C,248.0,settlement,248.0,257.0,265.0,43,0.1178082191780822,TX,50292.0,202611,same expiry TX 202611,0.2220063876714516,True,True
2026-10-06,202611,2026-11-18,54900.0,P,4900.0,settlement,4900.0,4810.0,,43,0.1178082191780822,TX,50292.0,202611,same expiry TX 202611,0.2348697680313053,False,False
2026-10-06,202611,2026-11-18,55000.0,C,246.0,settlement,246.0,246.0,254.0,43,0.1178082191780822,TX,50292.0,202611,same expiry TX 202611,0.2246147629530178,True,True
2026-10-06,202611,2026-11-18,55000.0,P,4980.0,settlement,4980.0,4900.0,,43,0.1178082191780822,TX,50292.0,202611,same expiry TX 202611,0.23301517125355597,False,False
2026-10-06,202611,2026-11-18,55100.0,C,235.0,settlement,235.0,234.0,242.0,43,0.1178082191780822,TX,50292.0,202611,same expiry TX 202611,0.2246933987723856,True,True
2026-10-06,202611,2026-11-18,55100.0,P,5070.0,settlement,5070.0,4990.0,,43,0.1178082191780822,TX,50292.0,202611,same expiry TX 202611,0.23360075208661432,False,False
2026-10-06,202611,2026-11-18,55200.0,C,225.0,settlement,225.0,222.0,230.0,43,0.1178082191780822,TX,50292.0,202611,same expiry TX 202611,0.22493616869247196,True,True
2026-10-06,202611,2026-11-18,55200.0,P,5160.0,settlement,5160.0,,,43,0.1178082191780822,TX,50292.0,202611,same expiry TX 202611,0.23409180525294723,False,False
2026-10-06,202611,2026-11-18,55300.0,C,216.0,settlement,216.0,214.0,222.0,43,0.1178082191780822,TX,50292.0,202611,same expiry TX 202611,0.22535995263302813,True,True
2026-10-06,202611,2026-11-18,55300.0,P,5250.0,settlement,5250.0,,,43,0.1178082191780822,TX,50292.0,202611,same expiry TX 202611,0.2344850314152512,False,False
2026-10-06,202611,2026-11-18,55400.0,C,208.0,settlement,208.0,203.0,210.0,43,0.1178082191780822,TX,50292.0,202611,same expiry TX 202611,0.22598232794847242,True,True
2026-10-06,202611,2026-11-18,55400.0,P,5340.0,settlement,5340.0,5260.0,,43,0.1178082191780822,TX,50292.0,202611,same expiry TX 202611,0.23477671019507418,False,False
2026-10-06,202611,2026-11-18,55500.0,C,198.0,settlement,198.0,195.0,202.0,43,0.1178082191780822,TX,50292.0,202611,same expiry TX 202611,0.22589264546154741,True,True
2026-10-06,202611,2026-11-18,55500.0,P,5430.0,settlement,5430.0,5350.0,,43,0.1178082191780822,TX,50292.0,202611,same expiry TX 202611,0.23496264020117666,False,False
2026-10-06,202611,2026-11-18,55600.0,C,181.0,settlement,181.0,186.0,193.0,43,0.1178082191780822,TX,50292.0,202611,same expiry TX 202611,0.22341140144218052,True,True
2026-10-06,202611,2026-11-18,55600.0,P,5520.0,settlement,5520.0,,,43,0.1178082191780822,TX,50292.0,202611,same expiry TX 202611,0.2350380664978147,False,False
2026-10-06,202611,2026-11-18,55700.0,C,178.0,settlement,178.0,177.0,184.0,43,0.1178082191780822,TX,50292.0,202611,same expiry TX 202611,0.22531187945874756,True,True
2026-10-06,202611,2026-11-18,55700.0,P,5610.0,settlement,5610.0,5530.0,,43,0.1178082191780822,TX,50292.0,202611,same expiry TX 202611,0.23499759225239272,False,False
2026-10-06,202611,2026-11-18,55800.0,C,168.0,settlement,168.0,169.0,176.0,43,0.1178082191780822,TX,50292.0,202611,same expiry TX 202611,0.2248030978416527,True,True
2026-10-06,202611,2026-11-18,55800.0,P,5710.0,settlement,5710.0,5620.0,,43,0.1178082191780822,TX,50292.0,202611,same expiry TX 202611,0.23797228880864227,False,False
2026-10-06,202611,2026-11-18,55900.0,C,162.0,settlement,162.0,161.0,168.0,43,0.1178082191780822,TX,50292.0,202611,same expiry TX 202611,0.22554519451761723,True,True
2026-10-06,202611,2026-11-18,55900.0,P,5800.0,settlement,5800.0,5710.0,,43,0.1178082191780822,TX,50292.0,202611,same expiry TX 202611,0.2377741991679623,False,False
2026-10-06,202611,2026-11-18,56000.0,C,155.0,settlement,155.0,154.0,161.0,43,0.1178082191780822,TX,50292.0,202611,same expiry TX 202611,0.22584564191159273,True,True
2026-10-06,202611,2026-11-18,56000.0,P,5890.0,settlement,5890.0,5810.0,,43,0.1178082191780822,TX,50292.0,202611,same expiry TX 202611,0.23744691710696134,False,False
2026-10-06,202611,2026-11-18,56100.0,C,147.0,settlement,147.0,147.0,152.0,43,0.1178082191780822,TX,50292.0,202611,same expiry TX 202611,0.22566897161233873,True,True
2026-10-06,202611,2026-11-18,56100.0,P,5980.0,settlement,5980.0,5900.0,,43,0.1178082191780822,TX,50292.0,202611,same expiry TX 202611,0.2369822971377705,False,False
2026-10-06,202611,2026-11-18,56200.0,C,141.0,settlement,141.0,141.0,147.0,43,0.1178082191780822,TX,50292.0,202611,same expiry TX 202611,0.22612590370830032,True,True
2026-10-06,202611,2026-11-18,56200.0,P,6080.0,settlement,6080.0,5990.0,,43,0.1178082191780822,TX,50292.0,202611,same expiry TX 202611,0.23983716856748605,False,False
2026-10-06,202611,2026-11-18,56300.0,C,134.0,settlement,134.0,134.0,140.0,43,0.1178082191780822,TX,50292.0,202611,same expiry TX 202611,0.22609350461442868,True,True
2026-10-06,202611,2026-11-18,56300.0,P,6170.0,settlement,6170.0,6080.0,,43,0.1178082191780822,TX,50292.0,202611,same expiry TX 202611,0.2391901214620426,False,False
2026-10-06,202611,2026-11-18,56400.0,C,128.0,settlement,128.0,127.0,133.0,43,0.1178082191780822,TX,50292.0,202611,same expiry TX 202611,0.22634522118721415,True,True
2026-10-06,202611,2026-11-18,56400.0,P,6260.0,settlement,6260.0,,,43,0.1178082191780822,TX,50292.0,202611,same expiry TX 202611,0.23838503763097216,False,False
2026-10-06,202611,2026-11-18,56500.0,C,122.0,settlement,122.0,121.0,127.0,43,0.1178082191780822,TX,50292.0,202611,same expiry TX 202611,0.22649171357915454,True,True
2026-10-06,202611,2026-11-18,56500.0,P,6360.0,settlement,6360.0,6270.0,,43,0.1178082191780822,TX,50292.0,202611,same expiry TX 202611,0.24115655362369615,False,False
2026-10-06,202611,2026-11-18,56600.0,C,116.0,settlement,116.0,116.0,122.0,43,0.1178082191780822,TX,50292.0,202611,same expiry TX 202611,0.226526745502315,True,True
2026-10-06,202611,2026-11-18,56600.0,P,6450.0,settlement,6450.0,6360.0,,43,0.1178082191780822,TX,50292.0,202611,same expiry TX 202611,0.2401444956334285,False,False
2026-10-06,202611,2026-11-18,56700.0,C,111.0,settlement,111.0,111.0,117.0,43,0.1178082191780822,TX,50292.0,202611,same expiry TX 202611,0.22689272737272043,True,True
2026-10-06,202611,2026-11-18,56700.0,P,6550.0,settlement,6550.0,6460.0,,43,0.1178082191780822,TX,50292.0,202611,same expiry TX 202611,0.24286890651746385,False,False
2026-10-06,202611,2026-11-18,56800.0,C,106.0,settlement,106.0,105.0,110.0,43,0.1178082191780822,TX,50292.0,202611,same expiry TX 202611,0.22716290705713965,True,True
2026-10-06,202611,2026-11-18,56800.0,P,6640.0,settlement,6640.0,,,43,0.1178082191780822,TX,50292.0,202611,same expiry TX 202611,0.24163394440646152,False,False
2026-10-06,202611,2026-11-18,56900.0,C,101.0,settlement,101.0,100.0,105.0,43,0.1178082191780822,TX,50292.0,202611,same expiry TX 202611,0.2273318349865388,True,True
2026-10-06,202611,2026-11-18,56900.0,P,6740.0,settlement,6740.0,6650.0,,43,0.1178082191780822,TX,50292.0,202611,same expiry TX 202611,0.24431169253906382,False,False
2026-10-06,202611,2026-11-18,57000.0,C,99.0,settlement,99.0,95.0,100.0,43,0.1178082191780822,TX,50292.0,202611,same expiry TX 202611,0.22886559475278337,True,True
2026-10-06,202611,2026-11-18,57000.0,P,6830.0,settlement,6830.0,6740.0,,43,0.1178082191780822,TX,50292.0,202611,same expiry TX 202611,0.24283455867596287,False,False
2026-10-06,202611,2026-11-18,57100.0,C,92.0,settlement,92.0,92.0,97.0,43,0.1178082191780822,TX,50292.0,202611,same expiry TX 202611,0.22785162603858072,True,True
2026-10-06,202611,2026-11-18,57100.0,P,6930.0,settlement,6930.0,6840.0,,43,0.1178082191780822,TX,50292.0,202611,same expiry TX 202611,0.24546594709822198,False,False
2026-10-06,202611,2026-11-18,57200.0,C,90.0,settlement,90.0,86.0,91.0,43,0.1178082191780822,TX,50292.0,202611,same expiry TX 202611,0.22926903865197582,True,True
2026-10-06,202611,2026-11-18,57200.0,P,7020.0,settlement,7020.0,6930.0,,43,0.1178082191780822,TX,50292.0,202611,same expiry TX 202611,0.24372311568530963,False,False
2026-10-06,202612,2026-12-16,25200.0,C,25200.0,settlement,25200.0,,,71,0.19452054794520549,TX,50404.0,202612,same expiry TX 202612,0.6965551471791547,False,False
2026-10-06,202612,2026-12-16,25200.0,P,22.5,settlement,22.5,19.0,26.0,71,0.19452054794520549,TX,50404.0,202612,same expiry TX 202612,0.6388102035578007,True,True
2026-10-06,202612,2026-12-16,25400.0,C,25000.0,settlement,25000.0,,,71,0.19452054794520549,TX,50404.0,202612,same expiry TX 202612,0.6884855831368665,False,False
2026-10-06,202612,2026-12-16,25400.0,P,23.0,settlement,23.0,19.5,26.5,71,0.19452054794520549,TX,50404.0,202612,same expiry TX 202612,0.6337056835624718,True,True
2026-10-06,202612,2026-12-16,25600.0,C,24800.0,settlement,24800.0,,24960.0,71,0.19452054794520549,TX,50404.0,202612,same expiry TX 202612,0.6804813469455491,False,False
2026-10-06,202612,2026-12-16,25600.0,P,23.5,settlement,23.5,20.0,27.0,71,0.19452054794520549,TX,50404.0,202612,same expiry TX 202612,0.6285973135765559,True,True
2026-10-06,202612,2026-12-16,25800.0,C,24600.0,settlement,24600.0,,24770.0,71,0.19452054794520549,TX,50404.0,202612,same expiry TX 202612,0.6725413799703691,False,False
2026-10-06,202612,2026-12-16,25800.0,P,24.0,settlement,24.0,20.5,27.5,71,0.19452054794520549,TX,50404.0,202612,same expiry TX 202612,0.6234861959271557,True,True
2026-10-06,202612,2026-12-16,26000.0,C,24400.0,settlement,24400.0,24260.0,24570.0,71,0.19452054794520549,TX,50404.0,202612,same expiry TX 202612,0.6646646489095491,False,False
2026-10-06,202612,2026-12-16,26000.0,P,24.5,settlement,24.5,21.0,28.0,71,0.19452054794520549,TX,50404.0,202612,same expiry TX 202612,0.6183733455291434,True,True
2026-10-06,202612,2026-12-16,26200.0,C,24200.0,settlement,24200.0,,,71,0.19452054794520549,TX,50404.0,202612,same expiry TX 202612,0.656850144993382,False,False
2026-10-06,202612,2026-12-16,26200.0,P,25.5,settlement,25.5,22.0,29.0,71,0.19452054794520549,TX,50404.0,202612,same expiry TX 202612,0.6147244457073097,True,True
2026-10-06,202612,2026-12-16,26400.0,C,24000.0,settlement,24000.0,,,71,0.19452054794520549,TX,50404.0,202612,same expiry TX 202612,0.6490968832138418,False,False
2026-10-06,202612,2026-12-16,26400.0,P,26.0,settlement,26.0,22.5,29.5,71,0.19452054794520549,TX,50404.0,202612,same expiry TX 202612,0.6095773338579454,True,True
2026-10-06,202612,2026-12-16,26600.0,C,23810.0,settlement,23810.0,23670.0,24010.0,71,0.19452054794520549,TX,50404.0,202612,same expiry TX 202612,0.6601506711545291,False,False
2026-10-06,202612,2026-12-16,26600.0,P,26.5,settlement,26.5,23.0,30.0,71,0.19452054794520549,TX,50404.0,202612,same expiry TX 202612,0.6044322256526229,True,True
2026-10-06,202612,2026-12-16,26800.0,C,23610.0,settlement,23610.0,,23700.0,71,0.19452054794520549,TX,50404.0,202612,same expiry TX 202612,0.6524482679921796,False,False
2026-10-06,202612,2026-12-16,26800.0,P,27.0,settlement,27.0,23.5,30.5,71,0.19452054794520549,TX,50404.0,202612,same expiry TX 202612,0.5992897912503653,True,True
2026-10-06,202612,2026-12-16,27000.0,C,23410.0,settlement,23410.0,23250.0,,71,0.19452054794520549,TX,50404.0,202612,same expiry TX 202612,0.6448049840528994,False,False
2026-10-06,202612,2026-12-16,27000.0,P,28.0,settlement,28.0,24.5,31.5,71,0.19452054794520549,TX,50404.0,202612,same expiry TX 202612,0.5954711319681518,True,True
2026-10-06,202612,2026-12-16,27200.0,C,23210.0,settlement,23210.0,23070.0,23400.0,71,0.19452054794520549,TX,50404.0,202612,same expiry TX 202612,0.6372199094221187,False,False
2026-10-06,202612,2026-12-16,27200.0,P,28.5,settlement,28.5,25.0,32.0,71,0.19452054794520549,TX,50404.0,202612,same expiry TX 202612,0.5903072566919997,True,True
2026-10-06,202612,2026-12-16,27400.0,C,23010.0,settlement,23010.0,22880.0,23200.0,71,0.19452054794520549,TX,50404.0,202612,same expiry TX 202612,0.6296921548262885,False,False
2026-10-06,202612,2026-12-16,27400.0,P,29.0,settlement,29.0,25.5,32.5,71,0.19452054794520549,TX,50404.0,202612,same expiry TX 202612,0.5851486544363241,True,True
2026-10-06,202612,2026-12-16,27600.0,C,22810.0,settlement,22810.0,,23010.0,71,0.19452054794520549,TX,50404.0,202612,same expiry TX 202612,0.6222208510120387,False,False
2026-10-06,202612,2026-12-16,27600.0,P,30.0,settlement,30.0,26.5,33.5,71,0.19452054794520549,TX,50404.0,202612,same expiry TX 202612,0.5812187084239956,True,True
2026-10-06,202612,2026-12-16,27800.0,C,22610.0,settlement,22610.0,,22770.0,71,0.19452054794520549,TX,50404.0,202612,same expiry TX 202612,0.614805148148091,False,False
2026-10-06,202612,2026-12-16,27800.0,P,30.5,settlement,30.5,27.0,34.0,71,0.19452054794520549,TX,50404.0,202612,same expiry TX 202612,0.5760464551686049,True,True
2026-10-06,202612,2026-12-16,28000.0,C,22420.0,settlement,22420.0,,22570.0,71,0.19452054794520549,TX,50404.0,202612,same expiry TX 202612,0.6234075358441287,False,False
2026-10-06,202612,2026-12-16,28000.0,P,31.5,settlement,31.5,28.0,35.0,71,0.19452054794520549,TX,50404.0,202612,same expiry TX 202612,0.5720412357336487,True,True
2026-10-06,202612,2026-12-16,28200.0,C,22220.0,settlement,22220.0,,22370.0,71,0.19452054794520549,TX,50404.0,202612,same expiry TX 202612,0.6160271519905772,False,False
2026-10-06,202612,2026-12-16,28200.0,P,32.0,settlement,32.0,28.5,35.5,71,0.19452054794520549,TX,50404.0,202612,same expiry TX 202612,0.5668601967054959,True,True
2026-10-06,202612,2026-12-16,28400.0,C,22020.0,settlement,22020.0,21890.0,22170.0,71,0.19452054794520549,TX,50404.0,202612,same expiry TX 202612,0.6087003285346034,False,False
2026-10-06,202612,2026-12-16,28400.0,P,32.5,settlement,32.5,29.5,36.5,71,0.19452054794520549,TX,50404.0,202612,same expiry TX 202612,0.5616876002222606,True,True
2026-10-06,202612,2026-12-16,28600.0,C,21820.0,settlement,21820.0,,21970.0,71,0.19452054794520549,TX,50404.0,202612,same expiry TX 202612,0.6014262732149317,False,False
2026-10-06,202612,2026-12-16,28600.0,P,33.5,settlement,33.5,30.5,37.5,71,0.19452054794520549,TX,50404.0,202612,same expiry TX 202612,0.557603628939039,True,True
2026-10-06,202612,2026-12-16,28800.0,C,21620.0,settlement,21620.0,,21820.0,71,0.19452054794520549,TX,50404.0,202612,same expiry TX 202612,0.5942042106131953,False,False
2026-10-06,202612,2026-12-16,28800.0,P,34.0,settlement,34.0,31.0,38.0,71,0.19452054794520549,TX,50404.0,202612,same expiry TX 202612,0.5524273253668861,True,True
2026-10-06,202612,2026-12-16,29000.0,C,21420.0,settlement,21420.0,,21570.0,71,0.19452054794520549,TX,50404.0,202612,same expiry TX 202612,0.5870333816612817,False,False
2026-10-06,202612,2026-12-16,29000.0,P,35.0,settlement,35.0,32.0,39.0,71,0.19452054794520549,TX,50404.0,202612,same expiry TX 202612,0.5482885051474621,True,True
2026-10-06,202612,2026-12-16,29200.0,C,21220.0,settlement,21220.0,,21370.0,71,0.19452054794520549,TX,50404.0,202612,same expiry TX 202612,0.5799130431651467,False,False
2026-10-06,202612,2026-12-16,29200.0,P,36.0,settlement,36.0,33.0,40.0,71,0.19452054794520549,TX,50404.0,202612,same expiry TX 202612,0.544110277964662,True,True
2026-10-06,202612,2026-12-16,29400.0,C,21030.0,settlement,21030.0,,21170.0,71,0.19452054794520549,TX,50404.0,202612,same expiry TX 202612,0.5866079288068037,False,False
2026-10-06,202612,2026-12-16,29400.0,P,37.0,settlement,37.0,34.0,41.0,71,0.19452054794520549,TX,50404.0,202612,same expiry TX 202612,0.5398954677954153,True,True
2026-10-06,202612,2026-12-16,29600.0,C,20830.0,settlement,20830.0,,21020.0,71,0.19452054794520549,TX,50404.0,202612,same expiry TX 202612,0.5795123708876198,False,False
2026-10-06,202612,2026-12-16,29600.0,P,38.0,settlement,38.0,35.0,42.0,71,0.19452054794520549,TX,50404.0,202612,same expiry TX 202612,0.5356466704865535,True,True
2026-10-06,202612,2026-12-16,29800.0,C,20630.0,settlement,20630.0,20500.0,,71,0.19452054794520549,TX,50404.0,202612,same expiry TX 202612,0.5724653936066159,False,False
2026-10-06,202612,2026-12-16,29800.0,P,39.0,settlement,39.0,36.0,43.0,71,0.19452054794520549,TX,50404.0,202612,same expiry TX 202612,0.5313662758683204,True,True
2026-10-06,202612,2026-12-16,30000.0,C,20430.0,settlement,20430.0,,,71,0.19452054794520549,TX,50404.0,202612,same expiry TX 202612,0.5654662988647681,False,False
2026-10-06,202612,2026-12-16,30000.0,P,39.5,settlement,39.5,37.0,42.5,71,0.19452054794520549,TX,50404.0,202612,same expiry TX 202612,0.52616252613377,True,True
2026-10-06,202612,2026-12-16,30200.0,C,20230.0,settlement,20230.0,,,71,0.19452054794520549,TX,50404.0,202612,same expiry TX 202612,0.55851440230303,False,False
2026-10-06,202612,2026-12-16,30200.0,P,41.0,settlement,41.0,38.0,45.0,71,0.19452054794520549,TX,50404.0,202612,same expiry TX 202612,0.5227193384421328,True,True
2026-10-06,202612,2026-12-16,30400.0,C,20040.0,settlement,20040.0,,,71,0.19452054794520549,TX,50404.0,202612,same expiry TX 202612,0.5637347721122576,False,False
2026-10-06,202612,2026-12-16,30400.0,P,42.0,settlement,42.0,39.0,46.0,71,0.19452054794520549,TX,50404.0,202612,same expiry TX 202612,0.5183567093178085,True,True
2026-10-06,202612,2026-12-16,30600.0,C,19840.0,settlement,19840.0,,,71,0.19452054794520549,TX,50404.0,202612,same expiry TX 202612,0.5568021920578098,False,False
2026-10-06,202612,2026-12-16,30600.0,P,43.0,settlement,43.0,40.0,47.0,71,0.19452054794520549,TX,50404.0,202612,same expiry TX 202612,0.5139703390127842,True,True
2026-10-06,202612,2026-12-16,30800.0,C,19640.0,settlement,19640.0,,19680.0,71,0.19452054794520549,TX,50404.0,202612,same expiry TX 202612,0.5499149841377261,False,False
2026-10-06,202612,2026-12-16,30800.0,P,44.0,settlement,44.0,41.0,48.0,71,0.19452054794520549,TX,50404.0,202612,same expiry TX 202612,0.5095618381451147,True,True
2026-10-06,202612,2026-12-16,31000.0,C,19440.0,settlement,19440.0,,,71,0.19452054794520549,TX,50404.0,202612,same expiry TX 202612,0.5430725022595737,False,False
2026-10-06,202612,2026-12-16,31000.0,P,45.0,settlement,45.0,42.0,47.5,71,0.19452054794520549,TX,50404.0,202612,same expiry TX 202612,0.505132699554505,True,True
2026-10-06,202612,2026-12-16,31200.0,C,19240.0,settlement,19240.0,19120.0,,71,0.19452054794520549,TX,50404.0,202612,same expiry TX 202612,0.5362741121791418,False,False
2026-10-06,202612,2026-12-16,31200.0,P,46.0,settlement,46.0,43.0,49.5,71,0.19452054794520549,TX,50404.0,202612,same expiry TX 202612,0.5006843079480287,True,True
2026-10-06,202612,2026-12-16,31400.0,C,19040.0,settlement,19040.0,,,71,0.19452054794520549,TX,50404.0,202612,same expiry TX 202612,0.5295191911419326,False,False
2026-10-06,202612,2026-12-16,31400.0,P,47.0,settlement,47.0,44.0,51.0,71,0.19452054794520549,TX,50404.0,202612,same expiry TX 202612,0.4962179485594052,True,True
2026-10-06,202612,2026-12-16,31600.0,C,18850.0,settlement,18850.0,,18970.0,71,0.19452054794520549,TX,50404.0,202612,same expiry TX 202612,0.5335153631368977,False,False
2026-10-06,202612,2026-12-16,31600.0,P,48.0,settlement,48.0,45.0,52.0,71,0.19452054794520549,TX,50404.0,202612,same expiry TX 202612,0.4917348149396194,True,True
2026-10-06,202612,2026-12-16,31800.0,C,18650.0,settlement,18650.0,,18770.0,71,0.19452054794520549,TX,50404.0,202612,same expiry TX 202612,0.5267745914750644,False,False
2026-10-06,202612,2026-12-16,31800.0,P,49.0,settlement,49.0,46.0,53.0,71,0.19452054794520549,TX,50404.0,202612,same expiry TX 202612,0.48723601598063737,True,True
2026-10-06,202612,2026-12-16,32000.0,C,18450.0,settlement,18450.0,,,71,0.19452054794520549,TX,50404.0,202612,same expiry TX 202612,0.5200755707443343,False,False
2026-10-06,202612,2026-12-16,32000.0,P,50.0,settlement,50.0,47.0,54.0,71,0.19452054794520549,TX,50404.0,202612,same expiry TX 202612,0.4827225822602151,True,True
2026-10-06,202612,2026-12-16,32200.0,C,18250.0,settlement,18250.0,,18410.0,71,0.19452054794520549,TX,50404.0,202612,same expiry TX 202612,0.5134177091463088,False,False
2026-10-06,202612,2026-12-16,32200.0,P,51.0,settlement,51.0,48.0,55.0,71,0.19452054794520549,TX,50404.0,202612,same expiry TX 202612,0.4781954717839365,True,True
2026-10-06,202612,2026-12-16,32400.0,C,18050.0,settlement,18050.0,,18210.0,71,0.19452054794520549,TX,50404.0,202612,same expiry TX 202612,0.5068004247049697,False,False
2026-10-06,202612,2026-12-16,32400.0,P,52.0,settlement,52.0,50.0,58.0,71,0.19452054794520549,TX,50404.0,202612,same expiry TX 202612,0.47365557519083246,True,True
2026-10-06,202612,2026-12-16,32600.0,C,17850.0,settlement,17850.0,,18010.0,71,0.19452054794520549,TX,50404.0,202612,same expiry TX 202612,0.500223144944842,False,False
2026-10-06,202612,2026-12-16,32600.0,P,54.0,settlement,54.0,50.0,58.0,71,0.19452054794520549,TX,50404.0,202612,same expiry TX 202612,0.4703936147465207,True,True
2026-10-06,202612,2026-12-16,32800.0,C,17660.0,settlement,17660.0,,17810.0,71,0.19452054794520549,TX,50404.0,202612,same expiry TX 202612,0.503198022855187,False,False
2026-10-06,202612,2026-12-16,32800.0,P,55.0,settlement,55.0,51.0,59.0,71,0.19452054794520549,TX,50404.0,202612,same expiry TX 202612,0.465802133898032,True,True
2026-10-06,202612,2026-12-16,33000.0,C,17460.0,settlement,17460.0,,,71,0.19452054794520549,TX,50404.0,202612,same expiry TX 202612,0.4966305707351485,False,False
2026-10-06,202612,2026-12-16,33000.0,P,56.0,settlement,56.0,52.0,60.0,71,0.19452054794520549,TX,50404.0,202612,same expiry TX 202612,0.461201054836703,True,True
2026-10-06,202612,2026-12-16,33200.0,C,17260.0,settlement,17260.0,,,71,0.19452054794520549,TX,50404.0,202612,same expiry TX 202612,0.4901014968887506,False,False
2026-10-06,202612,2026-12-16,33200.0,P,56.0,settlement,56.0,53.0,61.0,71,0.19452054794520549,TX,50404.0,202612,same expiry TX 202612,0.4553838356630329,True,True
2026-10-06,202612,2026-12-16,33400.0,C,17060.0,settlement,17060.0,,17220.0,71,0.19452054794520549,TX,50404.0,202612,same expiry TX 202612,0.48361025315893896,False,False
2026-10-06,202612,2026-12-16,33400.0,P,57.0,settlement,57.0,54.0,62.0,71,0.19452054794520549,TX,50404.0,202612,same expiry TX 202612,0.45079131833585784,True,True
2026-10-06,202612,2026-12-16,33600.0,C,16860.0,settlement,16860.0,,17010.0,71,0.19452054794520549,TX,50404.0,202612,same expiry TX 202612,0.47715629935824544,False,False
2026-10-06,202612,2026-12-16,33600.0,P,59.0,settlement,59.0,56.0,64.0,71,0.19452054794520549,TX,50404.0,202612,same expiry TX 202612,0.4473462232947125,True,True
2026-10-06,202612,2026-12-16,33800.0,C,16670.0,settlement,16670.0,,,71,0.19452054794520549,TX,50404.0,202612,same expiry TX 202612,0.4792929657838415,False,False
2026-10-06,202612,2026-12-16,33800.0,P,60.0,settlement,60.0,57.0,65.0,71,0.19452054794520549,TX,50404.0,202612,same expiry TX 202612,0.4427125329083278,True,True
2026-10-06,202612,2026-12-16,34000.0,C,16470.0,settlement,16470.0,,16610.0,71,0.19452054794520549,TX,50404.0,202612,same expiry TX 202612,0.47284600929872844,False,False
2026-10-06,202612,2026-12-16,34000.0,P,61.0,settlement,61.0,58.0,66.0,71,0.19452054794520549,TX,50404.0,202612,same expiry TX 202612,0.438071930520374,True,True
2026-10-06,202612,2026-12-16,34200.0,C,16270.0,settlement,16270.0,,16410.0,71,0.19452054794520549,TX,50404.0,202612,same expiry TX 202612,0.4664347754429479,False,False
2026-10-06,202612,2026-12-16,34200.0,P,62.0,settlement,62.0,59.0,67.0,71,0.19452054794520549,TX,50404.0,202612,same expiry TX 202612,0.4334248388972727,True,True
2026-10-06,202612,2026-12-16,34400.0,C,16070.0,settlement,16070.0,,16210.0,71,0.19452054794520549,TX,50404.0,202612,same expiry TX 202612,0.46005874313116785,False,False
2026-10-06,202612,2026-12-16,34400.0,P,63.0,settlement,63.0,60.0,68.0,71,0.19452054794520549,TX,50404.0,202612,same expiry TX 202612,0.4287716476087647,True,True
2026-10-06,202612,2026-12-16,34600.0,C,15870.0,settlement,15870.0,,16010.0,71,0.19452054794520549,TX,50404.0,202612,same expiry TX 202612,0.45371739776014386,False,False
2026-10-06,202612,2026-12-16,34600.0,P,64.0,settlement,64.0,61.0,69.0,71,0.19452054794520549,TX,50404.0,202612,same expiry TX 202612,0.42411271480728374,True,True
2026-10-06,202612,2026-12-16,34800.0,C,15680.0,settlement,15680.0,,15810.0,71,0.19452054794520549,TX,50404.0,202612,same expiry TX 202612,0.4551343636364846,False,False
2026-10-06,202612,2026-12-16,34800.0,P,66.0,settlement,66.0,63.0,71.0,71,0.19452054794520549,TX,50404.0,202612,same expiry TX 202612,0.4204575298215377,True,True
2026-10-06,202612,2026-12-16,35000.0,C,15480.0,settlement,15480.0,,,71,0.19452054794520549,TX,50404.0,202612,same expiry TX 202612,0.4487973434929621,False,False
2026-10-06,202612,2026-12-16,35000.0,P,67.0,settlement,67.0,63.0,72.0,71,0.19452054794520549,TX,50404.0,202612,same expiry TX 202612,0.41576766982660857,True,True
2026-10-06,202612,2026-12-16,35200.0,C,15280.0,settlement,15280.0,,15410.0,71,0.19452054794520549,TX,50404.0,202612,same expiry TX 202612,0.44249348582196907,False,False
2026-10-06,202612,2026-12-16,35200.0,P,68.0,settlement,68.0,64.0,73.0,71,0.19452054794520549,TX,50404.0,202612,same expiry TX 202612,0.41107347904557656,True,True
2026-10-06,202612,2026-12-16,35400.0,C,15080.0,settlement,15080.0,,,71,0.19452054794520549,TX,50404.0,202612,same expiry TX 202612,0.4362222897468724,False,False
2026-10-06,202612,2026-12-16,35400.0,P,69.0,settlement,69.0,65.0,74.0,71,0.19452054794520549,TX,50404.0,202612,same expiry TX 202612,0.4063751841611839,True,True
2026-10-06,202612,2026-12-16,35600.0,C,14880.0,settlement,14880.0,,,71,0.19452054794520549,TX,50404.0,202612,same expiry TX 202612,0.4299832593639213,False,False
2026-10-06,202612,2026-12-16,35600.0,P,71.0,settlement,71.0,67.0,76.0,71,0.19452054794520549,TX,50404.0,202612,same expiry TX 202612,0.40259530278138334,True,True
2026-10-06,202612,2026-12-16,35800.0,C,14680.0,settlement,14680.0,,14790.0,71,0.19452054794520549,TX,50404.0,202612,same expiry TX 202612,0.4237759034455248,False,False
2026-10-06,202612,2026-12-16,35800.0,P,72.0,settlement,72.0,68.0,77.0,71,0.19452054794520549,TX,50404.0,202612,same expiry TX 202612,0.3978712010639054,True,True
2026-10-06,202612,2026-12-16,36000.0,C,14490.0,settlement,14490.0,,,71,0.19452054794520549,TX,50404.0,202612,same expiry TX 202612,0.4245355667568875,False,False
2026-10-06,202612,2026-12-16,36000.0,P,73.0,settlement,73.0,69.0,78.0,71,0.19452054794520549,TX,50404.0,202612,same expiry TX 202612,0.39314395805633356,True,True
2026-10-06,202612,2026-12-16,36200.0,C,14290.0,settlement,14290.0,,,71,0.19452054794520549,TX,50404.0,202612,same expiry TX 202612,0.41832885985930834,False,False
2026-10-06,202612,2026-12-16,36200.0,P,74.0,settlement,74.0,70.0,79.0,71,0.19452054794520549,TX,50404.0,202612,same expiry TX 202612,0.38841369611788706,True,True
2026-10-06,202612,2026-12-16,36400.0,C,14090.0,settlement,14090.0,,14210.0,71,0.19452054794520549,TX,50404.0,202612,same expiry TX 202612,0.41215232966883747,False,False
2026-10-06,202612,2026-12-16,36400.0,P,75.0,settlement,75.0,72.0,80.0,71,0.19452054794520549,TX,50404.0,202612,same expiry TX 202612,0.3836805183653931,True,True
2026-10-06,202612,2026-12-16,36600.0,C,13890.0,settlement,13890.0,,,71,0.19452054794520549,TX,50404.0,202612,same expiry TX 202612,0.4060054915253677,False,False
2026-10-06,202612,2026-12-16,36600.0,P,77.0,settlement,77.0,74.0,82.0,71,0.19452054794520549,TX,50404.0,202612,same expiry TX 202612,0.37977324479085867,True,True
2026-10-06,202612,2026-12-16,36800.0,C,13690.0,settlement,13690.0,,,71,0.19452054794520549,TX,50404.0,202612,same expiry TX 202612,0.3998878637950105,False,False
2026-10-06,202612,2026-12-16,36800.0,P,78.0,settlement,78.0,75.0,83.0,71,0.19452054794520549,TX,50404.0,202612,same expiry TX 202612,0.37501846283464735,True,True
2026-10-06,202612,2026-12-16,37000.0,C,13500.0,settlement,13500.0,,13590.0,71,0.19452054794520549,TX,50404.0,202612,same expiry TX 202612,0.40009274297182457,False,False
2026-10-06,202612,2026-12-16,37000.0,P,80.0,settlement,80.0,76.0,85.0,71,0.19452054794520549,TX,50404.0,202612,same expiry TX 202612,0.3710522669109156,True,True
2026-10-06,202612,2026-12-16,37200.0,C,13300.0,settlement,13300.0,,13410.0,71,0.19452054794520549,TX,50404.0,202612,same expiry TX 202612,0.39397297564289624,False,False
2026-10-06,202612,2026-12-16,37200.0,P,82.0,settlement,82.0,78.0,87.0,71,0.19452054794520549,TX,50404.0,202612,same expiry TX 202612,0.36704768178293795,True,True
2026-10-06,202612,2026-12-16,37400.0,C,13100.0,settlement,13100.0,,13210.0,71,0.19452054794520549,TX,50404.0,202612,same expiry TX 202612,0.3878809164122543,False,False
2026-10-06,202612,2026-12-16,37400.0,P,83.0,settlement,83.0,80.0,88.0,71,0.19452054794520549,TX,50404.0,202612,same expiry TX 202612,0.3622563373563995,True,True
2026-10-06,202612,2026-12-16,37600.0,C,12900.0,settlement,12900.0,,12940.0,71,0.19452054794520549,TX,50404.0,202612,same expiry TX 202612,0.3818160833063491,False,False
2026-10-06,202612,2026-12-16,37600.0,P,85.0,settlement,85.0,81.0,90.0,71,0.19452054794520549,TX,50404.0,202612,same expiry TX 202612,0.3581990316154311,True,True
2026-10-06,202612,2026-12-16,37800.0,C,12710.0,settlement,12710.0,,12820.0,71,0.19452054794520549,TX,50404.0,202612,same expiry TX 202612,0.38155447665683895,False,False
2026-10-06,202612,2026-12-16,37800.0,P,87.0,settlement,87.0,83.0,92.0,71,0.19452054794520549,TX,50404.0,202612,same expiry TX 202612,0.35410711619347635,True,True
2026-10-06,202612,2026-12-16,38000.0,C,12510.0,settlement,12510.0,12380.0,12630.0,71,0.19452054794520549,TX,50404.0,202612,same expiry TX 202612,0.3754855208694517,False,False
2026-10-06,202612,2026-12-16,38000.0,P,89.0,settlement,89.0,85.0,94.0,71,0.19452054794520549,TX,50404.0,202612,same expiry TX 202612,0.3499819021972846,True,True
2026-10-06,202612,2026-12-16,38200.0,C,12310.0,settlement,12310.0,,12420.0,71,0.19452054794520549,TX,50404.0,202612,same expiry TX 202612,0.3694422630379727,False,False
2026-10-06,202612,2026-12-16,38200.0,P,91.0,settlement,91.0,87.0,97.0,71,0.19452054794520549,TX,50404.0,202612,same expiry TX 202612,0.3458245959811818,True,True
2026-10-06,202612,2026-12-16,38400.0,C,12120.0,settlement,12120.0,,12220.0,71,0.19452054794520549,TX,50404.0,202612,same expiry TX 202612,0.3687909805183779,False,False
2026-10-06,202612,2026-12-16,38400.0,P,93.0,settlement,93.0,89.0,99.0,71,0.19452054794520549,TX,50404.0,202612,same expiry TX 202612,0.3416363064226868,True,True
2026-10-06,202612,2026-12-16,38600.0,C,11920.0,settlement,11920.0,,12010.0,71,0.19452054794520549,TX,50404.0,202612,same expiry TX 202612,0.36274242073768725,False,False
2026-10-06,202612,2026-12-16,38600.0,P,96.0,settlement,96.0,92.0,102.0,71,0.19452054794520549,TX,50404.0,202612,same expiry TX 202612,0.33806199063020065,True,True
2026-10-06,202612,2026-12-16,38800.0,C,11720.0,settlement,11720.0,,11820.0,71,0.19452054794520549,TX,50404.0,202612,same expiry TX 202612,0.35671799413064587,False,False
2026-10-06,202612,2026-12-16,38800.0,P,98.0,settlement,98.0,94.0,105.0,71,0.19452054794520549,TX,50404.0,202612,same expiry TX 202612,0.3337990695969367,True,True
2026-10-06,202612,2026-12-16,38900.0,C,11620.0,settlement,11620.0,,11720.0,71,0.19452054794520549,TX,50404.0,202612,same expiry TX 202612,0.3537146740858716,False,False
2026-10-06,202612,2026-12-16,38900.0,P,99.0,settlement,99.0,95.0,106.0,71,0.19452054794520549,TX,50404.0,202612,same expiry TX 202612,0.3316571793627448,True,True
2026-10-06,202612,2026-12-16,39000.0,C,11530.0,settlement,11530.0,,11620.0,71,0.19452054794520549,TX,50404.0,202612,same expiry TX 202612,0.3557144801973047,False,False
2026-10-06,202612,2026-12-16,39000.0,P,103.0,settlement,103.0,100.0,108.0,71,0.19452054794520549,TX,50404.0,202612,same expiry TX 202612,0.3313270422715281,True,True
2026-10-06,202612,2026-12-16,39100.0,C,11430.0,settlement,11430.0,,,71,0.19452054794520549,TX,50404.0,202612,same expiry TX 202612,0.352696054932009,False,False
2026-10-06,202612,2026-12-16,39100.0,P,103.0,settlement,103.0,100.0,109.0,71,0.19452054794520549,TX,50404.0,202612,same expiry TX 202612,0.32855430815946896,True,True
2026-10-06,202612,2026-12-16,39200.0,C,11330.0,settlement,11330.0,,11440.0,71,0.19452054794520549,TX,50404.0,202612,same expiry TX 202612,0.34968332320830425,False,False
2026-10-06,202612,2026-12-16,39200.0,P,104.0,settlement,104.0,99.0,111.0,71,0.19452054794520549,TX,50404.0,202612,same expiry TX 202612,0.326377912365834,True,True
2026-10-06,202612,2026-12-16,39300.0,C,11230.0,settlement,11230.0,,11330.0,71,0.19452054794520549,TX,50404.0,202612,same expiry TX 202612,0.3466762204083215,False,False
2026-10-06,202612,2026-12-16,39300.0,P,106.0,settlement,106.0,101.0,113.0,71,0.19452054794520549,TX,50404.0,202612,same expiry TX 202612,0.32477683162959053,True,True
2026-10-06,202612,2026-12-16,39400.0,C,11130.0,settlement,11130.0,,11230.0,71,0.19452054794520549,TX,50404.0,202612,same expiry TX 202612,0.3436746816702322,False,False
2026-10-06,202612,2026-12-16,39400.0,P,107.0,settlement,107.0,102.0,115.0,71,0.19452054794520549,TX,50404.0,202612,same expiry TX 202612,0.32258098826001164,True,True
2026-10-06,202612,2026-12-16,39500.0,C,11040.0,settlement,11040.0,,,71,0.19452054794520549,TX,50404.0,202612,same expiry TX 202612,0.3453661247433581,False,False
2026-10-06,202612,2026-12-16,39500.0,P,109.0,settlement,109.0,104.0,116.0,71,0.19452054794520549,TX,50404.0,202612,same expiry TX 202612,0.32094416889839333,True,True
2026-10-06,202612,2026-12-16,39600.0,C,10940.0,settlement,10940.0,,11030.0,71,0.19452054794520549,TX,50404.0,202612,same expiry TX 202612,0.342349605997887,False,False
2026-10-06,202612,2026-12-16,39600.0,P,111.0,settlement,111.0,106.0,119.0,71,0.19452054794520549,TX,50404.0,202612,same expiry TX 202612,0.31928531861709886,True,True
2026-10-06,202612,2026-12-16,39700.0,C,10840.0,settlement,10840.0,,10930.0,71,0.19452054794520549,TX,50404.0,202612,same expiry TX 202612,0.3393384283500862,False,False
2026-10-06,202612,2026-12-16,39700.0,P,112.0,settlement,112.0,107.0,120.0,71,0.19452054794520549,TX,50404.0,202612,same expiry TX 202612,0.3170584681673686,True,True
2026-10-06,202612,2026-12-16,39800.0,C,10740.0,settlement,10740.0,,,71,0.19452054794520549,TX,50404.0,202612,same expiry TX 202612,0.3363325246247384,False,False
2026-10-06,202612,2026-12-16,39800.0,P,114.0,settlement,114.0,109.0,121.0,71,0.19452054794520549,TX,50404.0,202612,same expiry TX 202612,0.3153661584423908,True,True
2026-10-06,202612,2026-12-16,39900.0,C,10640.0,settlement,10640.0,,,71,0.19452054794520549,TX,50404.0,202612,same expiry TX 202612,0.3333318272765321,False,False
2026-10-06,202612,2026-12-16,39900.0,P,117.0,settlement,117.0,111.0,125.0,71,0.19452054794520549,TX,50404.0,202612,same expiry TX 202612,0.31418219008214604,True,True
2026-10-06,202612,2026-12-16,40000.0,C,10550.0,settlement,10550.0,,10640.0,71,0.19452054794520549,TX,50404.0,202612,same expiry TX 202612,0.3347411064031628,False,False
2026-10-06,202612,2026-12-16,40000.0,P,119.0,settlement,119.0,113.0,125.0,71,0.19452054794520549,TX,50404.0,202612,same expiry TX 202612,0.31244068238639,True,True
2026-10-06,202612,2026-12-16,40100.0,C,10450.0,settlement,10450.0,,10540.0,71,0.19452054794520549,TX,50404.0,202612,same expiry TX 202612,0.3317254537732324,False,False
2026-10-06,202612,2026-12-16,40100.0,P,121.0,settlement,121.0,115.0,129.0,71,0.19452054794520549,TX,50404.0,202612,same expiry TX 202612,0.3106797410253407,True,True
2026-10-06,202612,2026-12-16,40200.0,C,10350.0,settlement,10350.0,,10440.0,71,0.19452054794520549,TX,50404.0,202612,same expiry TX 202612,0.3287147736728876,False,False
2026-10-06,202612,2026-12-16,40200.0,P,122.0,settlement,122.0,117.0,130.0,71,0.19452054794520549,TX,50404.0,202612,same expiry TX 202612,0.30839548185687565,True,True
2026-10-06,202612,2026-12-16,40300.0,C,10250.0,settlement,10250.0,,10340.0,71,0.19452054794520549,TX,50404.0,202612,same expiry TX 202612,0.3257089956722143,False,False
2026-10-06,202612,2026-12-16,40300.0,P,125.0,settlement,125.0,119.0,134.0,71,0.19452054794520549,TX,50404.0,202612,same expiry TX 202612,0.30710130813058173,True,True
2026-10-06,202612,2026-12-16,40400.0,C,10160.0,settlement,10160.0,,10250.0,71,0.19452054794520549,TX,50404.0,202612,same expiry TX 202612,0.32687788235122606,False,False
2026-10-06,202612,2026-12-16,40400.0,P,128.0,settlement,128.0,122.0,137.0,71,0.19452054794520549,TX,50404.0,202612,same expiry TX 202612,0.3057714553858511,True,True
2026-10-06,202612,2026-12-16,40500.0,C,10060.0,settlement,10060.0,,10140.0,71,0.19452054794520549,TX,50404.0,202612,same expiry TX 202612,0.32385724289422224,False,False
2026-10-06,202612,2026-12-16,40500.0,P,130.0,settlement,130.0,124.0,139.0,71,0.19452054794520549,TX,50404.0,202612,same expiry TX 202612,0.3039296448797744,True,True
2026-10-06,202612,2026-12-16,40600.0,C,9960.0,settlement,9960.0,,10050.0,71,0.19452054794520549,TX,50404.0,202612,same expiry TX 202612,0.3208412610076593,False,False
2026-10-06,202612,2026-12-16,40600.0,P,132.0,settlement,132.0,126.0,142.0,71,0.19452054794520549,TX,50404.0,202612,same expiry TX 202612,0.30207058023848815,True,True
2026-10-06,202612,2026-12-16,40700.0,C,9870.0,settlement,9870.0,,9950.0,71,0.19452054794520549,TX,50404.0,202612,same expiry TX 202612,0.3218071430207603,False,False
2026-10-06,202612,2026-12-16,40700.0,P,135.0,settlement,135.0,129.0,145.0,71,0.19452054794520549,TX,50404.0,202612,same expiry TX 202612,0.3006580062354633,True,True
2026-10-06,202612,2026-12-16,40800.0,C,9770.0,settlement,9770.0,,9860.0,71,0.19452054794520549,TX,50404.0,202612,same expiry TX 202612,0.31877648446123885,False,False
2026-10-06,202612,2026-12-16,40800.0,P,138.0,settlement,138.0,132.0,148.0,71,0.19452054794520549,TX,50404.0,202612,same expiry TX 202612,0.29921347070042337,True,True
2026-10-06,202612,2026-12-16,40900.0,C,9670.0,settlement,9670.0,,9750.0,71,0.19452054794520549,TX,50404.0,202612,same expiry TX 202612,0.31575022944084163,False,False
2026-10-06,202612,2026-12-16,40900.0,P,141.0,settlement,141.0,134.0,151.0,71,0.19452054794520549,TX,50404.0,202612,same expiry TX 202612,0.2977379263090354,True,True
2026-10-06,202612,2026-12-16,41000.0,C,9580.0,settlement,9580.0,,9660.0,71,0.19452054794520549,TX,50404.0,202612,same expiry TX 202612,0.31652798244239017,False,False
2026-10-06,202612,2026-12-16,41000.0,P,145.0,settlement,145.0,136.0,153.0,71,0.19452054794520549,TX,50404.0,202612,same expiry TX 202612,0.2966691905536774,True,True
2026-10-06,202612,2026-12-16,41100.0,C,9480.0,settlement,9480.0,,9560.0,71,0.19452054794520549,TX,50404.0,202612,same expiry TX 202612,0.31348716282453687,False,False
2026-10-06,202612,2026-12-16,41100.0,P,147.0,settlement,147.0,140.0,157.0,71,0.19452054794520549,TX,50404.0,202612,same expiry TX 202612,0.2946973392221307,True,True
2026-10-06,202612,2026-12-16,41200.0,C,9380.0,settlement,9380.0,,9460.0,71,0.19452054794520549,TX,50404.0,202612,same expiry TX 202612,0.3104504817806092,False,False
2026-10-06,202612,2026-12-16,41200.0,P,150.0,settlement,150.0,143.0,161.0,71,0.19452054794520549,TX,50404.0,202612,same expiry TX 202612,0.2931339313697962,True,True
2026-10-06,202612,2026-12-16,41300.0,C,9290.0,settlement,9290.0,,9360.0,71,0.19452054794520549,TX,50404.0,202612,same expiry TX 202612,0.31105297370378815,False,False
2026-10-06,202612,2026-12-16,41300.0,P,153.0,settlement,153.0,146.0,164.0,71,0.19452054794520549,TX,50404.0,202612,same expiry TX 202612,0.2915427914248451,True,True
2026-10-06,202612,2026-12-16,41400.0,C,9190.0,settlement,9190.0,,9300.0,71,0.19452054794520549,TX,50404.0,202612,same expiry TX 202612,0.3080017688536562,False,False
2026-10-06,202612,2026-12-16,41400.0,P,157.0,settlement,157.0,149.0,168.0,71,0.19452054794520549,TX,50404.0,202612,same expiry TX 202612,0.2903321850476372,True,True
2026-10-06,202612,2026-12-16,41500.0,C,9090.0,settlement,9090.0,,9170.0,71,0.19452054794520549,TX,50404.0,202612,same expiry TX 202612,0.30495442509067067,False,False
2026-10-06,202612,2026-12-16,41500.0,P,160.0,settlement,160.0,152.0,171.0,71,0.19452054794520549,TX,50404.0,202612,same expiry TX 202612,0.2886808499630885,True,True
2026-10-06,202612,2026-12-16,41600.0,C,9000.0,settlement,9000.0,,9080.0,71,0.19452054794520549,TX,50404.0,202612,same expiry TX 202612,0.30539283764721703,False,False
2026-10-06,202612,2026-12-16,41600.0,P,164.0,settlement,164.0,156.0,175.0,71,0.19452054794520549,TX,50404.0,202612,same expiry TX 202612,0.28739688394318696,True,True
2026-10-06,202612,2026-12-16,41700.0,C,8900.0,settlement,8900.0,,,71,0.19452054794520549,TX,50404.0,202612,same expiry TX 202612,0.3023309401505282,False,False
2026-10-06,202612,2026-12-16,41700.0,P,168.0,settlement,168.0,160.0,179.0,71,0.19452054794520549,TX,50404.0,202612,same expiry TX 202612,0.28607402652258057,True,True
2026-10-06,202612,2026-12-16,41800.0,C,8810.0,settlement,8810.0,,8890.0,71,0.19452054794520549,TX,50404.0,202612,same expiry TX 202612,0.30263303280076426,False,False
2026-10-06,202612,2026-12-16,41800.0,P,172.0,settlement,172.0,164.0,184.0,71,0.19452054794520549,TX,50404.0,202612,same expiry TX 202612,0.28471349286950304,True,True
2026-10-06,202612,2026-12-16,41900.0,C,8710.0,settlement,8710.0,,8780.0,71,0.19452054794520549,TX,50404.0,202612,same expiry TX 202612,0.29955669484671216,False,False
2026-10-06,202612,2026-12-16,41900.0,P,175.0,settlement,175.0,167.0,187.0,71,0.19452054794520549,TX,50404.0,202612,same expiry TX 202612,0.28294534965964663,True,True
2026-10-06,202612,2026-12-16,42000.0,C,8620.0,settlement,8620.0,,8710.0,71,0.19452054794520549,TX,50404.0,202612,same expiry TX 202612,0.2997305643020717,False,False
2026-10-06,202612,2026-12-16,42000.0,P,181.0,settlement,181.0,170.0,191.0,71,0.19452054794520549,TX,50404.0,202612,same expiry TX 202612,0.2822471511534616,True,True
2026-10-06,202612,2026-12-16,42100.0,C,8520.0,settlement,8520.0,,8590.0,71,0.19452054794520549,TX,50404.0,202612,same expiry TX 202612,0.296639847818928,False,False
2026-10-06,202612,2026-12-16,42100.0,P,184.0,settlement,184.0,176.0,196.0,71,0.19452054794520549,TX,50404.0,202612,same expiry TX 202612,0.2804168286315152,True,True
2026-10-06,202612,2026-12-16,42200.0,C,8430.0,settlement,8430.0,,8500.0,71,0.19452054794520549,TX,50404.0,202612,same expiry TX 202612,0.296692665941537,False,False
2026-10-06,202612,2026-12-16,42200.0,P,189.0,settlement,189.0,180.0,202.0,71,0.19452054794520549,TX,50404.0,202612,same expiry TX 202612,0.2792667378844287,True,True
2026-10-06,202612,2026-12-16,42300.0,C,8330.0,settlement,8330.0,,8400.0,71,0.19452054794520549,TX,50404.0,202612,same expiry TX 202612,0.2935875830474987,False,False
2026-10-06,202612,2026-12-16,42300.0,P,193.0,settlement,193.0,184.0,206.0,71,0.19452054794520549,TX,50404.0,202612,same expiry TX 202612,0.2777273826414039,True,True
2026-10-06,202612,2026-12-16,42400.0,C,8240.0,settlement,8240.0,,8300.0,71,0.19452054794520549,TX,50404.0,202612,same expiry TX 202612,0.2935257242086736,False,False
2026-10-06,202612,2026-12-16,42400.0,P,198.0,settlement,198.0,189.0,212.0,71,0.19452054794520549,TX,50404.0,202612,same expiry TX 202612,0.27649404138805245,True,True
2026-10-06,202612,2026-12-16,42500.0,C,8140.0,settlement,8140.0,,8210.0,71,0.19452054794520549,TX,50404.0,202612,same expiry TX 202612,0.2904062382625933,False,False
2026-10-06,202612,2026-12-16,42500.0,P,203.0,settlement,203.0,194.0,216.0,71,0.19452054794520549,TX,50404.0,202612,same expiry TX 202612,0.2752176366697999,True,True
2026-10-06,202612,2026-12-16,42600.0,C,8050.0,settlement,8050.0,7900.0,8120.0,71,0.19452054794520549,TX,50404.0,202612,same expiry TX 202612,0.2902353838503442,False,False
2026-10-06,202612,2026-12-16,42600.0,P,209.0,settlement,209.0,199.0,223.0,71,0.19452054794520549,TX,50404.0,202612,same expiry TX 202612,0.27422373261800875,True,True
2026-10-06,202612,2026-12-16,42700.0,C,7950.0,settlement,7950.0,,8020.0,71,0.19452054794520549,TX,50404.0,202612,same expiry TX 202612,0.287101410039803,False,False
2026-10-06,202612,2026-12-16,42700.0,P,213.0,settlement,213.0,204.0,228.0,71,0.19452054794520549,TX,50404.0,202612,same expiry TX 202612,0.27254083721727396,True,True
2026-10-06,202612,2026-12-16,42800.0,C,7860.0,settlement,7860.0,7690.0,7930.0,71,0.19452054794520549,TX,50404.0,202612,same expiry TX 202612,0.28682663478268206,False,False
2026-10-06,202612,2026-12-16,42800.0,P,220.0,settlement,220.0,210.0,235.0,71,0.19452054794520549,TX,50404.0,202612,same expiry TX 202612,0.27176719292352264,True,True
2026-10-06,202612,2026-12-16,42900.0,C,7760.0,settlement,7760.0,,7830.0,71,0.19452054794520549,TX,50404.0,202612,same expiry TX 202612,0.2836780402654617,False,False
2026-10-06,202612,2026-12-16,42900.0,P,225.0,settlement,225.0,215.0,240.0,71,0.19452054794520549,TX,50404.0,202612,same expiry TX 202612,0.2703198039240551,True,True
2026-10-06,202612,2026-12-16,43000.0,C,7670.0,settlement,7670.0,,7750.0,71,0.19452054794520549,TX,50404.0,202612,same expiry TX 202612,0.28330388393646405,False,False
2026-10-06,202612,2026-12-16,43000.0,P,232.0,settlement,232.0,222.0,247.0,71,0.19452054794520549,TX,50404.0,202612,same expiry TX 202612,0.2694356528824313,True,True
2026-10-06,202612,2026-12-16,43100.0,C,7580.0,settlement,7580.0,,,71,0.19452054794520549,TX,50404.0,202612,same expiry TX 202612,0.28285114340526,False,False
2026-10-06,202612,2026-12-16,43100.0,P,238.0,settlement,238.0,228.0,253.0,71,0.19452054794520549,TX,50404.0,202612,same expiry TX 202612,0.26819917817650163,True,True
2026-10-06,202612,2026-12-16,43200.0,C,7480.0,settlement,7480.0,,7550.0,71,0.19452054794520549,TX,50404.0,202612,same expiry TX 202612,0.27967101478926787,False,False
2026-10-06,202612,2026-12-16,43200.0,P,245.0,settlement,245.0,235.0,260.0,71,0.19452054794520549,TX,50404.0,202612,same expiry TX 202612,0.26720557374328324,True,True
2026-10-06,202612,2026-12-16,43300.0,C,7390.0,settlement,7390.0,,7450.0,71,0.19452054794520549,TX,50404.0,202612,same expiry TX 202612,0.2791265765716328,False,False
2026-10-06,202612,2026-12-16,43300.0,P,251.0,settlement,251.0,241.0,266.0,71,0.19452054794520549,TX,50404.0,202612,same expiry TX 202612,0.2658747098039892,True,True
2026-10-06,202612,2026-12-16,43400.0,C,7300.0,settlement,7300.0,,7360.0,71,0.19452054794520549,TX,50404.0,202612,same expiry TX 202612,0.2785102825792247,False,False
2026-10-06,202612,2026-12-16,43400.0,P,258.0,settlement,258.0,249.0,274.0,71,0.19452054794520549,TX,50404.0,202612,same expiry TX 202612,0.2647786525624217,True,True
2026-10-06,202612,2026-12-16,43500.0,C,7210.0,settlement,7210.0,,7270.0,71,0.19452054794520549,TX,50404.0,202612,same expiry TX 202612,0.27782497699737957,False,False
2026-10-06,202612,2026-12-16,43500.0,P,265.0,settlement,265.0,256.0,281.0,71,0.19452054794520549,TX,50404.0,202612,same expiry TX 202612,0.2636310311833229,True,True
2026-10-06,202612,2026-12-16,43600.0,C,7120.0,settlement,7120.0,,7170.0,71,0.19452054794520549,TX,50404.0,202612,same expiry TX 202612,0.2770732668326619,False,False
2026-10-06,202612,2026-12-16,43600.0,P,274.0,settlement,274.0,265.0,290.0,71,0.19452054794520549,TX,50404.0,202612,same expiry TX 202612,0.26296603780515043,True,True
2026-10-06,202612,2026-12-16,43700.0,C,7020.0,settlement,7020.0,,7080.0,71,0.19452054794520549,TX,50404.0,202612,same expiry TX 202612,0.27382887547233015,False,False
2026-10-06,202612,2026-12-16,43700.0,P,281.0,settlement,281.0,272.0,297.0,71,0.19452054794520549,TX,50404.0,202612,same expiry TX 202612,0.2617102315244909,True,True
2026-10-06,202612,2026-12-16,43800.0,C,6930.0,settlement,6930.0,,6990.0,71,0.19452054794520549,TX,50404.0,202612,same expiry TX 202612,0.2729969647802286,False,False
2026-10-06,202612,2026-12-16,43800.0,P,290.0,settlement,290.0,281.0,306.0,71,0.19452054794520549,TX,50404.0,202612,same expiry TX 202612,0.26091965893005886,True,True
2026-10-06,202612,2026-12-16,43900.0,C,6840.0,settlement,6840.0,,6900.0,71,0.19452054794520549,TX,50404.0,202612,same expiry TX 202612,0.2721033283831825,False,False
2026-10-06,202612,2026-12-16,43900.0,P,298.0,settlement,298.0,289.0,314.0,71,0.19452054794520549,TX,50404.0,202612,same expiry TX 202612,0.25981361913515905,True,True
2026-10-06,202612,2026-12-16,44000.0,C,6750.0,settlement,6750.0,6590.0,6810.0,71,0.19452054794520549,TX,50404.0,202612,same expiry TX 202612,0.2711499778068434,False,False
2026-10-06,202612,2026-12-16,44000.0,P,308.0,settlement,308.0,299.0,324.0,71,0.19452054794520549,TX,50404.0,202612,same expiry TX 202612,0.25914634625610444,True,True
2026-10-06,202612,2026-12-16,44100.0,C,6660.0,settlement,6660.0,,6720.0,71,0.19452054794520549,TX,50404.0,202612,same expiry TX 202612,0.27013876791626684,False,False
2026-10-06,202612,2026-12-16,44100.0,P,316.0,settlement,316.0,306.0,333.0,71,0.19452054794520549,TX,50404.0,202612,same expiry TX 202612,0.25792707838478696,True,True
2026-10-06,202612,2026-12-16,44200.0,C,6570.0,settlement,6570.0,6410.0,,71,0.19452054794520549,TX,50404.0,202612,same expiry TX 202612,0.26907141086235276,False,False
2026-10-06,202612,2026-12-16,44200.0,P,327.0,settlement,327.0,317.0,344.0,71,0.19452054794520549,TX,50404.0,202612,same expiry TX 202612,0.25736751713758727,True,True
2026-10-06,202612,2026-12-16,44300.0,C,6480.0,settlement,6480.0,,6530.0,71,0.19452054794520549,TX,50404.0,202612,same expiry TX 202612,0.2679494883247687,False,False
2026-10-06,202612,2026-12-16,44300.0,P,336.0,settlement,336.0,326.0,353.0,71,0.19452054794520549,TX,50404.0,202612,same expiry TX 202612,0.2562698743429506,True,True
2026-10-06,202612,2026-12-16,44400.0,C,6390.0,settlement,6390.0,6240.0,6450.0,71,0.19452054794520549,TX,50404.0,202612,same expiry TX 202612,0.26677446228487545,False,False
2026-10-06,202612,2026-12-16,44400.0,P,347.0,settlement,347.0,336.0,366.0,71,0.19452054794520549,TX,50404.0,202612,same expiry TX 202612,0.2555720807395367,True,True
2026-10-06,202612,2026-12-16,44500.0,C,6300.0,settlement,6300.0,,,71,0.19452054794520549,TX,50404.0,202612,same expiry TX 202612,0.26554768453282607,False,False
2026-10-06,202612,2026-12-16,44500.0,P,357.0,settlement,357.0,346.0,376.0,71,0.19452054794520549,TX,50404.0,202612,same expiry TX 202612,0.254581448249886,True,True
2026-10-06,202612,2026-12-16,44600.0,C,6220.0,settlement,6220.0,6060.0,6270.0,71,0.19452054794520549,TX,50404.0,202612,same expiry TX 202612,0.266348435227207,False,False
2026-10-06,202612,2026-12-16,44600.0,P,380.0,settlement,380.0,359.0,389.0,71,0.19452054794520549,TX,50404.0,202612,same expiry TX 202612,0.2563578189407631,True,True
2026-10-06,202612,2026-12-16,44700.0,C,6130.0,settlement,6130.0,,6180.0,71,0.19452054794520549,TX,50404.0,202612,same expiry TX 202612,0.2649896582620533,False,False
2026-10-06,202612,2026-12-16,44700.0,P,380.0,settlement,380.0,368.0,401.0,71,0.19452054794520549,TX,50404.0,202612,same expiry TX 202612,0.2530677783628436,True,True
2026-10-06,202612,2026-12-16,44800.0,C,6040.0,settlement,6040.0,5890.0,6100.0,71,0.19452054794520549,TX,50404.0,202612,same expiry TX 202612,0.2635836710135403,False,False
2026-10-06,202612,2026-12-16,44800.0,P,393.0,settlement,393.0,381.0,414.0,71,0.19452054794520549,TX,50404.0,202612,same expiry TX 202612,0.2525241512429328,True,True
2026-10-06,202612,2026-12-16,44900.0,C,5950.0,settlement,5950.0,,6000.0,71,0.19452054794520549,TX,50404.0,202612,same expiry TX 202612,0.2621313986419839,False,False
2026-10-06,202612,2026-12-16,44900.0,P,406.0,settlement,406.0,389.0,422.0,71,0.19452054794520549,TX,50404.0,202612,same expiry TX 202612,0.2519035810107776,True,True
2026-10-06,202612,2026-12-16,45000.0,C,5850.0,settlement,5850.0,5770.0,5920.0,71,0.19452054794520549,TX,50404.0,202612,same expiry TX 202612,0.2586781013544213,False,False
2026-10-06,202612,2026-12-16,45000.0,P,419.0,settlement,419.0,404.0,444.0,71,0.19452054794520549,TX,50404.0,202612,same expiry TX 202612,0.2512088308789673,True,True
2026-10-06,202612,2026-12-16,45100.0,C,5780.0,settlement,5780.0,,5830.0,71,0.19452054794520549,TX,50404.0,202612,same expiry TX 202612,0.2610052756120867,False,False
2026-10-06,202612,2026-12-16,45100.0,P,432.0,settlement,432.0,417.0,457.0,71,0.19452054794520549,TX,50404.0,202612,same expiry TX 202612,0.25044242054264343,True,True
2026-10-06,202612,2026-12-16,45200.0,C,5690.0,settlement,5690.0,,5770.0,71,0.19452054794520549,TX,50404.0,202612,same expiry TX 202612,0.2593922829939499,False,False
2026-10-06,202612,2026-12-16,45200.0,P,447.0,settlement,447.0,432.0,472.0,71,0.19452054794520549,TX,50404.0,202612,same expiry TX 202612,0.24999639613286018,True,True
2026-10-06,202612,2026-12-16,45300.0,C,5610.0,settlement,5610.0,,5670.0,71,0.19452054794520549,TX,50404.0,202612,same expiry TX 202612,0.25958632579040536,False,False
2026-10-06,202612,2026-12-16,45300.0,P,461.0,settlement,461.0,446.0,486.0,71,0.19452054794520549,TX,50404.0,202612,same expiry TX 202612,0.24927799035305587,True,True
2026-10-06,202612,2026-12-16,45400.0,C,5520.0,settlement,5520.0,,5570.0,71,0.19452054794520549,TX,50404.0,202612,same expiry TX 202612,0.2578642579046287,False,False
2026-10-06,202612,2026-12-16,45400.0,P,476.0,settlement,476.0,463.0,500.0,71,0.19452054794520549,TX,50404.0,202612,same expiry TX 202612,0.24867587842662114,True,True
2026-10-06,202612,2026-12-16,45500.0,C,5440.0,settlement,5440.0,,5500.0,71,0.19452054794520549,TX,50404.0,202612,same expiry TX 202612,0.2578920313963365,False,False
2026-10-06,202612,2026-12-16,45500.0,P,505.0,settlement,505.0,477.0,505.0,71,0.19452054794520549,TX,50404.0,202612,same expiry TX 202612,0.25056954856535163,True,True
2026-10-06,202612,2026-12-16,45600.0,C,5360.0,settlement,5360.0,5190.0,5410.0,71,0.19452054794520549,TX,50404.0,202612,same expiry TX 202612,0.25782424611641613,False,False
2026-10-06,202612,2026-12-16,45600.0,P,510.0,settlement,510.0,495.0,535.0,71,0.19452054794520549,TX,50404.0,202612,same expiry TX 202612,0.2479710503881631,True,True
2026-10-06,202612,2026-12-16,45700.0,C,5270.0,settlement,5270.0,,5320.0,71,0.19452054794520549,TX,50404.0,202612,same expiry TX 202612,0.2559370473409889,False,False
2026-10-06,202612,2026-12-16,45700.0,P,525.0,settlement,525.0,510.0,550.0,71,0.19452054794520549,TX,50404.0,202612,same expiry TX 202612,0.2471363554813426,True,True
2026-10-06,202612,2026-12-16,45800.0,C,5190.0,settlement,5190.0,5050.0,5240.0,71,0.19452054794520549,TX,50404.0,202612,same expiry TX 202612,0.2557180299602925,False,False
2026-10-06,202612,2026-12-16,45800.0,P,545.0,settlement,545.0,530.0,570.0,71,0.19452054794520549,TX,50404.0,202612,same expiry TX 202612,0.2471073027924849,True,True
2026-10-06,202612,2026-12-16,45900.0,C,5110.0,settlement,5110.0,,,71,0.19452054794520549,TX,50404.0,202612,same expiry TX 202612,0.25541217558954565,False,False
2026-10-06,202612,2026-12-16,45900.0,P,560.0,settlement,560.0,545.0,585.0,71,0.19452054794520549,TX,50404.0,202612,same expiry TX 202612,0.24612325125200477,True,True
2026-10-06,202612,2026-12-16,46000.0,C,5030.0,settlement,5030.0,0.1,5130.0,71,0.19452054794520549,TX,50404.0,202612,same expiry TX 202612,0.2550223898563301,False,False
2026-10-06,202612,2026-12-16,46000.0,P,580.0,settlement,580.0,565.0,605.0,71,0.19452054794520549,TX,50404.0,202612,same expiry TX 202612,0.2459201689294574,True,True
2026-10-06,202612,2026-12-16,46100.0,C,4950.0,settlement,4950.0,,4990.0,71,0.19452054794520549,TX,50404.0,202612,same expiry TX 202612,0.2545513138775016,False,False
2026-10-06,202612,2026-12-16,46100.0,P,600.0,settlement,600.0,580.0,625.0,71,0.19452054794520549,TX,50404.0,202612,same expiry TX 202612,0.24562703162835572,True,True
2026-10-06,202612,2026-12-16,46200.0,C,4870.0,settlement,4870.0,4730.0,,71,0.19452054794520549,TX,50404.0,202612,same expiry TX 202612,0.25400135021721176,False,False
2026-10-06,202612,2026-12-16,46200.0,P,620.0,settlement,620.0,600.0,645.0,71,0.19452054794520549,TX,50404.0,202612,same expiry TX 202612,0.24524692979860752,True,True
2026-10-06,202612,2026-12-16,46300.0,C,4790.0,settlement,4790.0,,4830.0,71,0.19452054794520549,TX,50404.0,202612,same expiry TX 202612,0.25337468522221585,False,False
2026-10-06,202612,2026-12-16,46300.0,P,645.0,settlement,645.0,625.0,675.0,71,0.19452054794520549,TX,50404.0,202612,same expiry TX 202612,0.24558614039690854,True,True
2026-10-06,202612,2026-12-16,46400.0,C,4710.0,settlement,4710.0,,4760.0,71,0.19452054794520549,TX,50404.0,202612,same expiry TX 202612,0.2526733082954202,False,False
2026-10-06,202612,2026-12-16,46400.0,P,665.0,settlement,665.0,640.0,690.0,71,0.19452054794520549,TX,50404.0,202612,same expiry TX 202612,0.24502809627306377,True,True
2026-10-06,202612,2026-12-16,46500.0,C,4640.0,settlement,4640.0,,,71,0.19452054794520549,TX,50404.0,202612,same expiry TX 202612,0.2534294729395317,False,False
2026-10-06,202612,2026-12-16,46500.0,P,685.0,settlement,685.0,665.0,715.0,71,0.19452054794520549,TX,50404.0,202612,same expiry TX 202612,0.24439128310395575,True,True
2026-10-06,202612,2026-12-16,46600.0,C,4560.0,settlement,4560.0,,4590.0,71,0.19452054794520549,TX,50404.0,202612,same expiry TX 202612,0.25256392848955467,False,False
2026-10-06,202612,2026-12-16,46600.0,P,700.0,settlement,700.0,680.0,730.0,71,0.19452054794520549,TX,50404.0,202612,same expiry TX 202612,0.2429090568011,True,True
2026-10-06,202612,2026-12-16,46700.0,C,4480.0,settlement,4480.0,,,71,0.19452054794520549,TX,50404.0,202612,same expiry TX 202612,0.2516294237871452,False,False
2026-10-06,202612,2026-12-16,46700.0,P,725.0,settlement,725.0,705.0,760.0,71,0.19452054794520549,TX,50404.0,202612,same expiry TX 202612,0.24288932772518662,True,True
2026-10-06,202612,2026-12-16,46800.0,C,4400.0,settlement,4400.0,,4440.0,71,0.19452054794520549,TX,50404.0,202612,same expiry TX 202612,0.25062725711508477,False,False
2026-10-06,202612,2026-12-16,46800.0,P,750.0,settlement,750.0,730.0,785.0,71,0.19452054794520549,TX,50404.0,202612,same expiry TX 202612,0.24277458766051782,True,True
2026-10-06,202612,2026-12-16,46900.0,C,4330.0,settlement,4330.0,,,71,0.19452054794520549,TX,50404.0,202612,same expiry TX 202612,0.2510100838930917,False,False
2026-10-06,202612,2026-12-16,46900.0,P,770.0,settlement,770.0,750.0,810.0,71,0.19452054794520549,TX,50404.0,202612,same expiry TX 202612,0.2418316526298452,True,True
2026-10-06,202612,2026-12-16,47000.0,C,4250.0,settlement,4250.0,,4300.0,71,0.19452054794520549,TX,50404.0,202612,same expiry TX 202612,0.2498591799961252,False,False
2026-10-06,202612,2026-12-16,47000.0,P,795.0,settlement,795.0,775.0,835.0,71,0.19452054794520549,TX,50404.0,202612,same expiry TX 202612,0.24154585469085954,True,True
2026-10-06,202612,2026-12-16,47100.0,C,4180.0,settlement,4180.0,,,71,0.19452054794520549,TX,50404.0,202612,same expiry TX 202612,0.25005983214007077,False,False
2026-10-06,202612,2026-12-16,47100.0,P,825.0,settlement,825.0,800.0,865.0,71,0.19452054794520549,TX,50404.0,202612,same expiry TX 202612,0.24188940386506044,True,True
2026-10-06,202612,2026-12-16,47200.0,C,4110.0,settlement,4110.0,,4200.0,71,0.19452054794520549,TX,50404.0,202612,same expiry TX 202612,0.2501638358173675,False,False
2026-10-06,202612,2026-12-16,47200.0,P,850.0,settlement,850.0,825.0,890.0,71,0.19452054794520549,TX,50404.0,202612,same expiry TX 202612,0.24142234240468,True,True
2026-10-06,202612,2026-12-16,47300.0,C,4030.0,settlement,4030.0,,4080.0,71,0.19452054794520549,TX,50404.0,202612,same expiry TX 202612,0.24879407877828702,False,False
2026-10-06,202612,2026-12-16,47300.0,P,880.0,settlement,880.0,855.0,920.0,71,0.19452054794520549,TX,50404.0,202612,same expiry TX 202612,0.24157087583237005,True,True
2026-10-06,202612,2026-12-16,47400.0,C,3960.0,settlement,3960.0,,4060.0,71,0.19452054794520549,TX,50404.0,202612,same expiry TX 202612,0.24872967004020444,False,False
2026-10-06,202612,2026-12-16,47400.0,P,905.0,settlement,905.0,880.0,945.0,71,0.19452054794520549,TX,50404.0,202612,same expiry TX 202612,0.24093252912927612,True,True
2026-10-06,202612,2026-12-16,47500.0,C,3890.0,settlement,3890.0,,,71,0.19452054794520549,TX,50404.0,202612,same expiry TX 202612,0.24857582466967587,False,False
2026-10-06,202612,2026-12-16,47500.0,P,935.0,settlement,935.0,910.0,975.0,71,0.19452054794520549,TX,50404.0,202612,same expiry TX 202612,0.24089693428183806,True,True
2026-10-06,202612,2026-12-16,47600.0,C,3820.0,settlement,3820.0,525.0,3920.0,71,0.19452054794520549,TX,50404.0,202612,same expiry TX 202612,0.2483347815471054,False,False
2026-10-06,202612,2026-12-16,47600.0,P,965.0,settlement,965.0,935.0,1000.0,71,0.19452054794520549,TX,50404.0,202612,same expiry TX 202612,0.24076872019299905,True,True
2026-10-06,202612,2026-12-16,47700.0,C,3750.0,settlement,3750.0,,,71,0.19452054794520549,TX,50404.0,202612,same expiry TX 202612,0.24800855718249826,False,False
2026-10-06,202612,2026-12-16,47700.0,P,995.0,settlement,995.0,965.0,1030.0,71,0.19452054794520549,TX,50404.0,202612,same expiry TX 202612,0.24055028241746618,True,True
2026-10-06,202612,2026-12-16,47800.0,C,3680.0,settlement,3680.0,,3760.0,71,0.19452054794520549,TX,50404.0,202612,same expiry TX 202612,0.2475989636460154,False,False
2026-10-06,202612,2026-12-16,47800.0,P,1030.0,settlement,1030.0,1000.0,1080.0,71,0.19452054794520549,TX,50404.0,202612,same expiry TX 202612,0.24090197363660235,True,True
2026-10-06,202612,2026-12-16,47900.0,C,3610.0,settlement,3610.0,,3650.0,71,0.19452054794520549,TX,50404.0,202612,same expiry TX 202612,0.24710762393037564,False,False
2026-10-06,202612,2026-12-16,47900.0,P,1060.0,settlement,1060.0,1020.0,1100.0,71,0.19452054794520549,TX,50404.0,202612,same expiry TX 202612,0.24050255434226336,True,True
2026-10-06,202612,2026-12-16,48000.0,C,3550.0,settlement,3550.0,3460.0,3590.0,71,0.19452054794520549,TX,50404.0,202612,same expiry TX 202612,0.2478179635485478,False,False
2026-10-06,202612,2026-12-16,48000.0,P,1090.0,settlement,1090.0,1050.0,1130.0,71,0.19452054794520549,TX,50404.0,202612,same expiry TX 202612,0.2400190462167116,True,True
2026-10-06,202612,2026-12-16,48100.0,C,3480.0,settlement,3480.0,3400.0,3520.0,71,0.19452054794520549,TX,50404.0,202612,same expiry TX 202612,0.2471559069512893,False,False
2026-10-06,202612,2026-12-16,48100.0,P,1120.0,settlement,1120.0,1080.0,1160.0,71,0.19452054794520549,TX,50404.0,202612,same expiry TX 202612,0.23945295359963828,True,True
2026-10-06,202612,2026-12-16,48200.0,C,3410.0,settlement,3410.0,3340.0,3450.0,71,0.19452054794520549,TX,50404.0,202612,same expiry TX 202612,0.24641650788215946,False,False
2026-10-06,202612,2026-12-16,48200.0,P,1150.0,settlement,1150.0,1120.0,1200.0,71,0.19452054794520549,TX,50404.0,202612,same expiry TX 202612,0.23880560281927796,True,True
2026-10-06,202612,2026-12-16,48300.0,C,3340.0,settlement,3340.0,3270.0,3390.0,71,0.19452054794520549,TX,50404.0,202612,same expiry TX 202612,0.2456007199640528,False,False
2026-10-06,202612,2026-12-16,48300.0,P,1180.0,settlement,1180.0,1150.0,1230.0,71,0.19452054794520549,TX,50404.0,202612,same expiry TX 202612,0.23807815256188833,True,True
2026-10-06,202612,2026-12-16,48400.0,C,3280.0,settlement,3280.0,3210.0,3320.0,71,0.19452054794520549,TX,50404.0,202612,same expiry TX 202612,0.24594804696326875,False,False
2026-10-06,202612,2026-12-16,48400.0,P,1220.0,settlement,1220.0,1190.0,1270.0,71,0.19452054794520549,TX,50404.0,202612,same expiry TX 202612,0.23851572206539967,True,True
2026-10-06,202612,2026-12-16,48500.0,C,3210.0,settlement,3210.0,3140.0,3250.0,71,0.19452054794520549,TX,50404.0,202612,same expiry TX 202612,0.2449725286069729,False,False
2026-10-06,202612,2026-12-16,48500.0,P,1250.0,settlement,1250.0,1220.0,1300.0,71,0.19452054794520549,TX,50404.0,202612,same expiry TX 202612,0.23762106996093016,True,True
2026-10-06,202612,2026-12-16,48600.0,C,3150.0,settlement,3150.0,3080.0,3190.0,71,0.19452054794520549,TX,50404.0,202612,same expiry TX 202612,0.24514304957695013,False,False
2026-10-06,202612,2026-12-16,48600.0,P,1290.0,settlement,1290.0,1260.0,1340.0,71,0.19452054794520549,TX,50404.0,202612,same expiry TX 202612,0.2378735253482481,True,True
2026-10-06,202612,2026-12-16,48700.0,C,3090.0,settlement,3090.0,3020.0,3140.0,71,0.19452054794520549,TX,50404.0,202612,same expiry TX 202612,0.24522290086485934,False,False
2026-10-06,202612,2026-12-16,48700.0,P,1330.0,settlement,1330.0,1290.0,1370.0,71,0.19452054794520549,TX,50404.0,202612,same expiry TX 202612,0.23803122944569544,True,True
2026-10-06,202612,2026-12-16,48800.0,C,3030.0,settlement,3030.0,2960.0,3090.0,71,0.19452054794520549,TX,50404.0,202612,same expiry TX 202612,0.2452138463285347,False,False
2026-10-06,202612,2026-12-16,48800.0,P,1370.0,settlement,1370.0,1320.0,1400.0,71,0.19452054794520549,TX,50404.0,202612,same expiry TX 202612,0.23809619530346887,True,True
2026-10-06,202612,2026-12-16,48900.0,C,2960.0,settlement,2960.0,2870.0,2980.0,71,0.19452054794520549,TX,50404.0,202612,same expiry TX 202612,0.24392255411122243,False,False
2026-10-06,202612,2026-12-16,48900.0,P,1400.0,settlement,1400.0,1370.0,1450.0,71,0.19452054794520549,TX,50404.0,202612,same expiry TX 202612,0.23687256702164183,True,True
2026-10-06,202612,2026-12-16,49000.0,C,2900.0,settlement,2900.0,2810.0,2920.0,71,0.19452054794520549,TX,50404.0,202612,same expiry TX 202612,0.2437474784933349,False,False
2026-10-06,202612,2026-12-16,49000.0,P,1440.0,settlement,1440.0,1410.0,1490.0,71,0.19452054794520549,TX,50404.0,202612,same expiry TX 202612,0.23676488612728228,True,True
2026-10-06,202612,2026-12-16,49100.0,C,2840.0,settlement,2840.0,2750.0,2870.0,71,0.19452054794520549,TX,50404.0,202612,same expiry TX 202612,0.2434871525068421,False,False
2026-10-06,202612,2026-12-16,49100.0,P,1480.0,settlement,1480.0,1450.0,1530.0,71,0.19452054794520549,TX,50404.0,202612,same expiry TX 202612,0.23656866949058522,True,True
2026-10-06,202612,2026-12-16,49200.0,C,2780.0,settlement,2780.0,2720.0,2830.0,71,0.19452054794520549,TX,50404.0,202612,same expiry TX 202612,0.24314263129652255,False,False
2026-10-06,202612,2026-12-16,49200.0,P,1520.0,settlement,1520.0,1490.0,1570.0,71,0.19452054794520549,TX,50404.0,202612,same expiry TX 202612,0.23628512716729352,True,True
2026-10-06,202612,2026-12-16,49300.0,C,2720.0,settlement,2720.0,2660.0,2780.0,71,0.19452054794520549,TX,50404.0,202612,same expiry TX 202612,0.242714808363102,False,False
2026-10-06,202612,2026-12-16,49300.0,P,1560.0,settlement,1560.0,1530.0,1610.0,71,0.19452054794520549,TX,50404.0,202612,same expiry TX 202612,0.2359152884968465,True,True
2026-10-06,202612,2026-12-16,49400.0,C,2660.0,settlement,2660.0,2610.0,2710.0,71,0.19452054794520549,TX,50404.0,202612,same expiry TX 202612,0.24220442179527257,False,False
2026-10-06,202612,2026-12-16,49400.0,P,1600.0,settlement,1600.0,1570.0,1650.0,71,0.19452054794520549,TX,50404.0,202612,same expiry TX 202612,0.23546000998237415,True,True
2026-10-06,202612,2026-12-16,49500.0,C,2610.0,settlement,2610.0,2550.0,2670.0,71,0.19452054794520549,TX,50404.0,202612,same expiry TX 202612,0.24277022227416634,False,False
2026-10-06,202612,2026-12-16,49500.0,P,1640.0,settlement,1640.0,1610.0,1690.0,71,0.19452054794520549,TX,50404.0,202612,same expiry TX 202612,0.23491998146269674,True,True
2026-10-06,202612,2026-12-16,49600.0,C,2550.0,settlement,2550.0,2500.0,2610.0,71,0.19452054794520549,TX,50404.0,202612,same expiry TX 202612,0.2420917279092573,False,False
2026-10-06,202612,2026-12-16,49600.0,P,1690.0,settlement,1690.0,1660.0,1740.0,71,0.19452054794520549,TX,50404.0,202612,same expiry TX 202612,0.23544996335197177,True,True
2026-10-06,202612,2026-12-16,49700.0,C,2500.0,settlement,2500.0,2430.0,2550.0,71,0.19452054794520549,TX,50404.0,202612,same expiry TX 202612,0.2424817015042398,False,False
2026-10-06,202612,2026-12-16,49700.0,P,1730.0,settlement,1730.0,1700.0,1780.0,71,0.19452054794520549,TX,50404.0,202612,same expiry TX 202612,0.23473749493792764,True,True
2026-10-06,202612,2026-12-16,49800.0,C,2430.0,settlement,2430.0,2330.0,2430.0,71,0.19452054794520549,TX,50404.0,202612,same expiry TX 202612,0.2404923898124163,False,False
2026-10-06,202612,2026-12-16,49800.0,P,1780.0,settlement,1780.0,1750.0,1830.0,71,0.19452054794520549,TX,50404.0,202612,same expiry TX 202612,0.23508768326740234,True,True
2026-10-06,202612,2026-12-16,49900.0,C,2390.0,settlement,2390.0,2330.0,2430.0,71,0.19452054794520549,TX,50404.0,202612,same expiry TX 202612,0.2418560156350317,False,False
2026-10-06,202612,2026-12-16,49900.0,P,1830.0,settlement,1830.0,1780.0,1860.0,71,0.19452054794520549,TX,50404.0,202612,same expiry TX 202612,0.2353476909024782,True,True
2026-10-06,202612,2026-12-16,50000.0,C,2330.0,settlement,2330.0,2270.0,2350.0,71,0.19452054794520549,TX,50404.0,202612,same expiry TX 202612,0.24084857862632536,False,False
2026-10-06,202612,2026-12-16,50000.0,P,1870.0,settlement,1870.0,1830.0,1920.0,71,0.19452054794520549,TX,50404.0,202612,same expiry TX 202612,0.23437944932694854,True,True
2026-10-06,202612,2026-12-16,50100.0,C,2280.0,settlement,2280.0,2190.0,2290.0,71,0.19452054794520549,TX,50404.0,202612,same expiry TX 202612,0.24089744750017872,False,False
2026-10-06,202612,2026-12-16,50100.0,P,1910.0,settlement,1910.0,1880.0,1970.0,71,0.19452054794520549,TX,50404.0,202612,same expiry TX 202612,0.23332850466969218,True,True
2026-10-06,202612,2026-12-16,50200.0,C,2230.0,settlement,2230.0,2180.0,2280.0,71,0.19452054794520549,TX,50404.0,202612,same expiry TX 202612,0.24086125646497994,False,False
2026-10-06,202612,2026-12-16,50200.0,P,1960.0,settlement,1960.0,1910.0,2000.0,71,0.19452054794520549,TX,50404.0,202612,same expiry TX 202612,0.23332886721479146,True,True
2026-10-06,202612,2026-12-16,50300.0,C,2180.0,settlement,2180.0,2120.0,2220.0,71,0.19452054794520549,TX,50404.0,202612,same expiry TX 202612,0.24074062606100935,False,False
2026-10-06,202612,2026-12-16,50300.0,P,2010.0,settlement,2010.0,1970.0,2060.0,71,0.19452054794520549,TX,50404.0,202612,same expiry TX 202612,0.23324193872610027,True,True
2026-10-06,202612,2026-12-16,50400.0,C,2130.0,settlement,2130.0,2080.0,2180.0,71,0.19452054794520549,TX,50404.0,202612,same expiry TX 202612,0.240536024055733,False,False
2026-10-06,202612,2026-12-16,50400.0,P,2060.0,settlement,2060.0,2010.0,2100.0,71,0.19452054794520549,TX,50404.0,202612,same expiry TX 202612,0.2330682422525686,True,True
2026-10-06,202612,2026-12-16,50500.0,C,2080.0,settlement,2080.0,2030.0,2130.0,71,0.19452054794520549,TX,50404.0,202612,same expiry TX 202612,0.2402477680789445,True,True
2026-10-06,202612,2026-12-16,50500.0,P,2110.0,settlement,2110.0,2060.0,2160.0,71,0.19452054794520549,TX,50404.0,202612,same expiry TX 202612,0.23280813550609825,False,False
2026-10-06,202612,2026-12-16,50600.0,C,2030.0,settlement,2030.0,1970.0,2060.0,71,0.19452054794520549,TX,50404.0,202612,same expiry TX 202612,0.23987602695707297,True,True
2026-10-06,202612,2026-12-16,50600.0,P,2160.0,settlement,2160.0,2110.0,2210.0,71,0.19452054794520549,TX,50404.0,202612,same expiry TX 202612,0.23246181260542947,False,False
2026-10-06,202612,2026-12-16,50700.0,C,1990.0,settlement,1990.0,1920.0,2010.0,71,0.19452054794520549,TX,50404.0,202612,same expiry TX 202612,0.24055058607191956,True,True
2026-10-06,202612,2026-12-16,50700.0,P,2220.0,settlement,2220.0,2160.0,2260.0,71,0.19452054794520549,TX,50404.0,202612,same expiry TX 202612,0.2331590852897872,False,False
2026-10-06,202612,2026-12-16,50800.0,C,1940.0,settlement,1940.0,1880.0,1970.0,71,0.19452054794520549,TX,50404.0,202612,same expiry TX 202612,0.24001203795654716,True,True
2026-10-06,202612,2026-12-16,50800.0,P,2270.0,settlement,2270.0,2210.0,2310.0,71,0.19452054794520549,TX,50404.0,202612,same expiry TX 202612,0.2326405998927435,False,False
2026-10-06,202612,2026-12-16,50900.0,C,1890.0,settlement,1890.0,1840.0,1930.0,71,0.19452054794520549,TX,50404.0,202612,same expiry TX 202612,0.23939002084918007,True,True
2026-10-06,202612,2026-12-16,50900.0,P,2330.0,settlement,2330.0,2270.0,2370.0,71,0.19452054794520549,TX,50404.0,202612,same expiry TX 202612,0.23316679318214423,False,False
2026-10-06,202612,2026-12-16,51000.0,C,1850.0,settlement,1850.0,1770.0,1850.0,71,0.19452054794520549,TX,50404.0,202612,same expiry TX 202612,0.23981581064265434,True,True
2026-10-06,202612,2026-12-16,51000.0,P,2380.0,settlement,2380.0,2320.0,2420.0,71,0.19452054794520549,TX,50404.0,202612,same expiry TX 202612,0.2324766716815833,False,False
2026-10-06,202612,2026-12-16,51100.0,C,1810.0,settlement,1810.0,1740.0,1820.0,71,0.19452054794520549,TX,50404.0,202612,same expiry TX 202612,0.2401599972334011,True,True
2026-10-06,202612,2026-12-16,51100.0,P,2440.0,settlement,2440.0,2410.0,2520.0,71,0.19452054794520549,TX,50404.0,202612,same expiry TX 202612,0.23283334191274357,False,False
2026-10-06,202612,2026-12-16,51200.0,C,1760.0,settlement,1760.0,1700.0,1780.0,71,0.19452054794520549,TX,50404.0,202612,same expiry TX 202612,0.23928815223955563,True,True
2026-10-06,202612,2026-12-16,51200.0,P,2490.0,settlement,2490.0,2430.0,2540.0,71,0.19452054794520549,TX,50404.0,202612,same expiry TX 202612,0.23197082625213508,False,False
2026-10-06,202612,2026-12-16,51300.0,C,1720.0,settlement,1720.0,1660.0,1740.0,71,0.19452054794520549,TX,50404.0,202612,same expiry TX 202612,0.2394682300413735,True,True
2026-10-06,202612,2026-12-16,51300.0,P,2550.0,settlement,2550.0,2510.0,2620.0,71,0.19452054794520549,TX,50404.0,202612,same expiry TX 202612,0.2321582739236448,False,False
2026-10-06,202612,2026-12-16,51400.0,C,1680.0,settlement,1680.0,1620.0,1700.0,71,0.19452054794520549,TX,50404.0,202612,same expiry TX 202612,0.239567307705035,True,True
2026-10-06,202612,2026-12-16,51400.0,P,2610.0,settlement,2610.0,2560.0,,71,0.19452054794520549,TX,50404.0,202612,same expiry TX 202612,0.23226223460071022,False,False
2026-10-06,202612,2026-12-16,51500.0,C,1640.0,settlement,1640.0,1570.0,1650.0,71,0.19452054794520549,TX,50404.0,202612,same expiry TX 202612,0.23958543573412203,True,True
2026-10-06,202612,2026-12-16,51500.0,P,2670.0,settlement,2670.0,2610.0,,71,0.19452054794520549,TX,50404.0,202612,same expiry TX 202612,0.2322827346155551,False,False
2026-10-06,202612,2026-12-16,51600.0,C,1600.0,settlement,1600.0,1530.0,1610.0,71,0.19452054794520549,TX,50404.0,202612,same expiry TX 202612,0.23952252601540122,True,True
2026-10-06,202612,2026-12-16,51600.0,P,2730.0,settlement,2730.0,2670.0,,71,0.19452054794520549,TX,50404.0,202612,same expiry TX 202612,0.23221964821787341,False,False
2026-10-06,202612,2026-12-16,51700.0,C,1560.0,settlement,1560.0,1490.0,1570.0,71,0.19452054794520549,TX,50404.0,202612,same expiry TX 202612,0.23937834992337956,True,True
2026-10-06,202612,2026-12-16,51700.0,P,2790.0,settlement,2790.0,2730.0,,71,0.19452054794520549,TX,50404.0,202612,same expiry TX 202612,0.23207269518949686,False,False
2026-10-06,202612,2026-12-16,51800.0,C,1520.0,settlement,1520.0,1460.0,1540.0,71,0.19452054794520549,TX,50404.0,202612,same expiry TX 202612,0.23915253521719954,True,True
2026-10-06,202612,2026-12-16,51800.0,P,2850.0,settlement,2850.0,2790.0,,71,0.19452054794520549,TX,50404.0,202612,same expiry TX 202612,0.23184143704000476,False,False
2026-10-06,202612,2026-12-16,51900.0,C,1480.0,settlement,1480.0,1420.0,1500.0,71,0.19452054794520549,TX,50404.0,202612,same expiry TX 202612,0.23884456166478935,True,True
2026-10-06,202612,2026-12-16,51900.0,P,2910.0,settlement,2910.0,2860.0,,71,0.19452054794520549,TX,50404.0,202612,same expiry TX 202612,0.23152527169786585,False,False
2026-10-06,202612,2026-12-16,52000.0,C,1440.0,settlement,1440.0,1380.0,1460.0,71,0.19452054794520549,TX,50404.0,202612,same expiry TX 202612,0.23845375530084506,True,True
2026-10-06,202612,2026-12-16,52000.0,P,2970.0,settlement,2970.0,2920.0,,71,0.19452054794520549,TX,50404.0,202612,same expiry TX 202612,0.23112342658219598,False,False
2026-10-06,202612,2026-12-16,52100.0,C,1400.0,settlement,1400.0,1340.0,1420.0,71,0.19452054794520549,TX,50404.0,202612,same expiry TX 202612,0.23797928120164644,True,True
2026-10-06,202612,2026-12-16,52100.0,P,3030.0,settlement,3030.0,2980.0,,71,0.19452054794520549,TX,50404.0,202612,same expiry TX 202612,0.23063494988873218,False,False
2026-10-06,202612,2026-12-16,52200.0,C,1360.0,settlement,1360.0,1300.0,1380.0,71,0.19452054794520549,TX,50404.0,202612,same expiry TX 202612,0.23742013460995173,True,True
2026-10-06,202612,2026-12-16,52200.0,P,3090.0,settlement,3090.0,,,71,0.19452054794520549,TX,50404.0,202612,same expiry TX 202612,0.23005869990028927,False,False
2026-10-06,202612,2026-12-16,52300.0,C,1330.0,settlement,1330.0,1260.0,1340.0,71,0.19452054794520549,TX,50404.0,202612,same expiry TX 202612,0.2379570261042049,True,True
2026-10-06,202612,2026-12-16,52300.0,P,3150.0,settlement,3150.0,3110.0,,71,0.19452054794520549,TX,50404.0,202612,same expiry TX 202612,0.22939333205395726,False,False
2026-10-06,202612,2026-12-16,52400.0,C,1290.0,settlement,1290.0,1240.0,1320.0,71,0.19452054794520549,TX,50404.0,202612,same expiry TX 202612,0.23723197325640555,True,True
2026-10-06,202612,2026-12-16,52400.0,P,3220.0,settlement,3220.0,3170.0,,71,0.19452054794520549,TX,50404.0,202612,same expiry TX 202612,0.22983168248249028,False,False
2026-10-06,202612,2026-12-16,52500.0,C,1260.0,settlement,1260.0,1200.0,1280.0,71,0.19452054794520549,TX,50404.0,202612,same expiry TX 202612,0.23761466696292635,True,True
2026-10-06,202612,2026-12-16,52500.0,P,3280.0,settlement,3280.0,3240.0,,71,0.19452054794520549,TX,50404.0,202612,same expiry TX 202612,0.22899161619784258,False,False
2026-10-06,202612,2026-12-16,52600.0,C,1230.0,settlement,1230.0,1160.0,1240.0,71,0.19452054794520549,TX,50404.0,202612,same expiry TX 202612,0.2379230062605769,True,True
2026-10-06,202612,2026-12-16,52600.0,P,3350.0,settlement,3350.0,3310.0,,71,0.19452054794520549,TX,50404.0,202612,same expiry TX 202612,0.2292686197801876,False,False
2026-10-06,202612,2026-12-16,52700.0,C,1190.0,settlement,1190.0,1130.0,1210.0,71,0.19452054794520549,TX,50404.0,202612,same expiry TX 202612,0.23694561283057874,True,True
2026-10-06,202612,2026-12-16,52700.0,P,3420.0,settlement,3420.0,3370.0,,71,0.19452054794520549,TX,50404.0,202612,same expiry TX 202612,0.22946784934781084,False,False
2026-10-06,202612,2026-12-16,52800.0,C,1160.0,settlement,1160.0,1100.0,1180.0,71,0.19452054794520549,TX,50404.0,202612,same expiry TX 202612,0.23709590101741967,True,True
2026-10-06,202612,2026-12-16,52800.0,P,3490.0,settlement,3490.0,3430.0,,71,0.19452054794520549,TX,50404.0,202612,same expiry TX 202612,0.22958871856819024,False,False
2026-10-06,202612,2026-12-16,52900.0,C,1130.0,settlement,1130.0,1070.0,1150.0,71,0.19452054794520549,TX,50404.0,202612,same expiry TX 202612,0.23716998588382815,True,True
2026-10-06,202612,2026-12-16,52900.0,P,3550.0,settlement,3550.0,3500.0,,71,0.19452054794520549,TX,50404.0,202612,same expiry TX 202612,0.22839235582383519,False,False
2026-10-06,202612,2026-12-16,53000.0,C,1100.0,settlement,1100.0,1030.0,1110.0,71,0.19452054794520549,TX,50404.0,202612,same expiry TX 202612,0.23716712959037664,True,True
2026-10-06,202612,2026-12-16,53000.0,P,3620.0,settlement,3620.0,3540.0,,71,0.19452054794520549,TX,50404.0,202612,same expiry TX 202612,0.22834392261363387,False,False
2026-10-06,202612,2026-12-16,53100.0,C,1070.0,settlement,1070.0,1010.0,1090.0,71,0.19452054794520549,TX,50404.0,202612,same expiry TX 202612,0.23708645034551576,True,True
2026-10-06,202612,2026-12-16,53100.0,P,3690.0,settlement,3690.0,3610.0,,71,0.19452054794520549,TX,50404.0,202612,same expiry TX 202612,0.22821382149826497,False,False
2026-10-06,202612,2026-12-16,53200.0,C,1040.0,settlement,1040.0,1000.0,1060.0,71,0.19452054794520549,TX,50404.0,202612,same expiry TX 202612,0.23692691378089914,True,True
2026-10-06,202612,2026-12-16,53200.0,P,3760.0,settlement,3760.0,3710.0,,71,0.19452054794520549,TX,50404.0,202612,same expiry TX 202612,0.22800078146129493,False,False
2026-10-06,202612,2026-12-16,53300.0,C,1010.0,settlement,1010.0,955.0,1020.0,71,0.19452054794520549,TX,50404.0,202612,same expiry TX 202612,0.23668732270230936,True,True
2026-10-06,202612,2026-12-16,53300.0,P,3830.0,settlement,3830.0,3790.0,,71,0.19452054794520549,TX,50404.0,202612,same expiry TX 202612,0.22770333760451253,False,False
2026-10-06,202612,2026-12-16,53400.0,C,980.0,settlement,980.0,935.0,1000.0,71,0.19452054794520549,TX,50404.0,202612,same expiry TX 202612,0.23636630499147226,True,True
2026-10-06,202612,2026-12-16,53400.0,P,3900.0,settlement,3900.0,3860.0,,71,0.19452054794520549,TX,50404.0,202612,same expiry TX 202612,0.22731981489250572,False,False
2026-10-06,202612,2026-12-16,53500.0,C,950.0,settlement,950.0,900.0,965.0,71,0.19452054794520549,TX,50404.0,202612,same expiry TX 202612,0.23596229938219337,True,True
2026-10-06,202612,2026-12-16,53500.0,P,3970.0,settlement,3970.0,3910.0,,71,0.19452054794520549,TX,50404.0,202612,same expiry TX 202612,0.22684830896281863,False,False
2026-10-06,202612,2026-12-16,53600.0,C,925.0,settlement,925.0,875.0,940.0,71,0.19452054794520549,TX,50404.0,202612,same expiry TX 202612,0.23612678650522606,True,True
2026-10-06,202612,2026-12-16,53600.0,P,4050.0,settlement,4050.0,4000.0,,71,0.19452054794520549,TX,50404.0,202612,same expiry TX 202612,0.22761130874472518,False,False
2026-10-06,202612,2026-12-16,53700.0,C,900.0,settlement,900.0,850.0,915.0,71,0.19452054794520549,TX,50404.0,202612,same expiry TX 202612,0.2362179250980516,True,True
2026-10-06,202612,2026-12-16,53700.0,P,4120.0,settlement,4120.0,4080.0,,71,0.19452054794520549,TX,50404.0,202612,same expiry TX 202612,0.22697283534897936,False,False
2026-10-06,202612,2026-12-16,53800.0,C,870.0,settlement,870.0,830.0,895.0,71,0.19452054794520549,TX,50404.0,202612,same expiry TX 202612,0.23556835358333303,True,True
2026-10-06,202612,2026-12-16,53800.0,P,4190.0,settlement,4190.0,4140.0,,71,0.19452054794520549,TX,50404.0,202612,same expiry TX 202612,0.2262401142281714,False,False
2026-10-06,202612,2026-12-16,53900.0,C,840.0,settlement,840.0,800.0,865.0,71,0.19452054794520549,TX,50404.0,202612,same expiry TX 202612,0.23482825773712057,True,True
2026-10-06,202612,2026-12-16,53900.0,P,4260.0,settlement,4260.0,4230.0,,71,0.19452054794520549,TX,50404.0,202612,same expiry TX 202612,0.22541015469085876,False,False
2026-10-06,202612,2026-12-16,54000.0,C,815.0,settlement,815.0,775.0,835.0,71,0.19452054794520549,TX,50404.0,202612,same expiry TX 202612,0.23467742342266287,True,True
2026-10-06,202612,2026-12-16,54000.0,P,4330.0,settlement,4330.0,4290.0,,71,0.19452054794520549,TX,50404.0,202612,same expiry TX 202612,0.22447958886851163,False,False
2026-10-06,202612,2026-12-16,54100.0,C,795.0,settlement,795.0,755.0,815.0,71,0.19452054794520549,TX,50404.0,202612,same expiry TX 202612,0.23513676432839667,True,True
2026-10-06,202612,2026-12-16,54100.0,P,4410.0,settlement,4410.0,4370.0,,71,0.19452054794520549,TX,50404.0,202612,same expiry TX 202612,0.22485524273772134,False,False
2026-10-06,202612,2026-12-16,54200.0,C,775.0,settlement,775.0,740.0,795.0,71,0.19452054794520549,TX,50404.0,202612,same expiry TX 202612,0.23553062875602931,True,True
2026-10-06,202612,2026-12-16,54200.0,P,4500.0,settlement,4500.0,4450.0,,71,0.19452054794520549,TX,50404.0,202612,same expiry TX 202612,0.2265836686723043,False,False
2026-10-06,202612,2026-12-16,54300.0,C,755.0,settlement,755.0,715.0,770.0,71,0.19452054794520549,TX,50404.0,202612,same expiry TX 202612,0.23585820919865513,True,True
2026-10-06,202612,2026-12-16,54300.0,P,4570.0,settlement,4570.0,4520.0,,71,0.19452054794520549,TX,50404.0,202612,same expiry TX 202612,0.22539558516734337,False,False
2026-10-06,202612,2026-12-16,54400.0,C,730.0,settlement,730.0,690.0,745.0,71,0.19452054794520549,TX,50404.0,202612,same expiry TX 202612,0.23540592865507087,True,True
2026-10-06,202612,2026-12-16,54400.0,P,4650.0,settlement,4650.0,4600.0,,71,0.19452054794520549,TX,50404.0,202612,same expiry TX 202612,0.22555790777109105,False,False
2026-10-06,202612,2026-12-16,54500.0,C,710.0,settlement,710.0,670.0,720.0,71,0.19452054794520549,TX,50404.0,202612,same expiry TX 202612,0.2355896198091521,True,True
2026-10-06,202612,2026-12-16,54500.0,P,4730.0,settlement,4730.0,4680.0,,71,0.19452054794520549,TX,50404.0,202612,same expiry TX 202612,0.2256464906828062,False,False
2026-10-06,202612,2026-12-16,54600.0,C,690.0,settlement,690.0,650.0,700.0,71,0.19452054794520549,TX,50404.0,202612,same expiry TX 202612,0.23570346289095115,True,True
2026-10-06,202612,2026-12-16,54600.0,P,4810.0,settlement,4810.0,4770.0,,71,0.19452054794520549,TX,50404.0,202612,same expiry TX 202612,0.22565973532317593,False,False
2026-10-06,202612,2026-12-16,54700.0,C,670.0,settlement,670.0,630.0,680.0,71,0.19452054794520549,TX,50404.0,202612,same expiry TX 202612,0.23574609893008253,True,True
2026-10-06,202612,2026-12-16,54700.0,P,4890.0,settlement,4890.0,4850.0,,71,0.19452054794520549,TX,50404.0,202612,same expiry TX 202612,0.22559584887464923,False,False
2026-10-06,202612,2026-12-16,54800.0,C,650.0,settlement,650.0,620.0,665.0,71,0.19452054794520549,TX,50404.0,202612,same expiry TX 202612,0.23571600801746576,True,True
2026-10-06,202612,2026-12-16,54800.0,P,4970.0,settlement,4970.0,4930.0,,71,0.19452054794520549,TX,50404.0,202612,same expiry TX 202612,0.22545282458380464,False,False
2026-10-06,202612,2026-12-16,54900.0,C,630.0,settlement,630.0,595.0,640.0,71,0.19452054794520549,TX,50404.0,202612,same expiry TX 202612,0.2356114943595885,True,True
2026-10-06,202612,2026-12-16,54900.0,P,5050.0,settlement,5050.0,5010.0,,71,0.19452054794520549,TX,50404.0,202612,same expiry TX 202612,0.22522841869667326,False,False
2026-10-06,202612,2026-12-16,55000.0,C,610.0,settlement,610.0,575.0,620.0,71,0.19452054794520549,TX,50404.0,202612,same expiry TX 202612,0.23543066891893594,True,True
2026-10-06,202612,2026-12-16,55000.0,P,5130.0,settlement,5130.0,,,71,0.19452054794520549,TX,50404.0,202612,same expiry TX 202612,0.2249201233731859,False,False
2026-10-06,202612,2026-12-16,55100.0,C,595.0,settlement,595.0,565.0,610.0,71,0.19452054794520549,TX,50404.0,202612,same expiry TX 202612,0.23595276160575784,True,True
2026-10-06,202612,2026-12-16,55100.0,P,5210.0,settlement,5210.0,5160.0,,71,0.19452054794520549,TX,50404.0,202612,same expiry TX 202612,0.2245251347659797,False,False
2026-10-06,202612,2026-12-16,55200.0,C,575.0,settlement,575.0,545.0,585.0,71,0.19452054794520549,TX,50404.0,202612,same expiry TX 202612,0.23562480931838595,True,True
2026-10-06,202612,2026-12-16,55200.0,P,5290.0,settlement,5290.0,5250.0,,71,0.19452054794520549,TX,50404.0,202612,same expiry TX 202612,0.22404031523506313,False,False
2026-10-06,202612,2026-12-16,55300.0,C,560.0,settlement,560.0,525.0,565.0,71,0.19452054794520549,TX,50404.0,202612,same expiry TX 202612,0.2360181439354985,True,True
2026-10-06,202612,2026-12-16,55300.0,P,5370.0,settlement,5370.0,,,71,0.19452054794520549,TX,50404.0,202612,same expiry TX 202612,0.2234621484001396,False,False
2026-10-06,202612,2026-12-16,55400.0,C,540.0,settlement,540.0,510.0,550.0,71,0.19452054794520549,TX,50404.0,202612,same expiry TX 202612,0.23553542073947678,True,True
2026-10-06,202612,2026-12-16,55400.0,P,5460.0,settlement,5460.0,5410.0,,71,0.19452054794520549,TX,50404.0,202612,same expiry TX 202612,0.22449415673157272,False,False
2026-10-06,202612,2026-12-16,55500.0,C,525.0,settlement,525.0,495.0,535.0,71,0.19452054794520549,TX,50404.0,202612,same expiry TX 202612,0.23579385723444318,True,True
2026-10-06,202612,2026-12-16,55500.0,P,5540.0,settlement,5540.0,5490.0,,71,0.19452054794520549,TX,50404.0,202612,same expiry TX 202612,0.2237515017237101,False,False
2026-10-06,202612,2026-12-16,55600.0,C,510.0,settlement,510.0,480.0,520.0,71,0.19452054794520549,TX,50404.0,202612,same expiry TX 202612,0.2359881787070622,True,True
2026-10-06,202612,2026-12-16,55600.0,P,5620.0,settlement,5620.0,,,71,0.19452054794520549,TX,50404.0,202612,same expiry TX 202612,0.22290466508475068,False,False
2026-10-06,202612,2026-12-16,55700.0,C,494.0,settlement,494.0,463.0,500.0,71,0.19452054794520549,TX,50404.0,202612,same expiry TX 202612,0.23594633287237735,True,True
2026-10-06,202612,2026-12-16,55700.0,P,5710.0,settlement,5710.0,,,71,0.19452054794520549,TX,50404.0,202612,same expiry TX 202612,0.2237521078624545,False,False
2026-10-06,202612,2026-12-16,55800.0,C,478.0,settlement,478.0,447.0,487.0,71,0.19452054794520549,TX,50404.0,202612,same expiry TX 202612,0.23583177809000785,True,True
2026-10-06,202612,2026-12-16,55800.0,P,5790.0,settlement,5790.0,5740.0,,71,0.19452054794520549,TX,50404.0,202612,same expiry TX 202612,0.222721854013409,False,False
2026-10-06,202612,2026-12-16,55900.0,C,464.0,settlement,464.0,432.0,472.0,71,0.19452054794520549,TX,50404.0,202612,same expiry TX 202612,0.2359947482590729,True,True
2026-10-06,202612,2026-12-16,55900.0,P,5880.0,settlement,5880.0,,,71,0.19452054794520549,TX,50404.0,202612,same expiry TX 202612,0.2234455427296485,False,False
2026-10-06,202612,2026-12-16,56000.0,C,449.0,settlement,449.0,419.0,459.0,71,0.19452054794520549,TX,50404.0,202612,same expiry TX 202612,0.23591314051190462,True,True
2026-10-06,202612,2026-12-16,56000.0,P,5960.0,settlement,5960.0,,,71,0.19452054794520549,TX,50404.0,202612,same expiry TX 202612,0.2222170714959185,False,False
2026-10-06,202612,2026-12-16,56100.0,C,435.0,settlement,435.0,405.0,445.0,71,0.19452054794520549,TX,50404.0,202612,same expiry TX 202612,0.2359402058210898,True,True
2026-10-06,202612,2026-12-16,56100.0,P,6050.0,settlement,6050.0,6000.0,,71,0.19452054794520549,TX,50404.0,202612,same expiry TX 202612,0.22280896109745074,False,False
2026-10-06,202612,2026-12-16,56200.0,C,421.0,settlement,421.0,392.0,425.0,71,0.19452054794520549,TX,50404.0,202612,same expiry TX 202612,0.23589777603452988,True,True
2026-10-06,202612,2026-12-16,56200.0,P,6130.0,settlement,6130.0,6090.0,,71,0.19452054794520549,TX,50404.0,202612,same expiry TX 202612,0.22136393059598944,False,False
2026-10-06,202612,2026-12-16,56300.0,C,408.0,settlement,408.0,382.0,415.0,71,0.19452054794520549,TX,50404.0,202612,same expiry TX 202612,0.23597205469963312,True,True
2026-10-06,202612,2026-12-16,56300.0,P,6220.0,settlement,6220.0,6170.0,,71,0.19452054794520549,TX,50404.0,202612,same expiry TX 202612,0.22181383725578824,False,False
2026-10-06,202612,2026-12-16,56400.0,C,395.0,settlement,395.0,370.0,403.0,71,0.19452054794520549,TX,50404.0,202612,same expiry TX 202612,0.23597898979926812,True,True
2026-10-06,202612,2026-12-16,56400.0,P,6310.0,settlement,6310.0,6260.0,,71,0.19452054794520549,TX,50404.0,202612,same expiry TX 202612,0.22220614442964398,False,False
2026-10-06,202612,2026-12-16,56500.0,C,382.0,settlement,382.0,359.0,389.0,71,0.19452054794520549,TX,50404.0,202612,same expiry TX 202612,0.23591645585687468,True,True
2026-10-06,202612,2026-12-16,56500.0,P,6390.0,settlement,6390.0,,,71,0.19452054794520549,TX,50404.0,202612,same expiry TX 202612,0.2204241632767345,False,False
2026-10-06,202612,2026-12-16,56600.0,C,370.0,settlement,370.0,348.0,378.0,71,0.19452054794520549,TX,50404.0,202612,same expiry TX 202612,0.23598075183435016,True,True
2026-10-06,202612,2026-12-16,56600.0,P,6480.0,settlement,6480.0,6440.0,,71,0.19452054794520549,TX,50404.0,202612,same expiry TX 202612,0.2206563865610047,False,False
2026-10-06,202612,2026-12-16,56700.0,C,358.0,settlement,358.0,336.0,366.0,71,0.19452054794520549,TX,50404.0,202612,same expiry TX 202612,0.23597814763238967,True,True
2026-10-06,202612,2026-12-16,56700.0,P,6570.0,settlement,6570.0,,,71,0.19452054794520549,TX,50404.0,202612,same expiry TX 202612,0.22082391673641538,False,False
2026-10-06,202612,2026-12-16,56800.0,C,346.0,settlement,346.0,328.0,355.0,71,0.19452054794520549,TX,50404.0,202612,same expiry TX 202612,0.23590640808288074,True,True
2026-10-06,202612,2026-12-16,56800.0,P,6660.0,settlement,6660.0,6610.0,,71,0.19452054794520549,TX,50404.0,202612,same expiry TX 202612,0.22092454219272045,False,False
2026-10-06,202612,2026-12-16,56900.0,C,335.0,settlement,335.0,316.0,343.0,71,0.19452054794520549,TX,50404.0,202612,same expiry TX 202612,0.23597301673791768,True,True
2026-10-06,202612,2026-12-16,56900.0,P,6740.0,settlement,6740.0,6710.0,,71,0.19452054794520549,TX,50404.0,202612,same expiry TX 202612,0.21862900031543597,False,False
2026-10-06,202612,2026-12-16,57000.0,C,325.0,settlement,325.0,307.0,334.0,71,0.19452054794520549,TX,50404.0,202612,same expiry TX 202612,0.23618728572472247,True,True
2026-10-06,202612,2026-12-16,57000.0,P,6830.0,settlement,6830.0,6800.0,,71,0.19452054794520549,TX,50404.0,202612,same expiry TX 202612,0.21853541765430798,False,False
2026-10-06,202612,2026-12-16,57100.0,C,315.0,settlement,315.0,296.0,321.0,71,0.19452054794520549,TX,50404.0,202612,same expiry TX 202612,0.23634135943642914,True,True
2026-10-06,202612,2026-12-16,57100.0,P,6920.0,settlement,6920.0,6880.0,,71,0.19452054794520549,TX,50404.0,202612,same expiry TX 202612,0.2183633575414596,False,False
2026-10-06,202612,2026-12-16,57200.0,C,305.0,settlement,305.0,288.0,313.0,71,0.19452054794520549,TX,50404.0,202612,same expiry TX 202612,0.23643335495703763,True,True
2026-10-06,202612,2026-12-16,57200.0,P,7010.0,settlement,7010.0,,7180.0,71,0.19452054794520549,TX,50404.0,202612,same expiry TX 202612,0.21810906714530343,False,False
2026-10-06,202612,2026-12-16,57400.0,C,280.0,settlement,280.0,271.0,296.0,71,0.19452054794520549,TX,50404.0,202612,same expiry TX 202612,0.23526553986250054,True,True
2026-10-06,202612,2026-12-16,57400.0,P,7190.0,settlement,7190.0,7150.0,,71,0.19452054794520549,TX,50404.0,202612,same expiry TX 202612,0.2173363974201203,False,False
2026-10-06,202703,2027-03-17,31800.0,C,19090.0,settlement,19090.0,18940.0,19280.0,162,0.4438356164383562,TX,50940.0,202703,same expiry TX 202703,0.31360434586784497,False,False
2026-10-06,202703,2027-03-17,31800.0,P,98.0,settlement,98.0,93.0,104.0,162,0.4438356164383562,TX,50940.0,202703,same expiry TX 202703,0.3655884164469973,True,True
2026-10-06,202703,2027-03-17,32000.0,C,18890.0,settlement,18890.0,,19080.0,162,0.4438356164383562,TX,50940.0,202703,same expiry TX 202703,0.308787900198088,False,False
2026-10-06,202703,2027-03-17,32000.0,P,100.0,settlement,100.0,95.0,106.0,162,0.4438356164383562,TX,50940.0,202703,same expiry TX 202703,0.3625356289145398,True,True
2026-10-06,202703,2027-03-17,32200.0,C,18700.0,settlement,18700.0,18590.0,18900.0,162,0.4438356164383562,TX,50940.0,202703,same expiry TX 202703,0.31511795277523236,False,False
2026-10-06,202703,2027-03-17,32200.0,P,103.0,settlement,103.0,98.0,109.0,162,0.4438356164383562,TX,50940.0,202703,same expiry TX 202703,0.3600553365631875,True,True
2026-10-06,202703,2027-03-17,32400.0,C,18500.0,settlement,18500.0,,18690.0,162,0.4438356164383562,TX,50940.0,202703,same expiry TX 202703,0.3104128199660677,False,False
2026-10-06,202703,2027-03-17,32400.0,P,107.0,settlement,107.0,100.0,115.0,162,0.4438356164383562,TX,50940.0,202703,same expiry TX 202703,0.35810122772203334,True,True
2026-10-06,202703,2027-03-17,32600.0,C,18310.0,settlement,18310.0,,18480.0,162,0.4438356164383562,TX,50940.0,202703,same expiry TX 202703,0.3152914912700578,False,False
2026-10-06,202703,2027-03-17,32600.0,P,108.0,settlement,108.0,100.0,117.0,162,0.4438356164383562,TX,50940.0,202703,same expiry TX 202703,0.35441673272127083,True,True
2026-10-06,202703,2027-03-17,32800.0,C,18110.0,settlement,18110.0,,18280.0,162,0.4438356164383562,TX,50940.0,202703,same expiry TX 202703,0.3106640435542165,False,False
2026-10-06,202703,2027-03-17,32800.0,P,111.0,settlement,111.0,102.0,120.0,162,0.4438356164383562,TX,50940.0,202703,same expiry TX 202703,0.35183315915658214,True,True
2026-10-06,202703,2027-03-17,33000.0,C,17910.0,settlement,17910.0,,,162,0.4438356164383562,TX,50940.0,202703,same expiry TX 202703,0.30606405711399837,False,False
2026-10-06,202703,2027-03-17,33000.0,P,113.0,settlement,113.0,104.0,122.0,162,0.4438356164383562,TX,50940.0,202703,same expiry TX 202703,0.34868325655153004,True,True
2026-10-06,202703,2027-03-17,33200.0,C,17720.0,settlement,17720.0,,,162,0.4438356164383562,TX,50940.0,202703,same expiry TX 202703,0.3099041881162613,False,False
2026-10-06,202703,2027-03-17,33200.0,P,115.0,settlement,115.0,107.0,125.0,162,0.4438356164383562,TX,50940.0,202703,same expiry TX 202703,0.3455234733480895,True,True
2026-10-06,202703,2027-03-17,33400.0,C,17520.0,settlement,17520.0,,17690.0,162,0.4438356164383562,TX,50940.0,202703,same expiry TX 202703,0.30536278435767783,False,False
2026-10-06,202703,2027-03-17,33400.0,P,118.0,settlement,118.0,110.0,128.0,162,0.4438356164383562,TX,50940.0,202703,same expiry TX 202703,0.3428641159439674,True,True
2026-10-06,202703,2027-03-17,33600.0,C,17330.0,settlement,17330.0,,,162,0.4438356164383562,TX,50940.0,202703,same expiry TX 202703,0.30836388446161583,False,False
2026-10-06,202703,2027-03-17,33600.0,P,120.0,settlement,120.0,112.0,130.0,162,0.4438356164383562,TX,50940.0,202703,same expiry TX 202703,0.339675973782464,True,True
2026-10-06,202703,2027-03-17,33800.0,C,17130.0,settlement,17130.0,,17290.0,162,0.4438356164383562,TX,50940.0,202703,same expiry TX 202703,0.3038686712167078,False,False
2026-10-06,202703,2027-03-17,33800.0,P,123.0,settlement,123.0,115.0,133.0,162,0.4438356164383562,TX,50940.0,202703,same expiry TX 202703,0.3369672922127856,True,True
2026-10-06,202703,2027-03-17,34000.0,C,16940.0,settlement,16940.0,,17110.0,162,0.4438356164383562,TX,50940.0,202703,same expiry TX 202703,0.3062000750764756,False,False
2026-10-06,202703,2027-03-17,34000.0,P,127.0,settlement,127.0,118.0,137.0,162,0.4438356164383562,TX,50940.0,202703,same expiry TX 202703,0.3347036066328001,True,True
2026-10-06,202703,2027-03-17,34200.0,C,16740.0,settlement,16740.0,,,162,0.4438356164383562,TX,50940.0,202703,same expiry TX 202703,0.3017428839332593,False,False
2026-10-06,202703,2027-03-17,34200.0,P,130.0,settlement,130.0,121.0,140.0,162,0.4438356164383562,TX,50940.0,202703,same expiry TX 202703,0.3319274560190196,True,True
2026-10-06,202703,2027-03-17,34400.0,C,16550.0,settlement,16550.0,,,162,0.4438356164383562,TX,50940.0,202703,same expiry TX 202703,0.30352497296008885,False,False
2026-10-06,202703,2027-03-17,34400.0,P,134.0,settlement,134.0,125.0,144.0,162,0.4438356164383562,TX,50940.0,202703,same expiry TX 202703,0.32957566136325767,True,True
2026-10-06,202703,2027-03-17,34600.0,C,16350.0,settlement,16350.0,,16500.0,162,0.4438356164383562,TX,50940.0,202703,same expiry TX 202703,0.29910012395230284,False,False
2026-10-06,202703,2027-03-17,34600.0,P,137.0,settlement,137.0,128.0,148.0,162,0.4438356164383562,TX,50940.0,202703,same expiry TX 202703,0.32673883546563376,True,True
2026-10-06,202703,2027-03-17,34800.0,C,16160.0,settlement,16160.0,16050.0,16320.0,162,0.4438356164383562,TX,50940.0,202703,same expiry TX 202703,0.30042188682094545,False,False
2026-10-06,202703,2027-03-17,34800.0,P,141.0,settlement,141.0,132.0,152.0,162,0.4438356164383562,TX,50940.0,202703,same expiry TX 202703,0.32430720266844787,True,True
2026-10-06,202703,2027-03-17,35000.0,C,15960.0,settlement,15960.0,,,162,0.4438356164383562,TX,50940.0,202703,same expiry TX 202703,0.29602524245719136,False,False
2026-10-06,202703,2027-03-17,35000.0,P,148.0,settlement,148.0,135.0,156.0,162,0.4438356164383562,TX,50940.0,202703,same expiry TX 202703,0.32307516025924826,True,True
2026-10-06,202703,2027-03-17,35200.0,C,15770.0,settlement,15770.0,,15960.0,162,0.4438356164383562,TX,50940.0,202703,same expiry TX 202703,0.29695451466589345,False,False
2026-10-06,202703,2027-03-17,35200.0,P,149.0,settlement,149.0,139.0,160.0,162,0.4438356164383562,TX,50940.0,202703,same expiry TX 202703,0.319317906449835,True,True
2026-10-06,202703,2027-03-17,35400.0,C,15570.0,settlement,15570.0,15470.0,15760.0,162,0.4438356164383562,TX,50940.0,202703,same expiry TX 202703,0.29258293097369703,False,False
2026-10-06,202703,2027-03-17,35400.0,P,153.0,settlement,153.0,143.0,165.0,162,0.4438356164383562,TX,50940.0,202703,same expiry TX 202703,0.3167642841252561,True,True
2026-10-06,202703,2027-03-17,35600.0,C,15380.0,settlement,15380.0,,15570.0,162,0.4438356164383562,TX,50940.0,202703,same expiry TX 202703,0.29317271822566254,False,False
2026-10-06,202703,2027-03-17,35600.0,P,159.0,settlement,159.0,148.0,171.0,162,0.4438356164383562,TX,50940.0,202703,same expiry TX 202703,0.31494354195440727,True,True
2026-10-06,202703,2027-03-17,35800.0,C,15190.0,settlement,15190.0,15080.0,,162,0.4438356164383562,TX,50940.0,202703,same expiry TX 202703,0.29346854399897626,False,False
2026-10-06,202703,2027-03-17,35800.0,P,163.0,settlement,163.0,152.0,176.0,162,0.4438356164383562,TX,50940.0,202703,same expiry TX 202703,0.3122994018290778,True,True
2026-10-06,202703,2027-03-17,36000.0,C,15000.0,settlement,15000.0,14880.0,15180.0,162,0.4438356164383562,TX,50940.0,202703,same expiry TX 202703,0.293506366051663,False,False
2026-10-06,202703,2027-03-17,36000.0,P,169.0,settlement,169.0,156.0,181.0,162,0.4438356164383562,TX,50940.0,202703,same expiry TX 202703,0.3103510568708768,True,True
2026-10-06,202703,2027-03-17,36200.0,C,14810.0,settlement,14810.0,,,162,0.4438356164383562,TX,50940.0,202703,same expiry TX 202703,0.2933153874780552,False,False
2026-10-06,202703,2027-03-17,36200.0,P,178.0,settlement,178.0,171.0,187.0,162,0.4438356164383562,TX,50940.0,202703,same expiry TX 202703,0.30938589749375056,True,True
2026-10-06,202703,2027-03-17,36400.0,C,14610.0,settlement,14610.0,,14750.0,162,0.4438356164383562,TX,50940.0,202703,same expiry TX 202703,0.2889548819798379,False,False
2026-10-06,202703,2027-03-17,36400.0,P,180.0,settlement,180.0,167.0,193.0,162,0.4438356164383562,TX,50940.0,202703,same expiry TX 202703,0.30590601841674425,True,True
2026-10-06,202703,2027-03-17,36600.0,C,14420.0,settlement,14420.0,14310.0,14570.0,162,0.4438356164383562,TX,50940.0,202703,same expiry TX 202703,0.28855458840090276,False,False
2026-10-06,202703,2027-03-17,36600.0,P,186.0,settlement,186.0,173.0,200.0,162,0.4438356164383562,TX,50940.0,202703,same expiry TX 202703,0.30376935910528413,True,True
2026-10-06,202703,2027-03-17,36800.0,C,14230.0,settlement,14230.0,14110.0,14400.0,162,0.4438356164383562,TX,50940.0,202703,same expiry TX 202703,0.28796954606817204,False,False
2026-10-06,202703,2027-03-17,36800.0,P,194.0,settlement,194.0,178.0,207.0,162,0.4438356164383562,TX,50940.0,202703,same expiry TX 202703,0.3022213053586064,True,True
2026-10-06,202703,2027-03-17,37000.0,C,14040.0,settlement,14040.0,,14210.0,162,0.4438356164383562,TX,50940.0,202703,same expiry TX 202703,0.28721684437604983,False,False
2026-10-06,202703,2027-03-17,37000.0,P,204.0,settlement,204.0,195.0,215.0,162,0.4438356164383562,TX,50940.0,202703,same expiry TX 202703,0.30120327379426176,True,True
2026-10-06,202703,2027-03-17,37200.0,C,13840.0,settlement,13840.0,,13980.0,162,0.4438356164383562,TX,50940.0,202703,same expiry TX 202703,0.28286395141482923,False,False
2026-10-06,202703,2027-03-17,37200.0,P,208.0,settlement,208.0,191.0,222.0,162,0.4438356164383562,TX,50940.0,202703,same expiry TX 202703,0.29823963767835765,True,True
2026-10-06,202703,2027-03-17,37400.0,C,13650.0,settlement,13650.0,,13820.0,162,0.4438356164383562,TX,50940.0,202703,same expiry TX 202703,0.2819528654500932,False,False
2026-10-06,202703,2027-03-17,37400.0,P,215.0,settlement,215.0,198.0,231.0,162,0.4438356164383562,TX,50940.0,202703,same expiry TX 202703,0.2961473166953511,True,True
2026-10-06,202703,2027-03-17,37600.0,C,13460.0,settlement,13460.0,,13590.0,162,0.4438356164383562,TX,50940.0,202703,same expiry TX 202703,0.28090122770050924,False,False
2026-10-06,202703,2027-03-17,37600.0,P,223.0,settlement,223.0,205.0,240.0,162,0.4438356164383562,TX,50940.0,202703,same expiry TX 202703,0.29428013563070815,True,True
2026-10-06,202703,2027-03-17,37800.0,C,13270.0,settlement,13270.0,,13450.0,162,0.4438356164383562,TX,50940.0,202703,same expiry TX 202703,0.2797199410995766,False,False
2026-10-06,202703,2027-03-17,37800.0,P,232.0,settlement,232.0,214.0,249.0,162,0.4438356164383562,TX,50940.0,202703,same expiry TX 202703,0.29261653207617094,True,True
2026-10-06,202703,2027-03-17,38000.0,C,13090.0,settlement,13090.0,12940.0,13260.0,162,0.4438356164383562,TX,50940.0,202703,same expiry TX 202703,0.2813848340783423,False,False
2026-10-06,202703,2027-03-17,38000.0,P,240.0,settlement,240.0,237.0,259.0,162,0.4438356164383562,TX,50940.0,202703,same expiry TX 202703,0.2905939085451695,True,True
2026-10-06,202703,2027-03-17,38200.0,C,12890.0,settlement,12890.0,12790.0,,162,0.4438356164383562,TX,50940.0,202703,same expiry TX 202703,0.2770053325068436,False,False
2026-10-06,202703,2027-03-17,38200.0,P,250.0,settlement,250.0,234.0,269.0,162,0.4438356164383562,TX,50940.0,202703,same expiry TX 202703,0.2890305133482868,True,True
2026-10-06,202703,2027-03-17,38400.0,C,12710.0,settlement,12710.0,12600.0,12830.0,162,0.4438356164383562,TX,50940.0,202703,same expiry TX 202703,0.2782624896473787,False,False
2026-10-06,202703,2027-03-17,38400.0,P,260.0,settlement,260.0,244.0,279.0,162,0.4438356164383562,TX,50940.0,202703,same expiry TX 202703,0.28737281787815144,True,True
2026-10-06,202703,2027-03-17,38600.0,C,12520.0,settlement,12520.0,12410.0,,162,0.4438356164383562,TX,50940.0,202703,same expiry TX 202703,0.27656042482885523,False,False
2026-10-06,202703,2027-03-17,38600.0,P,275.0,settlement,275.0,259.0,293.0,162,0.4438356164383562,TX,50940.0,202703,same expiry TX 202703,0.286859262492036,True,True
2026-10-06,202703,2027-03-17,38800.0,C,12330.0,settlement,12330.0,,12450.0,162,0.4438356164383562,TX,50940.0,202703,same expiry TX 202703,0.2747716215902356,False,False
2026-10-06,202703,2027-03-17,38800.0,P,282.0,settlement,282.0,266.0,301.0,162,0.4438356164383562,TX,50940.0,202703,same expiry TX 202703,0.28427594973322656,True,True
2026-10-06,202703,2027-03-17,39000.0,C,12150.0,settlement,12150.0,12040.0,,162,0.4438356164383562,TX,50940.0,202703,same expiry TX 202703,0.27538137541526053,False,False
2026-10-06,202703,2027-03-17,39000.0,P,298.0,settlement,298.0,277.0,312.0,162,0.4438356164383562,TX,50940.0,202703,same expiry TX 202703,0.28374537066414574,True,True
2026-10-06,202703,2027-03-17,39200.0,C,11960.0,settlement,11960.0,,12110.0,162,0.4438356164383562,TX,50940.0,202703,same expiry TX 202703,0.2733639293941332,False,False
2026-10-06,202703,2027-03-17,39200.0,P,307.0,settlement,307.0,291.0,326.0,162,0.4438356164383562,TX,50940.0,202703,same expiry TX 202703,0.28148417109843027,True,True
2026-10-06,202703,2027-03-17,39400.0,C,11780.0,settlement,11780.0,,11930.0,162,0.4438356164383562,TX,50940.0,202703,same expiry TX 202703,0.2735824328392729,False,False
2026-10-06,202703,2027-03-17,39400.0,P,321.0,settlement,321.0,305.0,340.0,162,0.4438356164383562,TX,50940.0,202703,same expiry TX 202703,0.28025975778663365,True,True
2026-10-06,202703,2027-03-17,39600.0,C,11590.0,settlement,11590.0,,,162,0.4438356164383562,TX,50940.0,202703,same expiry TX 202703,0.271368013091114,False,False
2026-10-06,202703,2027-03-17,39600.0,P,335.0,settlement,335.0,319.0,354.0,162,0.4438356164383562,TX,50940.0,202703,same expiry TX 202703,0.2789195811519832,True,True
2026-10-06,202703,2027-03-17,39800.0,C,11410.0,settlement,11410.0,11290.0,,162,0.4438356164383562,TX,50940.0,202703,same expiry TX 202703,0.2712492653990998,False,False
2026-10-06,202703,2027-03-17,39800.0,P,350.0,settlement,350.0,334.0,369.0,162,0.4438356164383562,TX,50940.0,202703,same expiry TX 202703,0.27767575941312034,True,True
2026-10-06,202703,2027-03-17,40000.0,C,11230.0,settlement,11230.0,11120.0,,162,0.4438356164383562,TX,50940.0,202703,same expiry TX 202703,0.2709378640798869,False,False
2026-10-06,202703,2027-03-17,40000.0,P,375.0,settlement,375.0,348.0,383.0,162,0.4438356164383562,TX,50940.0,202703,same expiry TX 202703,0.2782967482563324,True,True
2026-10-06,202703,2027-03-17,40200.0,C,11040.0,settlement,11040.0,,,162,0.4438356164383562,TX,50940.0,202703,same expiry TX 202703,0.2684478231231872,False,False
2026-10-06,202703,2027-03-17,40200.0,P,383.0,settlement,383.0,367.0,402.0,162,0.4438356164383562,TX,50940.0,202703,same expiry TX 202703,0.27542954206929626,True,True
2026-10-06,202703,2027-03-17,40400.0,C,10860.0,settlement,10860.0,,10990.0,162,0.4438356164383562,TX,50940.0,202703,same expiry TX 202703,0.2678634740309397,False,False
2026-10-06,202703,2027-03-17,40400.0,P,400.0,settlement,400.0,384.0,419.0,162,0.4438356164383562,TX,50940.0,202703,same expiry TX 202703,0.2742186217830385,True,True
2026-10-06,202703,2027-03-17,40600.0,C,10690.0,settlement,10690.0,,10810.0,162,0.4438356164383562,TX,50940.0,202703,same expiry TX 202703,0.2689912883089359,False,False
2026-10-06,202703,2027-03-17,40600.0,P,421.0,settlement,421.0,400.0,445.0,162,0.4438356164383562,TX,50940.0,202703,same expiry TX 202703,0.27361621643500417,True,True
2026-10-06,202703,2027-03-17,40800.0,C,10500.0,settlement,10500.0,10360.0,,162,0.4438356164383562,TX,50940.0,202703,same expiry TX 202703,0.26623203323043526,False,False
2026-10-06,202703,2027-03-17,40800.0,P,437.0,settlement,437.0,416.0,461.0,162,0.4438356164383562,TX,50940.0,202703,same expiry TX 202703,0.27198116605191514,True,True
2026-10-06,202703,2027-03-17,41000.0,C,10320.0,settlement,10320.0,10220.0,10450.0,162,0.4438356164383562,TX,50940.0,202703,same expiry TX 202703,0.26520499966625366,False,False
2026-10-06,202703,2027-03-17,41000.0,P,456.0,settlement,456.0,436.0,481.0,162,0.4438356164383562,TX,50940.0,202703,same expiry TX 202703,0.27076584210203003,True,True
2026-10-06,202703,2027-03-17,41200.0,C,10150.0,settlement,10150.0,10040.0,10270.0,162,0.4438356164383562,TX,50940.0,202703,same expiry TX 202703,0.2657549134899287,False,False
2026-10-06,202703,2027-03-17,41200.0,P,477.0,settlement,477.0,458.0,500.0,162,0.4438356164383562,TX,50940.0,202703,same expiry TX 202703,0.26976593520438413,True,True
2026-10-06,202703,2027-03-17,41400.0,C,9970.0,settlement,9970.0,,,162,0.4438356164383562,TX,50940.0,202703,same expiry TX 202703,0.2644286284795046,False,False
2026-10-06,202703,2027-03-17,41400.0,P,500.0,settlement,500.0,480.0,525.0,162,0.4438356164383562,TX,50940.0,202703,same expiry TX 202703,0.2689595613391355,True,True
2026-10-06,202703,2027-03-17,41600.0,C,9790.0,settlement,9790.0,9690.0,9910.0,162,0.4438356164383562,TX,50940.0,202703,same expiry TX 202703,0.2629894755816682,False,False
2026-10-06,202703,2027-03-17,41600.0,P,520.0,settlement,520.0,500.0,545.0,162,0.4438356164383562,TX,50940.0,202703,same expiry TX 202703,0.26754172113513947,True,True
2026-10-06,202703,2027-03-17,41800.0,C,9620.0,settlement,9620.0,,,162,0.4438356164383562,TX,50940.0,202703,same expiry TX 202703,0.2630031838025933,False,False
2026-10-06,202703,2027-03-17,41800.0,P,545.0,settlement,545.0,525.0,570.0,162,0.4438356164383562,TX,50940.0,202703,same expiry TX 202703,0.26678096086606473,True,True
2026-10-06,202703,2027-03-17,42000.0,C,9450.0,settlement,9450.0,9310.0,9570.0,162,0.4438356164383562,TX,50940.0,202703,same expiry TX 202703,0.2628261435533755,False,False
2026-10-06,202703,2027-03-17,42000.0,P,570.0,settlement,570.0,550.0,595.0,162,0.4438356164383562,TX,50940.0,202703,same expiry TX 202703,0.2658774869789753,True,True
2026-10-06,202703,2027-03-17,42200.0,C,9280.0,settlement,9280.0,9170.0,9380.0,162,0.4438356164383562,TX,50940.0,202703,same expiry TX 202703,0.2624715729335888,False,False
2026-10-06,202703,2027-03-17,42200.0,P,595.0,settlement,595.0,575.0,625.0,162,0.4438356164383562,TX,50940.0,202703,same expiry TX 202703,0.26483916449174805,True,True
2026-10-06,202703,2027-03-17,42400.0,C,9110.0,settlement,9110.0,8990.0,9190.0,162,0.4438356164383562,TX,50940.0,202703,same expiry TX 202703,0.26195094514658684,False,False
2026-10-06,202703,2027-03-17,42400.0,P,625.0,settlement,625.0,605.0,655.0,162,0.4438356164383562,TX,50940.0,202703,same expiry TX 202703,0.26437631102155273,True,True
2026-10-06,202703,2027-03-17,42600.0,C,8940.0,settlement,8940.0,8830.0,,162,0.4438356164383562,TX,50940.0,202703,same expiry TX 202703,0.26127427834319755,False,False
2026-10-06,202703,2027-03-17,42600.0,P,655.0,settlement,655.0,630.0,685.0,162,0.4438356164383562,TX,50940.0,202703,same expiry TX 202703,0.26375542101494887,True,True
2026-10-06,202703,2027-03-17,42800.0,C,8770.0,settlement,8770.0,8610.0,8880.0,162,0.4438356164383562,TX,50940.0,202703,same expiry TX 202703,0.2604503647298129,False,False
2026-10-06,202703,2027-03-17,42800.0,P,685.0,settlement,685.0,655.0,710.0,162,0.4438356164383562,TX,50940.0,202703,same expiry TX 202703,0.26298542591325824,True,True
2026-10-06,202703,2027-03-17,43000.0,C,8600.0,settlement,8600.0,,8700.0,162,0.4438356164383562,TX,50940.0,202703,same expiry TX 202703,0.2594869536714121,False,False
2026-10-06,202703,2027-03-17,43000.0,P,715.0,settlement,715.0,690.0,750.0,162,0.4438356164383562,TX,50940.0,202703,same expiry TX 202703,0.26207419826244494,True,True
2026-10-06,202703,2027-03-17,43200.0,C,8430.0,settlement,8430.0,8330.0,,162,0.4438356164383562,TX,50940.0,202703,same expiry TX 202703,0.2583908994525647,False,False
2026-10-06,202703,2027-03-17,43200.0,P,745.0,settlement,745.0,720.0,780.0,162,0.4438356164383562,TX,50940.0,202703,same expiry TX 202703,0.2610287021745167,True,True
2026-10-06,202703,2027-03-17,43400.0,C,8270.0,settlement,8270.0,8130.0,8370.0,162,0.4438356164383562,TX,50940.0,202703,same expiry TX 202703,0.25841465036039024,False,False
2026-10-06,202703,2027-03-17,43400.0,P,780.0,settlement,780.0,750.0,815.0,162,0.4438356164383562,TX,50940.0,202703,same expiry TX 202703,0.2604734387295806,True,True
2026-10-06,202703,2027-03-17,43600.0,C,8110.0,settlement,8110.0,7970.0,,162,0.4438356164383562,TX,50940.0,202703,same expiry TX 202703,0.25825684770574375,False,False
2026-10-06,202703,2027-03-17,43600.0,P,815.0,settlement,815.0,785.0,855.0,162,0.4438356164383562,TX,50940.0,202703,same expiry TX 202703,0.2597670102692523,True,True
2026-10-06,202703,2027-03-17,43800.0,C,7940.0,settlement,7940.0,7830.0,,162,0.4438356164383562,TX,50940.0,202703,same expiry TX 202703,0.2567444541224263,False,False
2026-10-06,202703,2027-03-17,43800.0,P,830.0,settlement,830.0,820.0,890.0,162,0.4438356164383562,TX,50940.0,202703,same expiry TX 202703,0.2565523494258183,True,True
2026-10-06,202703,2027-03-17,44000.0,C,7780.0,settlement,7780.0,7680.0,7880.0,162,0.4438356164383562,TX,50940.0,202703,same expiry TX 202703,0.2562821174463279,False,False
2026-10-06,202703,2027-03-17,44000.0,P,890.0,settlement,890.0,860.0,930.0,162,0.4438356164383562,TX,50940.0,202703,same expiry TX 202703,0.25850515447620936,True,True
2026-10-06,202703,2027-03-17,44200.0,C,7630.0,settlement,7630.0,7490.0,,162,0.4438356164383562,TX,50940.0,202703,same expiry TX 202703,0.256793813405092,False,False
2026-10-06,202703,2027-03-17,44200.0,P,930.0,settlement,930.0,900.0,970.0,162,0.4438356164383562,TX,50940.0,202703,same expiry TX 202703,0.25793691014268305,True,True
2026-10-06,202703,2027-03-17,44400.0,C,7470.0,settlement,7470.0,7330.0,,162,0.4438356164383562,TX,50940.0,202703,same expiry TX 202703,0.25600360370459546,False,False
2026-10-06,202703,2027-03-17,44400.0,P,975.0,settlement,975.0,940.0,1010.0,162,0.4438356164383562,TX,50940.0,202703,same expiry TX 202703,0.2577692238018126,True,True
2026-10-06,202703,2027-03-17,44600.0,C,7320.0,settlement,7320.0,7180.0,7420.0,162,0.4438356164383562,TX,50940.0,202703,same expiry TX 202703,0.25615254561903417,False,False
2026-10-06,202703,2027-03-17,44600.0,P,1020.0,settlement,1020.0,985.0,1050.0,162,0.4438356164383562,TX,50940.0,202703,same expiry TX 202703,0.2574356507785226,True,True
2026-10-06,202703,2027-03-17,44800.0,C,7160.0,settlement,7160.0,,,162,0.4438356164383562,TX,50940.0,202703,same expiry TX 202703,0.2550666209811915,False,False
2026-10-06,202703,2027-03-17,44800.0,P,1060.0,settlement,1060.0,1020.0,1110.0,162,0.4438356164383562,TX,50940.0,202703,same expiry TX 202703,0.25641785291396424,True,True
2026-10-06,202703,2027-03-17,45000.0,C,7010.0,settlement,7010.0,6840.0,7110.0,162,0.4438356164383562,TX,50940.0,202703,same expiry TX 202703,0.2548878171681528,False,False
2026-10-06,202703,2027-03-17,45000.0,P,1120.0,settlement,1120.0,1060.0,1150.0,162,0.4438356164383562,TX,50940.0,202703,same expiry TX 202703,0.25733217965898697,True,True
2026-10-06,202703,2027-03-17,45200.0,C,6860.0,settlement,6860.0,6690.0,,162,0.4438356164383562,TX,50940.0,202703,same expiry TX 202703,0.2545453552695664,False,False
2026-10-06,202703,2027-03-17,45200.0,P,1160.0,settlement,1160.0,1110.0,1200.0,162,0.4438356164383562,TX,50940.0,202703,same expiry TX 202703,0.2560208721674486,True,True
2026-10-06,202703,2027-03-17,45400.0,C,6710.0,settlement,6710.0,6540.0,,162,0.4438356164383562,TX,50940.0,202703,same expiry TX 202703,0.25404656217033456,False,False
2026-10-06,202703,2027-03-17,45400.0,P,1210.0,settlement,1210.0,1160.0,1250.0,162,0.4438356164383562,TX,50940.0,202703,same expiry TX 202703,0.2555818127715676,True,True
2026-10-06,202703,2027-03-17,45600.0,C,6570.0,settlement,6570.0,6390.0,,162,0.4438356164383562,TX,50940.0,202703,same expiry TX 202703,0.25437294514507286,False,False
2026-10-06,202703,2027-03-17,45600.0,P,1260.0,settlement,1260.0,1210.0,1300.0,162,0.4438356164383562,TX,50940.0,202703,same expiry TX 202703,0.2549914583441058,True,True
2026-10-06,202703,2027-03-17,45800.0,C,6420.0,settlement,6420.0,6280.0,,162,0.4438356164383562,TX,50940.0,202703,same expiry TX 202703,0.2535630883542777,False,False
2026-10-06,202703,2027-03-17,45800.0,P,1310.0,settlement,1310.0,1260.0,1350.0,162,0.4438356164383562,TX,50940.0,202703,same expiry TX 202703,0.2542556136764573,True,True
2026-10-06,202703,2027-03-17,46000.0,C,6270.0,settlement,6270.0,6150.0,6340.0,162,0.4438356164383562,TX,50940.0,202703,same expiry TX 202703,0.2526150316321162,False,False
2026-10-06,202703,2027-03-17,46000.0,P,1360.0,settlement,1360.0,1320.0,1410.0,162,0.4438356164383562,TX,50940.0,202703,same expiry TX 202703,0.2533793917820377,True,True
2026-10-06,202703,2027-03-17,46200.0,C,6130.0,settlement,6130.0,5960.0,,162,0.4438356164383562,TX,50940.0,202703,same expiry TX 202703,0.2524590173895827,False,False
2026-10-06,202703,2027-03-17,46200.0,P,1420.0,settlement,1420.0,1380.0,1470.0,162,0.4438356164383562,TX,50940.0,202703,same expiry TX 202703,0.2532922158726213,True,True
2026-10-06,202703,2027-03-17,46400.0,C,5980.0,settlement,5980.0,5850.0,6070.0,162,0.4438356164383562,TX,50940.0,202703,same expiry TX 202703,0.2512328648419292,False,False
2026-10-06,202703,2027-03-17,46400.0,P,1470.0,settlement,1470.0,1430.0,1520.0,162,0.4438356164383562,TX,50940.0,202703,same expiry TX 202703,0.25213411021954657,True,True
2026-10-06,202703,2027-03-17,46600.0,C,5840.0,settlement,5840.0,5750.0,5920.0,162,0.4438356164383562,TX,50940.0,202703,same expiry TX 202703,0.2507782923654312,False,False
2026-10-06,202703,2027-03-17,46600.0,P,1530.0,settlement,1530.0,1490.0,1580.0,162,0.4438356164383562,TX,50940.0,202703,same expiry TX 202703,0.2517449744250108,True,True
2026-10-06,202703,2027-03-17,46800.0,C,5710.0,settlement,5710.0,5540.0,5790.0,162,0.4438356164383562,TX,50940.0,202703,same expiry TX 202703,0.2510582102076564,False,False
2026-10-06,202703,2027-03-17,46800.0,P,1590.0,settlement,1590.0,1550.0,1640.0,162,0.4438356164383562,TX,50940.0,202703,same expiry TX 202703,0.2512053289500665,True,True
2026-10-06,202703,2027-03-17,47000.0,C,5570.0,settlement,5570.0,5460.0,5640.0,162,0.4438356164383562,TX,50940.0,202703,same expiry TX 202703,0.25029775495771545,False,False
2026-10-06,202703,2027-03-17,47000.0,P,1650.0,settlement,1650.0,1600.0,1690.0,162,0.4438356164383562,TX,50940.0,202703,same expiry TX 202703,0.25051994217545964,True,True
2026-10-06,202703,2027-03-17,47200.0,C,5440.0,settlement,5440.0,5330.0,5500.0,162,0.4438356164383562,TX,50940.0,202703,same expiry TX 202703,0.25025663683651894,False,False
2026-10-06,202703,2027-03-17,47200.0,P,1720.0,settlement,1720.0,1660.0,1750.0,162,0.4438356164383562,TX,50940.0,202703,same expiry TX 202703,0.2505517640765456,True,True
2026-10-06,202703,2027-03-17,47400.0,C,5310.0,settlement,5310.0,5160.0,5440.0,162,0.4438356164383562,TX,50940.0,202703,same expiry TX 202703,0.2500571302158067,False,False
2026-10-06,202703,2027-03-17,47400.0,P,1780.0,settlement,1780.0,1720.0,1820.0,162,0.4438356164383562,TX,50940.0,202703,same expiry TX 202703,0.24957598358518443,True,True
2026-10-06,202703,2027-03-17,47600.0,C,5180.0,settlement,5180.0,5050.0,5310.0,162,0.4438356164383562,TX,50940.0,202703,same expiry TX 202703,0.24970433377343418,False,False
2026-10-06,202703,2027-03-17,47600.0,P,1850.0,settlement,1850.0,1810.0,1910.0,162,0.4438356164383562,TX,50940.0,202703,same expiry TX 202703,0.2493033124978904,True,True
2026-10-06,202703,2027-03-17,47800.0,C,5040.0,settlement,5040.0,4920.0,5180.0,162,0.4438356164383562,TX,50940.0,202703,same expiry TX 202703,0.24837541132938792,False,False
2026-10-06,202703,2027-03-17,47800.0,P,1920.0,settlement,1920.0,1870.0,1980.0,162,0.4438356164383562,TX,50940.0,202703,same expiry TX 202703,0.24887963597116716,True,True
2026-10-06,202703,2027-03-17,48000.0,C,4900.0,settlement,4900.0,4790.0,5050.0,162,0.4438356164383562,TX,50940.0,202703,same expiry TX 202703,0.24691945572462515,False,False
2026-10-06,202703,2027-03-17,48000.0,P,1980.0,settlement,1980.0,1930.0,2040.0,162,0.4438356164383562,TX,50940.0,202703,same expiry TX 202703,0.24749078529392154,True,True
2026-10-06,202703,2027-03-17,48200.0,C,4780.0,settlement,4780.0,4670.0,4920.0,162,0.4438356164383562,TX,50940.0,202703,same expiry TX 202703,0.2469580795900039,False,False
2026-10-06,202703,2027-03-17,48200.0,P,2050.0,settlement,2050.0,2000.0,2120.0,162,0.4438356164383562,TX,50940.0,202703,same expiry TX 202703,0.24678526260861597,True,True
2026-10-06,202703,2027-03-17,48400.0,C,4640.0,settlement,4640.0,4540.0,4790.0,162,0.4438356164383562,TX,50940.0,202703,same expiry TX 202703,0.2452368503621577,False,False
2026-10-06,202703,2027-03-17,48400.0,P,2110.0,settlement,2110.0,2060.0,2180.0,162,0.4438356164383562,TX,50940.0,202703,same expiry TX 202703,0.24513672057876,True,True
2026-10-06,202703,2027-03-17,48600.0,C,4530.0,settlement,4530.0,4430.0,4680.0,162,0.4438356164383562,TX,50940.0,202703,same expiry TX 202703,0.24577658264075666,False,False
2026-10-06,202703,2027-03-17,48600.0,P,2190.0,settlement,2190.0,2140.0,2260.0,162,0.4438356164383562,TX,50940.0,202703,same expiry TX 202703,0.2449534787468334,True,True
2026-10-06,202703,2027-03-17,48800.0,C,4410.0,settlement,4410.0,4310.0,4540.0,162,0.4438356164383562,TX,50940.0,202703,same expiry TX 202703,0.24536534074779312,False,False
2026-10-06,202703,2027-03-17,48800.0,P,2280.0,settlement,2280.0,2220.0,2340.0,162,0.4438356164383562,TX,50940.0,202703,same expiry TX 202703,0.2454065084346599,True,True
2026-10-06,202703,2027-03-17,49000.0,C,4300.0,settlement,4300.0,4190.0,4430.0,162,0.4438356164383562,TX,50940.0,202703,same expiry TX 202703,0.24558884992158744,False,False
2026-10-06,202703,2027-03-17,49000.0,P,2360.0,settlement,2360.0,2300.0,2420.0,162,0.4438356164383562,TX,50940.0,202703,same expiry TX 202703,0.24491811391982363,True,True
2026-10-06,202703,2027-03-17,49200.0,C,4190.0,settlement,4190.0,4070.0,4240.0,162,0.4438356164383562,TX,50940.0,202703,same expiry TX 202703,0.24565715169766386,False,False
2026-10-06,202703,2027-03-17,49200.0,P,2450.0,settlement,2450.0,2390.0,2530.0,162,0.4438356164383562,TX,50940.0,202703,same expiry TX 202703,0.24506015838327663,True,True
2026-10-06,202703,2027-03-17,49400.0,C,4070.0,settlement,4070.0,3970.0,4180.0,162,0.4438356164383562,TX,50940.0,202703,same expiry TX 202703,0.24480460355027714,False,False
2026-10-06,202703,2027-03-17,49400.0,P,2530.0,settlement,2530.0,2470.0,2610.0,162,0.4438356164383562,TX,50940.0,202703,same expiry TX 202703,0.24427986418599335,True,True
2026-10-06,202703,2027-03-17,49600.0,C,3960.0,settlement,3960.0,3860.0,4080.0,162,0.4438356164383562,TX,50940.0,202703,same expiry TX 202703,0.24457795845236804,False,False
2026-10-06,202703,2027-03-17,49600.0,P,2620.0,settlement,2620.0,2560.0,2700.0,162,0.4438356164383562,TX,50940.0,202703,same expiry TX 202703,0.244124266313401,True,True
2026-10-06,202703,2027-03-17,49800.0,C,3850.0,settlement,3850.0,3740.0,3960.0,162,0.4438356164383562,TX,50940.0,202703,same expiry TX 202703,0.24420512455169016,False,False
2026-10-06,202703,2027-03-17,49800.0,P,2710.0,settlement,2710.0,2640.0,2780.0,162,0.4438356164383562,TX,50940.0,202703,same expiry TX 202703,0.2438213556489618,True,True
2026-10-06,202703,2027-03-17,50000.0,C,3740.0,settlement,3740.0,3630.0,3830.0,162,0.4438356164383562,TX,50940.0,202703,same expiry TX 202703,0.2436882794496454,False,False
2026-10-06,202703,2027-03-17,50000.0,P,2800.0,settlement,2800.0,2720.0,2880.0,162,0.4438356164383562,TX,50940.0,202703,same expiry TX 202703,0.24337345439065503,True,True
2026-10-06,202703,2027-03-17,50200.0,C,3640.0,settlement,3640.0,3540.0,3740.0,162,0.4438356164383562,TX,50940.0,202703,same expiry TX 202703,0.24378200535397282,False,False
2026-10-06,202703,2027-03-17,50200.0,P,2890.0,settlement,2890.0,2820.0,2980.0,162,0.4438356164383562,TX,50940.0,202703,same expiry TX 202703,0.24278240893569217,True,True
2026-10-06,202703,2027-03-17,50400.0,C,3530.0,settlement,3530.0,3420.0,3620.0,162,0.4438356164383562,TX,50940.0,202703,same expiry TX 202703,0.24297888345754873,False,False
2026-10-06,202703,2027-03-17,50400.0,P,2980.0,settlement,2980.0,2910.0,3070.0,162,0.4438356164383562,TX,50940.0,202703,same expiry TX 202703,0.2420496089974054,True,True
2026-10-06,202703,2027-03-17,50600.0,C,3430.0,settlement,3430.0,3340.0,3530.0,162,0.4438356164383562,TX,50940.0,202703,same expiry TX 202703,0.2427834620702231,False,False
2026-10-06,202703,2027-03-17,50600.0,P,3080.0,settlement,3080.0,3000.0,3170.0,162,0.4438356164383562,TX,50940.0,202703,same expiry TX 202703,0.24192345227974807,True,True
2026-10-06,202703,2027-03-17,50800.0,C,3330.0,settlement,3330.0,3240.0,3420.0,162,0.4438356164383562,TX,50940.0,202703,same expiry TX 202703,0.2424446193706037,False,False
2026-10-06,202703,2027-03-17,50800.0,P,3180.0,settlement,3180.0,3090.0,3270.0,162,0.4438356164383562,TX,50940.0,202703,same expiry TX 202703,0.24165294934591192,True,True
2026-10-06,202703,2027-03-17,51000.0,C,3230.0,settlement,3230.0,3130.0,3310.0,162,0.4438356164383562,TX,50940.0,202703,same expiry TX 202703,0.2419636546965615,True,True
2026-10-06,202703,2027-03-17,51000.0,P,3280.0,settlement,3280.0,3170.0,3350.0,162,0.4438356164383562,TX,50940.0,202703,same expiry TX 202703,0.24123952873697205,False,False
2026-10-06,202703,2027-03-17,51200.0,C,3130.0,settlement,3130.0,3040.0,3220.0,162,0.4438356164383562,TX,50940.0,202703,same expiry TX 202703,0.24134142806639317,True,True
2026-10-06,202703,2027-03-17,51200.0,P,3380.0,settlement,3380.0,3280.0,3460.0,162,0.4438356164383562,TX,50940.0,202703,same expiry TX 202703,0.24068417344391607,False,False
2026-10-06,202703,2027-03-17,51400.0,C,3040.0,settlement,3040.0,2940.0,3100.0,162,0.4438356164383562,TX,50940.0,202703,same expiry TX 202703,0.24132048681629212,True,True
2026-10-06,202703,2027-03-17,51400.0,P,3490.0,settlement,3490.0,3410.0,3580.0,162,0.4438356164383562,TX,50940.0,202703,same expiry TX 202703,0.24072954340114636,False,False
2026-10-06,202703,2027-03-17,51600.0,C,2950.0,settlement,2950.0,2860.0,3020.0,162,0.4438356164383562,TX,50940.0,202703,same expiry TX 202703,0.24115826164230633,True,True
2026-10-06,202703,2027-03-17,51600.0,P,3590.0,settlement,3590.0,3480.0,3680.0,162,0.4438356164383562,TX,50940.0,202703,same expiry TX 202703,0.23989129975826426,False,False
2026-10-06,202703,2027-03-17,51800.0,C,2860.0,settlement,2860.0,2760.0,2920.0,162,0.4438356164383562,TX,50940.0,202703,same expiry TX 202703,0.24085564582028968,True,True
2026-10-06,202703,2027-03-17,51800.0,P,3700.0,settlement,3700.0,3590.0,3790.0,162,0.4438356164383562,TX,50940.0,202703,same expiry TX 202703,0.23965403214223419,False,False
2026-10-06,202703,2027-03-17,52000.0,C,2760.0,settlement,2760.0,2680.0,2840.0,162,0.4438356164383562,TX,50940.0,202703,same expiry TX 202703,0.23967032042965958,True,True
2026-10-06,202703,2027-03-17,52000.0,P,3800.0,settlement,3800.0,3730.0,3910.0,162,0.4438356164383562,TX,50940.0,202703,same expiry TX 202703,0.2385333797012983,False,False
2026-10-06,202703,2027-03-17,52200.0,C,2670.0,settlement,2670.0,2590.0,2730.0,162,0.4438356164383562,TX,50940.0,202703,same expiry TX 202703,0.23908679165185168,True,True
2026-10-06,202703,2027-03-17,52200.0,P,3910.0,settlement,3910.0,3810.0,4020.0,162,0.4438356164383562,TX,50940.0,202703,same expiry TX 202703,0.23801400614304702,False,False
2026-10-06,202703,2027-03-17,52400.0,C,2590.0,settlement,2590.0,2500.0,2640.0,162,0.4438356164383562,TX,50940.0,202703,same expiry TX 202703,0.23910802248340002,True,True
2026-10-06,202703,2027-03-17,52400.0,P,4030.0,settlement,4030.0,3960.0,4140.0,162,0.4438356164383562,TX,50940.0,202703,same expiry TX 202703,0.2380990414905637,False,False
2026-10-06,202703,2027-03-17,52600.0,C,2510.0,settlement,2510.0,2420.0,2560.0,162,0.4438356164383562,TX,50940.0,202703,same expiry TX 202703,0.23899172462895227,True,True
2026-10-06,202703,2027-03-17,52600.0,P,4140.0,settlement,4140.0,4080.0,4240.0,162,0.4438356164383562,TX,50940.0,202703,same expiry TX 202703,0.23729869609783896,False,False
2026-10-06,202703,2027-03-17,52800.0,C,2420.0,settlement,2420.0,2340.0,2480.0,162,0.4438356164383562,TX,50940.0,202703,same expiry TX 202703,0.23798811444041243,True,True
2026-10-06,202703,2027-03-17,52800.0,P,4250.0,settlement,4250.0,4200.0,4360.0,162,0.4438356164383562,TX,50940.0,202703,same expiry TX 202703,0.23635574047148525,False,False
2026-10-06,202703,2027-03-17,53000.0,C,2340.0,settlement,2340.0,2270.0,2390.0,162,0.4438356164383562,TX,50940.0,202703,same expiry TX 202703,0.2375937974618728,True,True
2026-10-06,202703,2027-03-17,53000.0,P,4370.0,settlement,4370.0,4290.0,4480.0,162,0.4438356164383562,TX,50940.0,202703,same expiry TX 202703,0.23602171623834878,False,False
2026-10-06,202703,2027-03-17,53200.0,C,2260.0,settlement,2260.0,2200.0,2320.0,162,0.4438356164383562,TX,50940.0,202703,same expiry TX 202703,0.2370605691239415,True,True
2026-10-06,202703,2027-03-17,53200.0,P,4490.0,settlement,4490.0,4440.0,4590.0,162,0.4438356164383562,TX,50940.0,202703,same expiry TX 202703,0.23554831855447492,False,False
2026-10-06,202703,2027-03-17,53400.0,C,2190.0,settlement,2190.0,2120.0,2240.0,162,0.4438356164383562,TX,50940.0,202703,same expiry TX 202703,0.23714734441148583,True,True
2026-10-06,202703,2027-03-17,53400.0,P,4620.0,settlement,4620.0,4550.0,4720.0,162,0.4438356164383562,TX,50940.0,202703,same expiry TX 202703,0.2356949365761777,False,False
2026-10-06,202703,2027-03-17,53600.0,C,2120.0,settlement,2120.0,2050.0,2170.0,162,0.4438356164383562,TX,50940.0,202703,same expiry TX 202703,0.23710102679426281,True,True
2026-10-06,202703,2027-03-17,53600.0,P,4740.0,settlement,4740.0,4690.0,4840.0,162,0.4438356164383562,TX,50940.0,202703,same expiry TX 202703,0.2349435256105816,False,False
2026-10-06,202703,2027-03-17,53800.0,C,2050.0,settlement,2050.0,1970.0,2080.0,162,0.4438356164383562,TX,50940.0,202703,same expiry TX 202703,0.23692106687981754,True,True
2026-10-06,202703,2027-03-17,53800.0,P,4870.0,settlement,4870.0,4800.0,4980.0,162,0.4438356164383562,TX,50940.0,202703,same expiry TX 202703,0.23481836733333925,False,False
2026-10-06,202703,2027-03-17,54000.0,C,1980.0,settlement,1980.0,1910.0,2020.0,162,0.4438356164383562,TX,50940.0,202703,same expiry TX 202703,0.2366065107521279,True,True
2026-10-06,202703,2027-03-17,54000.0,P,5010.0,settlement,5010.0,4930.0,5100.0,162,0.4438356164383562,TX,50940.0,202703,same expiry TX 202703,0.23533284577648655,False,False
2026-10-06,202703,2027-03-17,54200.0,C,1920.0,settlement,1920.0,1840.0,1950.0,162,0.4438356164383562,TX,50940.0,202703,same expiry TX 202703,0.23693558013381555,True,True
2026-10-06,202703,2027-03-17,54200.0,P,5140.0,settlement,5140.0,5050.0,5240.0,162,0.4438356164383562,TX,50940.0,202703,same expiry TX 202703,0.23494191990562552,False,False
2026-10-06,202703,2027-03-17,54400.0,C,1860.0,settlement,1860.0,1780.0,1880.0,162,0.4438356164383562,TX,50940.0,202703,same expiry TX 202703,0.2371390048451268,True,True
2026-10-06,202703,2027-03-17,54400.0,P,5280.0,settlement,5280.0,5200.0,5370.0,162,0.4438356164383562,TX,50940.0,202703,same expiry TX 202703,0.23519990109916866,False,False
2026-10-06,202703,2027-03-17,54600.0,C,1790.0,settlement,1790.0,1720.0,1820.0,162,0.4438356164383562,TX,50940.0,202703,same expiry TX 202703,0.23642433971581137,True,True
2026-10-06,202703,2027-03-17,54600.0,P,5410.0,settlement,5410.0,5320.0,5510.0,162,0.4438356164383562,TX,50940.0,202703,same expiry TX 202703,0.2345384410160875,False,False
2026-10-06,202703,2027-03-17,54800.0,C,1730.0,settlement,1730.0,1670.0,1770.0,162,0.4438356164383562,TX,50940.0,202703,same expiry TX 202703,0.23636735575003567,True,True
2026-10-06,202703,2027-03-17,54800.0,P,5550.0,settlement,5550.0,5460.0,,162,0.4438356164383562,TX,50940.0,202703,same expiry TX 202703,0.23453565571852092,False,False
2026-10-06,202703,2027-03-17,55000.0,C,1680.0,settlement,1680.0,1610.0,1700.0,162,0.4438356164383562,TX,50940.0,202703,same expiry TX 202703,0.23698739867834168,True,True
2026-10-06,202703,2027-03-17,55000.0,P,5690.0,settlement,5690.0,5590.0,5770.0,162,0.4438356164383562,TX,50940.0,202703,same expiry TX 202703,0.23440365285366463,False,False
2026-10-06,202703,2027-03-17,55200.0,C,1620.0,settlement,1620.0,1550.0,1640.0,162,0.4438356164383562,TX,50940.0,202703,same expiry TX 202703,0.2366783401237299,True,True
2026-10-06,202703,2027-03-17,55200.0,P,5830.0,settlement,5830.0,5760.0,,162,0.4438356164383562,TX,50940.0,202703,same expiry TX 202703,0.2341406813938705,False,False
2026-10-06,202703,2027-03-17,55400.0,C,1560.0,settlement,1560.0,1490.0,1580.0,162,0.4438356164383562,TX,50940.0,202703,same expiry TX 202703,0.23623670444101016,True,True
2026-10-06,202703,2027-03-17,55400.0,P,5970.0,settlement,5970.0,5880.0,6070.0,162,0.4438356164383562,TX,50940.0,202703,same expiry TX 202703,0.23374454650019874,False,False
2026-10-06,202703,2027-03-17,55600.0,C,1510.0,settlement,1510.0,1430.0,1520.0,162,0.4438356164383562,TX,50940.0,202703,same expiry TX 202703,0.2364914732170049,True,True
2026-10-06,202703,2027-03-17,55600.0,P,6120.0,settlement,6120.0,6050.0,,162,0.4438356164383562,TX,50940.0,202703,same expiry TX 202703,0.23404689575188428,False,False
2026-10-06,202703,2027-03-17,55800.0,C,1460.0,settlement,1460.0,1380.0,1470.0,162,0.4438356164383562,TX,50940.0,202703,same expiry TX 202703,0.23662714526942702,True,True
2026-10-06,202703,2027-03-17,55800.0,P,6270.0,settlement,6270.0,6180.0,,162,0.4438356164383562,TX,50940.0,202703,same expiry TX 202703,0.23422999500849842,False,False
2026-10-06,202703,2027-03-17,56000.0,C,1410.0,settlement,1410.0,1340.0,1430.0,162,0.4438356164383562,TX,50940.0,202703,same expiry TX 202703,0.23664217334942822,True,True
2026-10-06,202703,2027-03-17,56000.0,P,6410.0,settlement,6410.0,6330.0,6510.0,162,0.4438356164383562,TX,50940.0,202703,same expiry TX 202703,0.23343857835079618,False,False
2026-10-06,202703,2027-03-17,56200.0,C,1360.0,settlement,1360.0,1280.0,1370.0,162,0.4438356164383562,TX,50940.0,202703,same expiry TX 202703,0.2365346370415216,True,True
2026-10-06,202703,2027-03-17,56200.0,P,6560.0,settlement,6560.0,6480.0,,162,0.4438356164383562,TX,50940.0,202703,same expiry TX 202703,0.23336751114757162,False,False
2026-10-06,202703,2027-03-17,56400.0,C,1310.0,settlement,1310.0,1240.0,1330.0,162,0.4438356164383562,TX,50940.0,202703,same expiry TX 202703,0.2363022106866504,True,True
2026-10-06,202703,2027-03-17,56400.0,P,6710.0,settlement,6710.0,6640.0,,162,0.4438356164383562,TX,50940.0,202703,same expiry TX 202703,0.23317071674538245,False,False
2026-10-06,202703,2027-03-17,56600.0,C,1250.0,settlement,1250.0,1190.0,1280.0,162,0.4438356164383562,TX,50940.0,202703,same expiry TX 202703,0.23505755173292922,True,True
2026-10-06,202703,2027-03-17,56600.0,P,6860.0,settlement,6860.0,6780.0,6950.0,162,0.4438356164383562,TX,50940.0,202703,same expiry TX 202703,0.23284537525619375,False,False
2026-10-06,202703,2027-03-17,56800.0,C,1220.0,settlement,1220.0,1150.0,1240.0,162,0.4438356164383562,TX,50940.0,202703,same expiry TX 202703,0.23634706547795195,True,True
2026-10-06,202703,2027-03-17,56800.0,P,7020.0,settlement,7020.0,6920.0,7130.0,162,0.4438356164383562,TX,50940.0,202703,same expiry TX 202703,0.23328974875303762,False,False
2026-10-06,202703,2027-03-17,57000.0,C,1180.0,settlement,1180.0,1110.0,1200.0,162,0.4438356164383562,TX,50940.0,202703,same expiry TX 202703,0.2366431569509873,True,True
2026-10-06,202703,2027-03-17,57000.0,P,7170.0,settlement,7170.0,7090.0,,162,0.4438356164383562,TX,50940.0,202703,same expiry TX 202703,0.23271104737061823,False,False
2026-10-06,202703,2027-03-17,57200.0,C,1130.0,settlement,1130.0,1050.0,1140.0,162,0.4438356164383562,TX,50940.0,202703,same expiry TX 202703,0.23590788156881295,True,True
2026-10-06,202703,2027-03-17,57200.0,P,7330.0,settlement,7330.0,7230.0,,162,0.4438356164383562,TX,50940.0,202703,same expiry TX 202703,0.23292238554434544,False,False
2026-10-06,202703,2027-03-17,57400.0,C,1090.0,settlement,1090.0,1040.0,1100.0,162,0.4438356164383562,TX,50940.0,202703,same expiry TX 202703,0.23596720483416617,True,True
2026-10-06,202703,2027-03-17,57400.0,P,7480.0,settlement,7480.0,7400.0,,162,0.4438356164383562,TX,50940.0,202703,same expiry TX 202703,0.232076654240169,False,False
2026-10-06,202703,2027-03-17,57600.0,C,1040.0,settlement,1040.0,970.0,1040.0,162,0.4438356164383562,TX,50940.0,202703,same expiry TX 202703,0.23495944237068306,True,True
2026-10-06,202703,2027-03-17,57600.0,P,7640.0,settlement,7640.0,7560.0,7750.0,162,0.4438356164383562,TX,50940.0,202703,same expiry TX 202703,0.2320430271183935,False,False
2026-10-06,202703,2027-03-17,57800.0,C,1010.0,settlement,1010.0,950.0,1020.0,162,0.4438356164383562,TX,50940.0,202703,same expiry TX 202703,0.2357352445715867,True,True
2026-10-06,202703,2027-03-17,57800.0,P,7800.0,settlement,7800.0,7720.0,7910.0,162,0.4438356164383562,TX,50940.0,202703,same expiry TX 202703,0.231889269342608,False,False
2026-10-06,202703,2027-03-17,58000.0,C,960.0,settlement,960.0,915.0,985.0,162,0.4438356164383562,TX,50940.0,202703,same expiry TX 202703,0.234454105466081,True,True
2026-10-06,202703,2027-03-17,58000.0,P,7950.0,settlement,7950.0,7880.0,,162,0.4438356164383562,TX,50940.0,202703,same expiry TX 202703,0.23061701644816882,False,False
2026-10-06,202703,2027-03-17,58200.0,C,915.0,settlement,915.0,875.0,945.0,162,0.4438356164383562,TX,50940.0,202703,same expiry TX 202703,0.23351060256075526,True,True
2026-10-06,202703,2027-03-17,58200.0,P,8100.0,settlement,8100.0,8050.0,8240.0,162,0.4438356164383562,TX,50940.0,202703,same expiry TX 202703,0.2291761269867722,False,False
2026-10-06,202703,2027-03-17,58400.0,C,875.0,settlement,875.0,840.0,910.0,162,0.4438356164383562,TX,50940.0,202703,same expiry TX 202703,0.2329273626726605,True,True
2026-10-06,202703,2027-03-17,58400.0,P,8260.0,settlement,8260.0,8210.0,8420.0,162,0.4438356164383562,TX,50940.0,202703,same expiry TX 202703,0.22859784752585224,False,False
2026-10-06,202703,2027-03-17,58600.0,C,840.0,settlement,840.0,805.0,875.0,162,0.4438356164383562,TX,50940.0,202703,same expiry TX 202703,0.23272835185514687,True,True
2026-10-06,202703,2027-03-17,58600.0,P,8420.0,settlement,8420.0,8380.0,8570.0,162,0.4438356164383562,TX,50940.0,202703,same expiry TX 202703,0.22787850441235893,False,False
2026-10-06,202703,2027-03-17,58800.0,C,820.0,settlement,820.0,780.0,850.0,162,0.4438356164383562,TX,50940.0,202703,same expiry TX 202703,0.23399843057700545,True,True
2026-10-06,202703,2027-03-17,58800.0,P,8600.0,settlement,8600.0,8540.0,,162,0.4438356164383562,TX,50940.0,202703,same expiry TX 202703,0.22917465737705991,False,False
2026-10-06,202703,2027-03-17,59000.0,C,800.0,settlement,800.0,755.0,820.0,162,0.4438356164383562,TX,50940.0,202703,same expiry TX 202703,0.23519700851003228,True,True
2026-10-06,202703,2027-03-17,59000.0,P,8780.0,settlement,8780.0,8710.0,,162,0.4438356164383562,TX,50940.0,202703,same expiry TX 202703,0.2303994738051488,False,False
2026-10-06,202703,2027-03-17,59200.0,C,770.0,settlement,770.0,720.0,780.0,162,0.4438356164383562,TX,50940.0,202703,same expiry TX 202703,0.23523277099230352,True,True
2026-10-06,202703,2027-03-17,59200.0,P,8950.0,settlement,8950.0,8880.0,9090.0,162,0.4438356164383562,TX,50940.0,202703,same expiry TX 202703,0.2304406771338436,False,False
2026-10-06,202703,2027-03-17,59400.0,C,740.0,settlement,740.0,695.0,755.0,162,0.4438356164383562,TX,50940.0,202703,same expiry TX 202703,0.2351584644826001,True,True
2026-10-06,202703,2027-03-17,59400.0,P,9120.0,settlement,9120.0,9050.0,9260.0,162,0.4438356164383562,TX,50940.0,202703,same expiry TX 202703,0.23036967821477594,False,False
2026-10-06,202703,2027-03-17,59600.0,C,710.0,settlement,710.0,670.0,730.0,162,0.4438356164383562,TX,50940.0,202703,same expiry TX 202703,0.23497036246506717,True,True
2026-10-06,202703,2027-03-17,59600.0,P,9290.0,settlement,9290.0,9220.0,9430.0,162,0.4438356164383562,TX,50940.0,202703,same expiry TX 202703,0.2301824760238564,False,False
2026-10-06,202703,2027-03-17,59800.0,C,685.0,settlement,685.0,640.0,695.0,162,0.4438356164383562,TX,50940.0,202703,same expiry TX 202703,0.23524460388968296,True,True
2026-10-06,202703,2027-03-17,59800.0,P,9460.0,settlement,9460.0,9390.0,,162,0.4438356164383562,TX,50940.0,202703,same expiry TX 202703,0.22987448942799749,False,False
