Date,Contract,Expiry,Strike,Type,Price,Price_Source,Settlement,Bid,Ask,Days_To_Expiry,T,Futures_Product,Forward,Futures_Contract,Forward_Source,IV,OTM,Plot_Eligible
2026-10-02,202610W1,2026-10-07,42800.0,C,5560.0,settlement,5560.0,5540.0,,5,0.0136986301369863,MTX,48364.0,202610W1,same expiry MTX 202610W1,,False,False
2026-10-02,202610W1,2026-10-07,42800.0,P,0.5,settlement,0.5,0.5,0.6,5,0.0136986301369863,MTX,48364.0,202610W1,same expiry MTX 202610W1,0.3380225840910124,True,True
2026-10-02,202610W1,2026-10-07,42900.0,C,5460.0,settlement,5460.0,5440.0,,5,0.0136986301369863,MTX,48364.0,202610W1,same expiry MTX 202610W1,,False,False
2026-10-02,202610W1,2026-10-07,42900.0,P,0.5,settlement,0.5,0.4,0.6,5,0.0136986301369863,MTX,48364.0,202610W1,same expiry MTX 202610W1,0.3320629687800984,True,True
2026-10-02,202610W1,2026-10-07,43000.0,C,5360.0,settlement,5360.0,5350.0,,5,0.0136986301369863,MTX,48364.0,202610W1,same expiry MTX 202610W1,,False,False
2026-10-02,202610W1,2026-10-07,43000.0,P,0.6,settlement,0.6,0.5,0.7,5,0.0136986301369863,MTX,48364.0,202610W1,same expiry MTX 202610W1,0.33112412844771005,True,True
2026-10-02,202610W1,2026-10-07,43100.0,C,5260.0,settlement,5260.0,5250.0,,5,0.0136986301369863,MTX,48364.0,202610W1,same expiry MTX 202610W1,,False,False
2026-10-02,202610W1,2026-10-07,43100.0,P,0.7,settlement,0.7,0.5,0.7,5,0.0136986301369863,MTX,48364.0,202610W1,same expiry MTX 202610W1,0.3294293812532864,True,True
2026-10-02,202610W1,2026-10-07,43200.0,C,5160.0,settlement,5160.0,5150.0,,5,0.0136986301369863,MTX,48364.0,202610W1,same expiry MTX 202610W1,,False,False
2026-10-02,202610W1,2026-10-07,43200.0,P,0.7,settlement,0.7,0.5,0.8,5,0.0136986301369863,MTX,48364.0,202610W1,same expiry MTX 202610W1,0.32334156170818434,True,True
2026-10-02,202610W1,2026-10-07,43300.0,C,5060.0,settlement,5060.0,5050.0,,5,0.0136986301369863,MTX,48364.0,202610W1,same expiry MTX 202610W1,,False,False
2026-10-02,202610W1,2026-10-07,43300.0,P,0.7,settlement,0.7,0.6,0.8,5,0.0136986301369863,MTX,48364.0,202610W1,same expiry MTX 202610W1,0.3172597240907731,True,True
2026-10-02,202610W1,2026-10-07,43400.0,C,4960.0,settlement,4960.0,4950.0,,5,0.0136986301369863,MTX,48364.0,202610W1,same expiry MTX 202610W1,,False,False
2026-10-02,202610W1,2026-10-07,43400.0,P,0.8,settlement,0.8,0.6,0.9,5,0.0136986301369863,MTX,48364.0,202610W1,same expiry MTX 202610W1,0.3148738507082548,True,True
2026-10-02,202610W1,2026-10-07,43500.0,C,4860.0,settlement,4860.0,4850.0,,5,0.0136986301369863,MTX,48364.0,202610W1,same expiry MTX 202610W1,,False,False
2026-10-02,202610W1,2026-10-07,43500.0,P,0.8,settlement,0.8,0.7,0.9,5,0.0136986301369863,MTX,48364.0,202610W1,same expiry MTX 202610W1,0.30874169288628156,True,True
2026-10-02,202610W1,2026-10-07,43600.0,C,4760.0,settlement,4760.0,4750.0,,5,0.0136986301369863,MTX,48364.0,202610W1,same expiry MTX 202610W1,,False,False
2026-10-02,202610W1,2026-10-07,43600.0,P,0.9,settlement,0.9,0.8,1.0,5,0.0136986301369863,MTX,48364.0,202610W1,same expiry MTX 202610W1,0.30585384370583946,True,True
2026-10-02,202610W1,2026-10-07,43700.0,C,4660.0,settlement,4660.0,4650.0,,5,0.0136986301369863,MTX,48364.0,202610W1,same expiry MTX 202610W1,,False,False
2026-10-02,202610W1,2026-10-07,43700.0,P,1.0,settlement,1.0,0.8,1.1,5,0.0136986301369863,MTX,48364.0,202610W1,same expiry MTX 202610W1,0.3025993152778797,True,True
2026-10-02,202610W1,2026-10-07,43800.0,C,4560.0,settlement,4560.0,4550.0,,5,0.0136986301369863,MTX,48364.0,202610W1,same expiry MTX 202610W1,,False,False
2026-10-02,202610W1,2026-10-07,43800.0,P,1.0,settlement,1.0,0.9,1.1,5,0.0136986301369863,MTX,48364.0,202610W1,same expiry MTX 202610W1,0.29637482896113676,True,True
2026-10-02,202610W1,2026-10-07,43900.0,C,4460.0,settlement,4460.0,4170.0,4620.0,5,0.0136986301369863,MTX,48364.0,202610W1,same expiry MTX 202610W1,,False,False
2026-10-02,202610W1,2026-10-07,43900.0,P,1.1,settlement,1.1,1.0,1.2,5,0.0136986301369863,MTX,48364.0,202610W1,same expiry MTX 202610W1,0.29276859692128887,True,True
2026-10-02,202610W1,2026-10-07,44000.0,C,4360.0,settlement,4360.0,4350.0,4440.0,5,0.0136986301369863,MTX,48364.0,202610W1,same expiry MTX 202610W1,,False,False
2026-10-02,202610W1,2026-10-07,44000.0,P,1.2,settlement,1.2,1.1,1.3,5,0.0136986301369863,MTX,48364.0,202610W1,same expiry MTX 202610W1,0.2889006005961749,True,True
2026-10-02,202610W1,2026-10-07,44100.0,C,4260.0,settlement,4260.0,4250.0,,5,0.0136986301369863,MTX,48364.0,202610W1,same expiry MTX 202610W1,,False,False
2026-10-02,202610W1,2026-10-07,44100.0,P,1.3,settlement,1.3,1.2,1.4,5,0.0136986301369863,MTX,48364.0,202610W1,same expiry MTX 202610W1,0.28480450906773497,True,True
2026-10-02,202610W1,2026-10-07,44200.0,C,4160.0,settlement,4160.0,4150.0,,5,0.0136986301369863,MTX,48364.0,202610W1,same expiry MTX 202610W1,,False,False
2026-10-02,202610W1,2026-10-07,44200.0,P,1.4,settlement,1.4,1.3,1.5,5,0.0136986301369863,MTX,48364.0,202610W1,same expiry MTX 202610W1,0.2805070304105603,True,True
2026-10-02,202610W1,2026-10-07,44300.0,C,4060.0,settlement,4060.0,4050.0,,5,0.0136986301369863,MTX,48364.0,202610W1,same expiry MTX 202610W1,,False,False
2026-10-02,202610W1,2026-10-07,44300.0,P,1.6,settlement,1.6,1.4,1.7,5,0.0136986301369863,MTX,48364.0,202610W1,same expiry MTX 202610W1,0.277839731172783,True,True
2026-10-02,202610W1,2026-10-07,44400.0,C,3960.0,settlement,3960.0,3950.0,,5,0.0136986301369863,MTX,48364.0,202610W1,same expiry MTX 202610W1,,False,False
2026-10-02,202610W1,2026-10-07,44400.0,P,1.7,settlement,1.7,1.5,1.8,5,0.0136986301369863,MTX,48364.0,202610W1,same expiry MTX 202610W1,0.27308474499010954,True,True
2026-10-02,202610W1,2026-10-07,44500.0,C,3860.0,settlement,3860.0,3850.0,,5,0.0136986301369863,MTX,48364.0,202610W1,same expiry MTX 202610W1,,False,False
2026-10-02,202610W1,2026-10-07,44500.0,P,1.8,settlement,1.8,1.6,1.9,5,0.0136986301369863,MTX,48364.0,202610W1,same expiry MTX 202610W1,0.26819358476880834,True,True
2026-10-02,202610W1,2026-10-07,44600.0,C,3760.0,settlement,3760.0,3750.0,,5,0.0136986301369863,MTX,48364.0,202610W1,same expiry MTX 202610W1,,False,False
2026-10-02,202610W1,2026-10-07,44600.0,P,1.9,settlement,1.9,1.7,2.0,5,0.0136986301369863,MTX,48364.0,202610W1,same expiry MTX 202610W1,0.26317677554596597,True,True
2026-10-02,202610W1,2026-10-07,44700.0,C,3660.0,settlement,3660.0,3650.0,,5,0.0136986301369863,MTX,48364.0,202610W1,same expiry MTX 202610W1,,False,False
2026-10-02,202610W1,2026-10-07,44700.0,P,2.1,settlement,2.1,1.9,2.2,5,0.0136986301369863,MTX,48364.0,202610W1,same expiry MTX 202610W1,0.2594023798262795,True,True
2026-10-02,202610W1,2026-10-07,44800.0,C,3560.0,settlement,3560.0,3550.0,,5,0.0136986301369863,MTX,48364.0,202610W1,same expiry MTX 202610W1,,False,False
2026-10-02,202610W1,2026-10-07,44800.0,P,2.3,settlement,2.3,2.0,2.3,5,0.0136986301369863,MTX,48364.0,202610W1,same expiry MTX 202610W1,0.25532951949577076,True,True
2026-10-02,202610W1,2026-10-07,44900.0,C,3460.0,settlement,3460.0,3450.0,,5,0.0136986301369863,MTX,48364.0,202610W1,same expiry MTX 202610W1,,False,False
2026-10-02,202610W1,2026-10-07,44900.0,P,2.3,settlement,2.3,2.1,2.4,5,0.0136986301369863,MTX,48364.0,202610W1,same expiry MTX 202610W1,0.24867262188292755,True,True
2026-10-02,202610W1,2026-10-07,45000.0,C,3360.0,settlement,3360.0,3350.0,,5,0.0136986301369863,MTX,48364.0,202610W1,same expiry MTX 202610W1,,False,False
2026-10-02,202610W1,2026-10-07,45000.0,P,2.5,settlement,2.5,2.3,2.6,5,0.0136986301369863,MTX,48364.0,202610W1,same expiry MTX 202610W1,0.24428658403578846,True,True
2026-10-02,202610W1,2026-10-07,45100.0,C,3260.0,settlement,3260.0,3250.0,,5,0.0136986301369863,MTX,48364.0,202610W1,same expiry MTX 202610W1,,False,False
2026-10-02,202610W1,2026-10-07,45100.0,P,2.7,settlement,2.7,2.5,2.8,5,0.0136986301369863,MTX,48364.0,202610W1,same expiry MTX 202610W1,0.23967188972222522,True,True
2026-10-02,202610W1,2026-10-07,45200.0,C,3160.0,settlement,3160.0,3150.0,,5,0.0136986301369863,MTX,48364.0,202610W1,same expiry MTX 202610W1,,False,False
2026-10-02,202610W1,2026-10-07,45200.0,P,2.9,settlement,2.9,2.6,2.9,5,0.0136986301369863,MTX,48364.0,202610W1,same expiry MTX 202610W1,0.2348518924220601,True,True
2026-10-02,202610W1,2026-10-07,45300.0,C,3060.0,settlement,3060.0,3060.0,3080.0,5,0.0136986301369863,MTX,48364.0,202610W1,same expiry MTX 202610W1,,False,False
2026-10-02,202610W1,2026-10-07,45300.0,P,3.2,settlement,3.2,2.9,3.2,5,0.0136986301369863,MTX,48364.0,202610W1,same expiry MTX 202610W1,0.23071841970915577,True,True
2026-10-02,202610W1,2026-10-07,45400.0,C,2960.0,settlement,2960.0,2960.0,2980.0,5,0.0136986301369863,MTX,48364.0,202610W1,same expiry MTX 202610W1,,False,False
2026-10-02,202610W1,2026-10-07,45400.0,P,3.7,settlement,3.7,3.1,3.4,5,0.0136986301369863,MTX,48364.0,202610W1,same expiry MTX 202610W1,0.22783521518090769,True,True
2026-10-02,202610W1,2026-10-07,45500.0,C,2860.0,settlement,2860.0,2860.0,2890.0,5,0.0136986301369863,MTX,48364.0,202610W1,same expiry MTX 202610W1,,False,False
2026-10-02,202610W1,2026-10-07,45500.0,P,4.0,settlement,4.0,3.5,3.8,5,0.0136986301369863,MTX,48364.0,202610W1,same expiry MTX 202610W1,0.2230138602202348,True,True
2026-10-02,202610W1,2026-10-07,45600.0,C,2760.0,settlement,2760.0,2750.0,2780.0,5,0.0136986301369863,MTX,48364.0,202610W1,same expiry MTX 202610W1,,False,False
2026-10-02,202610W1,2026-10-07,45600.0,P,4.0,settlement,4.0,3.8,4.1,5,0.0136986301369863,MTX,48364.0,202610W1,same expiry MTX 202610W1,0.21596227825872683,True,True
2026-10-02,202610W1,2026-10-07,45700.0,C,2660.0,settlement,2660.0,2660.0,2680.0,5,0.0136986301369863,MTX,48364.0,202610W1,same expiry MTX 202610W1,,False,False
2026-10-02,202610W1,2026-10-07,45700.0,P,4.3,settlement,4.3,4.1,4.4,5,0.0136986301369863,MTX,48364.0,202610W1,same expiry MTX 202610W1,0.2108554900859642,True,True
2026-10-02,202610W1,2026-10-07,45800.0,C,2570.0,settlement,2570.0,2560.0,2590.0,5,0.0136986301369863,MTX,48364.0,202610W1,same expiry MTX 202610W1,0.2147918827453745,False,False
2026-10-02,202610W1,2026-10-07,45800.0,P,4.7,settlement,4.7,4.5,4.9,5,0.0136986301369863,MTX,48364.0,202610W1,same expiry MTX 202610W1,0.2061314228267572,True,True
2026-10-02,202610W1,2026-10-07,45900.0,C,2470.0,settlement,2470.0,2460.0,2490.0,5,0.0136986301369863,MTX,48364.0,202610W1,same expiry MTX 202610W1,0.20729023185787573,False,False
2026-10-02,202610W1,2026-10-07,45900.0,P,5.7,settlement,5.7,5.0,5.4,5,0.0136986301369863,MTX,48364.0,202610W1,same expiry MTX 202610W1,0.20422893503055983,True,True
2026-10-02,202610W1,2026-10-07,46000.0,C,2370.0,settlement,2370.0,2250.0,2470.0,5,0.0136986301369863,MTX,48364.0,202610W1,same expiry MTX 202610W1,0.19977639597354896,False,False
2026-10-02,202610W1,2026-10-07,46000.0,P,6.0,settlement,6.0,5.6,6.0,5,0.0136986301369863,MTX,48364.0,202610W1,same expiry MTX 202610W1,0.19828889837917657,True,True
2026-10-02,202610W1,2026-10-07,46100.0,C,2270.0,settlement,2270.0,2260.0,2290.0,5,0.0136986301369863,MTX,48364.0,202610W1,same expiry MTX 202610W1,0.19224875395044833,False,False
2026-10-02,202610W1,2026-10-07,46100.0,P,6.7,settlement,6.7,6.3,6.7,5,0.0136986301369863,MTX,48364.0,202610W1,same expiry MTX 202610W1,0.19392724962706118,True,True
2026-10-02,202610W1,2026-10-07,46200.0,C,2170.0,settlement,2170.0,2160.0,2190.0,5,0.0136986301369863,MTX,48364.0,202610W1,same expiry MTX 202610W1,0.1847055237051875,False,False
2026-10-02,202610W1,2026-10-07,46200.0,P,7.4,settlement,7.4,7.2,7.6,5,0.0136986301369863,MTX,48364.0,202610W1,same expiry MTX 202610W1,0.18916744741510402,True,True
2026-10-02,202610W1,2026-10-07,46250.0,C,2120.0,settlement,2120.0,2110.0,2140.0,5,0.0136986301369863,MTX,48364.0,202610W1,same expiry MTX 202610W1,0.18092745605409039,False,False
2026-10-02,202610W1,2026-10-07,46250.0,P,7.9,settlement,7.9,7.5,8.1,5,0.0136986301369863,MTX,48364.0,202610W1,same expiry MTX 202610W1,0.1872005342980186,True,True
2026-10-02,202610W1,2026-10-07,46300.0,C,2070.0,settlement,2070.0,2060.0,2090.0,5,0.0136986301369863,MTX,48364.0,202610W1,same expiry MTX 202610W1,0.1771447372650264,False,False
2026-10-02,202610W1,2026-10-07,46300.0,P,8.4,settlement,8.4,8.0,8.6,5,0.0136986301369863,MTX,48364.0,202610W1,same expiry MTX 202610W1,0.18509769595201211,True,True
2026-10-02,202610W1,2026-10-07,46350.0,C,2020.0,settlement,2020.0,2010.0,2040.0,5,0.0136986301369863,MTX,48364.0,202610W1,same expiry MTX 202610W1,0.17335708734700406,False,False
2026-10-02,202610W1,2026-10-07,46350.0,P,8.9,settlement,8.9,8.8,9.4,5,0.0136986301369863,MTX,48364.0,202610W1,same expiry MTX 202610W1,0.1828692632628805,True,True
2026-10-02,202610W1,2026-10-07,46400.0,C,1970.0,settlement,1970.0,1640.0,1990.0,5,0.0136986301369863,MTX,48364.0,202610W1,same expiry MTX 202610W1,0.1695642105569683,False,False
2026-10-02,202610W1,2026-10-07,46400.0,P,10.0,settlement,10.0,9.4,10.0,5,0.0136986301369863,MTX,48364.0,202610W1,same expiry MTX 202610W1,0.18234803403136152,True,True
2026-10-02,202610W1,2026-10-07,46450.0,C,1920.0,settlement,1920.0,0.2,1940.0,5,0.0136986301369863,MTX,48364.0,202610W1,same expiry MTX 202610W1,0.16576579406943717,False,False
2026-10-02,202610W1,2026-10-07,46450.0,P,10.5,settlement,10.5,10.0,11.0,5,0.0136986301369863,MTX,48364.0,202610W1,same expiry MTX 202610W1,0.17980873857608154,True,True
2026-10-02,202610W1,2026-10-07,46500.0,C,1870.0,settlement,1870.0,1860.0,1890.0,5,0.0136986301369863,MTX,48364.0,202610W1,same expiry MTX 202610W1,0.16196150648390975,False,False
2026-10-02,202610W1,2026-10-07,46500.0,P,11.5,settlement,11.5,10.5,12.5,5,0.0136986301369863,MTX,48364.0,202610W1,same expiry MTX 202610W1,0.17851548820211652,True,True
2026-10-02,202610W1,2026-10-07,46550.0,C,1820.0,settlement,1820.0,1820.0,1840.0,5,0.0136986301369863,MTX,48364.0,202610W1,same expiry MTX 202610W1,0.15815099616292955,False,False
2026-10-02,202610W1,2026-10-07,46550.0,P,12.0,settlement,12.0,11.5,12.5,5,0.0136986301369863,MTX,48364.0,202610W1,same expiry MTX 202610W1,0.17573051958607702,True,True
2026-10-02,202610W1,2026-10-07,46600.0,C,1770.0,settlement,1770.0,1770.0,1790.0,5,0.0136986301369863,MTX,48364.0,202610W1,same expiry MTX 202610W1,0.15433388937012135,False,False
2026-10-02,202610W1,2026-10-07,46600.0,P,14.0,settlement,14.0,12.5,13.5,5,0.0136986301369863,MTX,48364.0,202610W1,same expiry MTX 202610W1,0.17639352658699348,True,True
2026-10-02,202610W1,2026-10-07,46650.0,C,1730.0,settlement,1730.0,1720.0,,5,0.0136986301369863,MTX,48364.0,202610W1,same expiry MTX 202610W1,0.17698938878363565,False,False
2026-10-02,202610W1,2026-10-07,46650.0,P,15.0,settlement,15.0,14.0,15.0,5,0.0136986301369863,MTX,48364.0,202610W1,same expiry MTX 202610W1,0.1743931046722474,True,True
2026-10-02,202610W1,2026-10-07,46700.0,C,1680.0,settlement,1680.0,1670.0,1700.0,5,0.0136986301369863,MTX,48364.0,202610W1,same expiry MTX 202610W1,0.17268574909247375,False,False
2026-10-02,202610W1,2026-10-07,46700.0,P,16.5,settlement,16.5,15.0,16.0,5,0.0136986301369863,MTX,48364.0,202610W1,same expiry MTX 202610W1,0.17323294698248473,True,True
2026-10-02,202610W1,2026-10-07,46750.0,C,1630.0,settlement,1630.0,1620.0,1650.0,5,0.0136986301369863,MTX,48364.0,202610W1,same expiry MTX 202610W1,0.16837033479330787,False,False
2026-10-02,202610W1,2026-10-07,46750.0,P,17.0,settlement,17.0,16.5,17.5,5,0.0136986301369863,MTX,48364.0,202610W1,same expiry MTX 202610W1,0.16989633438066845,True,True
2026-10-02,202610W1,2026-10-07,46800.0,C,1580.0,settlement,1580.0,1570.0,1650.0,5,0.0136986301369863,MTX,48364.0,202610W1,same expiry MTX 202610W1,0.1640424910960316,False,False
2026-10-02,202610W1,2026-10-07,46800.0,P,19.0,settlement,19.0,18.0,19.5,5,0.0136986301369863,MTX,48364.0,202610W1,same expiry MTX 202610W1,0.1692337418613945,True,True
2026-10-02,202610W1,2026-10-07,46850.0,C,1530.0,settlement,1530.0,1240.0,1550.0,5,0.0136986301369863,MTX,48364.0,202610W1,same expiry MTX 202610W1,0.1597015147341787,False,False
2026-10-02,202610W1,2026-10-07,46850.0,P,19.0,settlement,19.0,19.5,21.0,5,0.0136986301369863,MTX,48364.0,202610W1,same expiry MTX 202610W1,0.16481004332597674,True,True
2026-10-02,202610W1,2026-10-07,46900.0,C,1480.0,settlement,1480.0,1470.0,1480.0,5,0.0136986301369863,MTX,48364.0,202610W1,same expiry MTX 202610W1,0.15534664860054734,False,False
2026-10-02,202610W1,2026-10-07,46900.0,P,21.0,settlement,21.0,21.5,23.0,5,0.0136986301369863,MTX,48364.0,202610W1,same expiry MTX 202610W1,0.16371619946331334,True,True
2026-10-02,202610W1,2026-10-07,46950.0,C,1440.0,settlement,1440.0,1430.0,1450.0,5,0.0136986301369863,MTX,48364.0,202610W1,same expiry MTX 202610W1,0.16701204983878726,False,False
2026-10-02,202610W1,2026-10-07,46950.0,P,24.0,settlement,24.0,24.0,25.5,5,0.0136986301369863,MTX,48364.0,202610W1,same expiry MTX 202610W1,0.16382045947772256,True,True
2026-10-02,202610W1,2026-10-07,47000.0,C,1390.0,settlement,1390.0,1380.0,1600.0,5,0.0136986301369863,MTX,48364.0,202610W1,same expiry MTX 202610W1,0.16231625329360558,False,False
2026-10-02,202610W1,2026-10-07,47000.0,P,27.5,settlement,27.5,27.5,28.0,5,0.0136986301369863,MTX,48364.0,202610W1,same expiry MTX 202610W1,0.16412681039821556,True,True
2026-10-02,202610W1,2026-10-07,47050.0,C,1340.0,settlement,1340.0,1090.0,1360.0,5,0.0136986301369863,MTX,48364.0,202610W1,same expiry MTX 202610W1,0.15760073639867,False,False
2026-10-02,202610W1,2026-10-07,47050.0,P,31.5,settlement,31.5,29.0,31.5,5,0.0136986301369863,MTX,48364.0,202610W1,same expiry MTX 202610W1,0.16454815308335108,True,True
2026-10-02,202610W1,2026-10-07,47100.0,C,1290.0,settlement,1290.0,1290.0,1310.0,5,0.0136986301369863,MTX,48364.0,202610W1,same expiry MTX 202610W1,0.15286428277307001,False,False
2026-10-02,202610W1,2026-10-07,47100.0,P,34.0,settlement,34.0,32.0,34.0,5,0.0136986301369863,MTX,48364.0,202610W1,same expiry MTX 202610W1,0.162690277083064,True,True
2026-10-02,202610W1,2026-10-07,47150.0,C,1250.0,settlement,1250.0,1240.0,1270.0,5,0.0136986301369863,MTX,48364.0,202610W1,same expiry MTX 202610W1,0.16021478673049064,False,False
2026-10-02,202610W1,2026-10-07,47150.0,P,37.5,settlement,37.5,35.5,38.0,5,0.0136986301369863,MTX,48364.0,202610W1,same expiry MTX 202610W1,0.1617017992739595,True,True
2026-10-02,202610W1,2026-10-07,47200.0,C,1200.0,settlement,1200.0,1190.0,1340.0,5,0.0136986301369863,MTX,48364.0,202610W1,same expiry MTX 202610W1,0.15518498771759337,False,False
2026-10-02,202610W1,2026-10-07,47200.0,P,41.5,settlement,41.5,39.5,41.5,5,0.0136986301369863,MTX,48364.0,202610W1,same expiry MTX 202610W1,0.16088571070151061,True,True
2026-10-02,202610W1,2026-10-07,47250.0,C,1160.0,settlement,1160.0,1150.0,1180.0,5,0.0136986301369863,MTX,48364.0,202610W1,same expiry MTX 202610W1,0.16033107326910576,False,False
2026-10-02,202610W1,2026-10-07,47250.0,P,46.5,settlement,46.5,44.0,46.5,5,0.0136986301369863,MTX,48364.0,202610W1,same expiry MTX 202610W1,0.16066709776371074,True,True
2026-10-02,202610W1,2026-10-07,47300.0,C,1110.0,settlement,1110.0,960.0,1130.0,5,0.0136986301369863,MTX,48364.0,202610W1,same expiry MTX 202610W1,0.15503356200865223,False,False
2026-10-02,202610W1,2026-10-07,47300.0,P,51.0,settlement,51.0,49.0,51.0,5,0.0136986301369863,MTX,48364.0,202610W1,same expiry MTX 202610W1,0.15954553931281476,True,True
2026-10-02,202610W1,2026-10-07,47350.0,C,1070.0,settlement,1070.0,1060.0,1090.0,5,0.0136986301369863,MTX,48364.0,202610W1,same expiry MTX 202610W1,0.15862366085224242,False,False
2026-10-02,202610W1,2026-10-07,47350.0,P,55.0,settlement,55.0,54.0,56.0,5,0.0136986301369863,MTX,48364.0,202610W1,same expiry MTX 202610W1,0.15764190417440113,True,True
2026-10-02,202610W1,2026-10-07,47400.0,C,1020.0,settlement,1020.0,1020.0,1040.0,5,0.0136986301369863,MTX,48364.0,202610W1,same expiry MTX 202610W1,0.15306838010071566,False,False
2026-10-02,202610W1,2026-10-07,47400.0,P,63.0,settlement,63.0,60.0,63.0,5,0.0136986301369863,MTX,48364.0,202610W1,same expiry MTX 202610W1,0.1587172180191909,True,True
2026-10-02,202610W1,2026-10-07,47450.0,C,980.0,settlement,980.0,970.0,,5,0.0136986301369863,MTX,48364.0,202610W1,same expiry MTX 202610W1,0.15545133593545413,False,False
2026-10-02,202610W1,2026-10-07,47450.0,P,68.0,settlement,68.0,66.0,69.0,5,0.0136986301369863,MTX,48364.0,202610W1,same expiry MTX 202610W1,0.15689674207613313,True,True
2026-10-02,202610W1,2026-10-07,47500.0,C,930.0,settlement,930.0,930.0,955.0,5,0.0136986301369863,MTX,48364.0,202610W1,same expiry MTX 202610W1,0.14963798896299726,False,False
2026-10-02,202610W1,2026-10-07,47500.0,P,74.0,settlement,74.0,73.0,76.0,5,0.0136986301369863,MTX,48364.0,202610W1,same expiry MTX 202610W1,0.1555016688194419,True,True
2026-10-02,202610W1,2026-10-07,47550.0,C,895.0,settlement,895.0,885.0,910.0,5,0.0136986301369863,MTX,48364.0,202610W1,same expiry MTX 202610W1,0.1545253493305791,False,False
2026-10-02,202610W1,2026-10-07,47550.0,P,82.0,settlement,82.0,82.0,86.0,5,0.0136986301369863,MTX,48364.0,202610W1,same expiry MTX 202610W1,0.1551407524034398,True,True
2026-10-02,202610W1,2026-10-07,47600.0,C,865.0,settlement,865.0,850.0,875.0,5,0.0136986301369863,MTX,48364.0,202610W1,same expiry MTX 202610W1,0.1615079812952712,False,False
2026-10-02,202610W1,2026-10-07,47600.0,P,93.0,settlement,93.0,90.0,95.0,5,0.0136986301369863,MTX,48364.0,202610W1,same expiry MTX 202610W1,0.1562874775285718,True,True
2026-10-02,202610W1,2026-10-07,47650.0,C,815.0,settlement,815.0,810.0,825.0,5,0.0136986301369863,MTX,48364.0,202610W1,same expiry MTX 202610W1,0.15502426957238508,False,False
2026-10-02,202610W1,2026-10-07,47650.0,P,100.0,settlement,100.0,100.0,102.0,5,0.0136986301369863,MTX,48364.0,202610W1,same expiry MTX 202610W1,0.15433780615869724,True,True
2026-10-02,202610W1,2026-10-07,47700.0,C,770.0,settlement,770.0,775.0,790.0,5,0.0136986301369863,MTX,48364.0,202610W1,same expiry MTX 202610W1,0.15150343152177323,False,False
2026-10-02,202610W1,2026-10-07,47700.0,P,112.0,settlement,112.0,110.0,113.0,5,0.0136986301369863,MTX,48364.0,202610W1,same expiry MTX 202610W1,0.15504982685501492,True,True
2026-10-02,202610W1,2026-10-07,47750.0,C,735.0,settlement,735.0,735.0,750.0,5,0.0136986301369863,MTX,48364.0,202610W1,same expiry MTX 202610W1,0.15353562074599666,False,False
2026-10-02,202610W1,2026-10-07,47750.0,P,125.0,settlement,125.0,120.0,125.0,5,0.0136986301369863,MTX,48364.0,202610W1,same expiry MTX 202610W1,0.15577488700652328,True,True
2026-10-02,202610W1,2026-10-07,47800.0,C,715.0,settlement,715.0,695.0,710.0,5,0.0136986301369863,MTX,48364.0,202610W1,same expiry MTX 202610W1,0.16304634976889557,False,False
2026-10-02,202610W1,2026-10-07,47800.0,P,137.0,settlement,137.0,132.0,137.0,5,0.0136986301369863,MTX,48364.0,202610W1,same expiry MTX 202610W1,0.15540008752795878,True,True
2026-10-02,202610W1,2026-10-07,47850.0,C,665.0,settlement,665.0,660.0,675.0,5,0.0136986301369863,MTX,48364.0,202610W1,same expiry MTX 202610W1,0.15565192953663323,False,False
2026-10-02,202610W1,2026-10-07,47850.0,P,150.0,settlement,150.0,146.0,151.0,5,0.0136986301369863,MTX,48364.0,202610W1,same expiry MTX 202610W1,0.1550855048568804,True,True
2026-10-02,202610W1,2026-10-07,47900.0,C,615.0,settlement,615.0,625.0,640.0,5,0.0136986301369863,MTX,48364.0,202610W1,same expiry MTX 202610W1,0.14813177511994388,False,False
2026-10-02,202610W1,2026-10-07,47900.0,P,163.0,settlement,163.0,160.0,166.0,5,0.0136986301369863,MTX,48364.0,202610W1,same expiry MTX 202610W1,0.15429383716792755,True,True
2026-10-02,202610W1,2026-10-07,47950.0,C,590.0,settlement,590.0,590.0,605.0,5,0.0136986301369863,MTX,48364.0,202610W1,same expiry MTX 202610W1,0.15307648817665118,False,False
2026-10-02,202610W1,2026-10-07,47950.0,P,179.0,settlement,179.0,175.0,181.0,5,0.0136986301369863,MTX,48364.0,202610W1,same expiry MTX 202610W1,0.15454382199114575,True,True
2026-10-02,202610W1,2026-10-07,48000.0,C,555.0,settlement,555.0,555.0,570.0,5,0.0136986301369863,MTX,48364.0,202610W1,same expiry MTX 202610W1,0.15236106269104552,False,False
2026-10-02,202610W1,2026-10-07,48000.0,P,193.0,settlement,193.0,192.0,194.0,5,0.0136986301369863,MTX,48364.0,202610W1,same expiry MTX 202610W1,0.15330892364739837,True,True
2026-10-02,202610W1,2026-10-07,48050.0,C,520.0,settlement,520.0,525.0,535.0,5,0.0136986301369863,MTX,48364.0,202610W1,same expiry MTX 202610W1,0.15117224237519905,False,False
2026-10-02,202610W1,2026-10-07,48050.0,P,212.0,settlement,212.0,209.0,215.0,5,0.0136986301369863,MTX,48364.0,202610W1,same expiry MTX 202610W1,0.15400125863337522,True,True
2026-10-02,202610W1,2026-10-07,48100.0,C,495.0,settlement,495.0,491.0,505.0,5,0.0136986301369863,MTX,48364.0,202610W1,same expiry MTX 202610W1,0.1541780167881333,False,False
2026-10-02,202610W1,2026-10-07,48100.0,P,225.0,settlement,225.0,227.0,233.0,5,0.0136986301369863,MTX,48364.0,202610W1,same expiry MTX 202610W1,0.1513686715996923,True,True
2026-10-02,202610W1,2026-10-07,48150.0,C,446.0,settlement,446.0,458.0,471.0,5,0.0136986301369863,MTX,48364.0,202610W1,same expiry MTX 202610W1,0.145575460052506,False,False
2026-10-02,202610W1,2026-10-07,48150.0,P,250.0,settlement,250.0,245.0,252.0,5,0.0136986301369863,MTX,48364.0,202610W1,same expiry MTX 202610W1,0.1538121910983487,True,True
2026-10-02,202610W1,2026-10-07,48200.0,C,423.0,settlement,423.0,434.0,443.0,5,0.0136986301369863,MTX,48364.0,202610W1,same expiry MTX 202610W1,0.14845878095904433,False,False
2026-10-02,202610W1,2026-10-07,48200.0,P,270.0,settlement,270.0,267.0,273.0,5,0.0136986301369863,MTX,48364.0,202610W1,same expiry MTX 202610W1,0.15341987962836828,True,True
2026-10-02,202610W1,2026-10-07,48250.0,C,397.0,settlement,397.0,400.0,413.0,5,0.0136986301369863,MTX,48364.0,202610W1,same expiry MTX 202610W1,0.14940468708825372,False,False
2026-10-02,202610W1,2026-10-07,48250.0,P,290.0,settlement,290.0,286.0,294.0,5,0.0136986301369863,MTX,48364.0,202610W1,same expiry MTX 202610W1,0.15252947174241535,True,True
2026-10-02,202610W1,2026-10-07,48300.0,C,380.0,settlement,380.0,373.0,385.0,5,0.0136986301369863,MTX,48364.0,202610W1,same expiry MTX 202610W1,0.1538133289795916,False,False
2026-10-02,202610W1,2026-10-07,48300.0,P,316.0,settlement,316.0,313.0,319.0,5,0.0136986301369863,MTX,48364.0,202610W1,same expiry MTX 202610W1,0.15380943318528204,True,True
2026-10-02,202610W1,2026-10-07,48350.0,C,350.0,settlement,350.0,353.0,360.0,5,0.0136986301369863,MTX,48364.0,202610W1,same expiry MTX 202610W1,0.15191301881272443,False,False
2026-10-02,202610W1,2026-10-07,48350.0,P,333.0,settlement,333.0,335.0,343.0,5,0.0136986301369863,MTX,48364.0,202610W1,same expiry MTX 202610W1,0.1505830992220298,True,True
2026-10-02,202610W1,2026-10-07,48400.0,C,330.0,settlement,330.0,329.0,336.0,5,0.0136986301369863,MTX,48364.0,202610W1,same expiry MTX 202610W1,0.15393555081127255,True,True
2026-10-02,202610W1,2026-10-07,48400.0,P,365.0,settlement,365.0,359.0,367.0,5,0.0136986301369863,MTX,48364.0,202610W1,same expiry MTX 202610W1,0.15349462126809232,False,False
2026-10-02,202610W1,2026-10-07,48450.0,C,305.0,settlement,305.0,305.0,310.0,5,0.0136986301369863,MTX,48364.0,202610W1,same expiry MTX 202610W1,0.15323451278460293,True,True
2026-10-02,202610W1,2026-10-07,48450.0,P,395.0,settlement,395.0,385.0,393.0,5,0.0136986301369863,MTX,48364.0,202610W1,same expiry MTX 202610W1,0.15501838575793436,False,False
2026-10-02,202610W1,2026-10-07,48500.0,C,286.0,settlement,286.0,283.0,289.0,5,0.0136986301369863,MTX,48364.0,202610W1,same expiry MTX 202610W1,0.154701695053826,True,True
2026-10-02,202610W1,2026-10-07,48500.0,P,418.0,settlement,418.0,414.0,423.0,5,0.0136986301369863,MTX,48364.0,202610W1,same expiry MTX 202610W1,0.15291926383488794,False,False
2026-10-02,202610W1,2026-10-07,48550.0,C,254.0,settlement,254.0,261.0,268.0,5,0.0136986301369863,MTX,48364.0,202610W1,same expiry MTX 202610W1,0.14980616748937126,True,True
2026-10-02,202610W1,2026-10-07,48550.0,P,453.0,settlement,453.0,440.0,450.0,5,0.0136986301369863,MTX,48364.0,202610W1,same expiry MTX 202610W1,0.1556983934182126,False,False
2026-10-02,202610W1,2026-10-07,48600.0,C,243.0,settlement,243.0,245.0,250.0,5,0.0136986301369863,MTX,48364.0,202610W1,same expiry MTX 202610W1,0.15390088631037305,True,True
2026-10-02,202610W1,2026-10-07,48600.0,P,481.0,settlement,481.0,471.0,482.0,5,0.0136986301369863,MTX,48364.0,202610W1,same expiry MTX 202610W1,0.15483200675876374,False,False
2026-10-02,202610W1,2026-10-07,48650.0,C,220.0,settlement,220.0,222.0,228.0,5,0.0136986301369863,MTX,48364.0,202610W1,same expiry MTX 202610W1,0.15201466838856922,True,True
2026-10-02,202610W1,2026-10-07,48650.0,P,520.0,settlement,520.0,500.0,515.0,5,0.0136986301369863,MTX,48364.0,202610W1,same expiry MTX 202610W1,0.15854945681808225,False,False
2026-10-02,202610W1,2026-10-07,48700.0,C,206.0,settlement,206.0,205.0,211.0,5,0.0136986301369863,MTX,48364.0,202610W1,same expiry MTX 202610W1,0.15382158796930503,True,True
2026-10-02,202610W1,2026-10-07,48700.0,P,540.0,settlement,540.0,535.0,545.0,5,0.0136986301369863,MTX,48364.0,202610W1,same expiry MTX 202610W1,0.152892559323799,False,False
2026-10-02,202610W1,2026-10-07,48750.0,C,187.0,settlement,187.0,189.0,194.0,5,0.0136986301369863,MTX,48364.0,202610W1,same expiry MTX 202610W1,0.15276230211329303,True,True
2026-10-02,202610W1,2026-10-07,48750.0,P,585.0,settlement,585.0,565.0,580.0,5,0.0136986301369863,MTX,48364.0,202610W1,same expiry MTX 202610W1,0.15861038338096872,False,False
2026-10-02,202610W1,2026-10-07,48800.0,C,175.0,settlement,175.0,175.0,179.0,5,0.0136986301369863,MTX,48364.0,202610W1,same expiry MTX 202610W1,0.15462995732290766,True,True
2026-10-02,202610W1,2026-10-07,48800.0,P,620.0,settlement,620.0,600.0,615.0,5,0.0136986301369863,MTX,48364.0,202610W1,same expiry MTX 202610W1,0.15913147327829283,False,False
2026-10-02,202610W1,2026-10-07,48850.0,C,161.0,settlement,161.0,162.0,164.0,5,0.0136986301369863,MTX,48364.0,202610W1,same expiry MTX 202610W1,0.15506407769179825,True,True
2026-10-02,202610W1,2026-10-07,48850.0,P,645.0,settlement,645.0,635.0,650.0,5,0.0136986301369863,MTX,48364.0,202610W1,same expiry MTX 202610W1,0.15407142828824552,False,False
2026-10-02,202610W1,2026-10-07,48900.0,C,149.0,settlement,149.0,146.0,151.0,5,0.0136986301369863,MTX,48364.0,202610W1,same expiry MTX 202610W1,0.15607429745121176,True,True
2026-10-02,202610W1,2026-10-07,48900.0,P,690.0,settlement,690.0,670.0,685.0,5,0.0136986301369863,MTX,48364.0,202610W1,same expiry MTX 202610W1,0.15874689888274612,False,False
2026-10-02,202610W1,2026-10-07,48950.0,C,135.0,settlement,135.0,134.0,138.0,5,0.0136986301369863,MTX,48364.0,202610W1,same expiry MTX 202610W1,0.15555208060447923,True,True
2026-10-02,202610W1,2026-10-07,48950.0,P,730.0,settlement,730.0,710.0,725.0,5,0.0136986301369863,MTX,48364.0,202610W1,same expiry MTX 202610W1,0.1604939027440025,False,False
2026-10-02,202610W1,2026-10-07,49000.0,C,127.0,settlement,127.0,123.0,127.0,5,0.0136986301369863,MTX,48364.0,202610W1,same expiry MTX 202610W1,0.15788770440246042,True,True
2026-10-02,202610W1,2026-10-07,49000.0,P,770.0,settlement,770.0,750.0,765.0,5,0.0136986301369863,MTX,48364.0,202610W1,same expiry MTX 202610W1,0.16186698546463374,False,False
2026-10-02,202610W1,2026-10-07,49050.0,C,109.0,settlement,109.0,111.0,115.0,5,0.0136986301369863,MTX,48364.0,202610W1,same expiry MTX 202610W1,0.15399270706286108,True,True
2026-10-02,202610W1,2026-10-07,49050.0,P,800.0,settlement,800.0,785.0,805.0,5,0.0136986301369863,MTX,48364.0,202610W1,same expiry MTX 202610W1,0.15701511678612332,False,False
2026-10-02,202610W1,2026-10-07,49100.0,C,103.0,settlement,103.0,102.0,104.0,5,0.0136986301369863,MTX,48364.0,202610W1,same expiry MTX 202610W1,0.156676472062542,True,True
2026-10-02,202610W1,2026-10-07,49100.0,P,840.0,settlement,840.0,825.0,850.0,5,0.0136986301369863,MTX,48364.0,202610W1,same expiry MTX 202610W1,0.15735475383133318,False,False
2026-10-02,202610W1,2026-10-07,49150.0,C,96.0,settlement,96.0,92.0,96.0,5,0.0136986301369863,MTX,48364.0,202610W1,same expiry MTX 202610W1,0.1584388194107657,True,True
2026-10-02,202610W1,2026-10-07,49150.0,P,880.0,settlement,880.0,870.0,885.0,5,0.0136986301369863,MTX,48364.0,202610W1,same expiry MTX 202610W1,0.15722210801957925,False,False
2026-10-02,202610W1,2026-10-07,49200.0,C,86.0,settlement,86.0,86.0,88.0,5,0.0136986301369863,MTX,48364.0,202610W1,same expiry MTX 202610W1,0.15784766073811377,True,True
2026-10-02,202610W1,2026-10-07,49200.0,P,915.0,settlement,915.0,910.0,930.0,5,0.0136986301369863,MTX,48364.0,202610W1,same expiry MTX 202610W1,0.15313664146924294,False,False
2026-10-02,202610W1,2026-10-07,49250.0,C,80.0,settlement,80.0,77.0,80.0,5,0.0136986301369863,MTX,48364.0,202610W1,same expiry MTX 202610W1,0.15952610490804023,True,True
2026-10-02,202610W1,2026-10-07,49250.0,P,965.0,settlement,965.0,950.0,970.0,5,0.0136986301369863,MTX,48364.0,202610W1,same expiry MTX 202610W1,0.15890630242162498,False,False
2026-10-02,202610W1,2026-10-07,49300.0,C,68.0,settlement,68.0,69.0,72.0,5,0.0136986301369863,MTX,48364.0,202610W1,same expiry MTX 202610W1,0.15639270664025873,True,True
2026-10-02,202610W1,2026-10-07,49300.0,P,1000.0,settlement,1000.0,990.0,1020.0,5,0.0136986301369863,MTX,48364.0,202610W1,same expiry MTX 202610W1,0.1534224954765209,False,False
2026-10-02,202610W1,2026-10-07,49350.0,C,64.0,settlement,64.0,63.0,66.0,5,0.0136986301369863,MTX,48364.0,202610W1,same expiry MTX 202610W1,0.15875398215977962,True,True
2026-10-02,202610W1,2026-10-07,49350.0,P,1040.0,settlement,1040.0,1030.0,1060.0,5,0.0136986301369863,MTX,48364.0,202610W1,same expiry MTX 202610W1,0.15070362309845328,False,False
2026-10-02,202610W1,2026-10-07,49400.0,C,59.0,settlement,59.0,57.0,59.0,5,0.0136986301369863,MTX,48364.0,202610W1,same expiry MTX 202610W1,0.16004026442970148,True,True
2026-10-02,202610W1,2026-10-07,49400.0,P,1090.0,settlement,1090.0,1080.0,1100.0,5,0.0136986301369863,MTX,48364.0,202610W1,same expiry MTX 202610W1,0.15593359994940714,False,False
2026-10-02,202610W1,2026-10-07,49450.0,C,52.0,settlement,52.0,50.0,53.0,5,0.0136986301369863,MTX,48364.0,202610W1,same expiry MTX 202610W1,0.1592164262889375,True,True
2026-10-02,202610W1,2026-10-07,49450.0,P,1140.0,settlement,1140.0,1120.0,1150.0,5,0.0136986301369863,MTX,48364.0,202610W1,same expiry MTX 202610W1,0.161114845983779,False,False
2026-10-02,202610W1,2026-10-07,49500.0,C,47.5,settlement,47.5,46.0,48.5,5,0.0136986301369863,MTX,48364.0,202610W1,same expiry MTX 202610W1,0.16015016618760758,True,True
2026-10-02,202610W1,2026-10-07,49500.0,P,1190.0,settlement,1190.0,1170.0,1190.0,5,0.0136986301369863,MTX,48364.0,202610W1,same expiry MTX 202610W1,0.16625002921145995,False,False
2026-10-02,202610W1,2026-10-07,49550.0,C,42.0,settlement,42.0,41.0,43.5,5,0.0136986301369863,MTX,48364.0,202610W1,same expiry MTX 202610W1,0.15970428130124162,True,True
2026-10-02,202610W1,2026-10-07,49550.0,P,1230.0,settlement,1230.0,1210.0,1240.0,5,0.0136986301369863,MTX,48364.0,202610W1,same expiry MTX 202610W1,0.16187137479093194,False,False
2026-10-02,202610W1,2026-10-07,49600.0,C,38.0,settlement,38.0,37.0,38.5,5,0.0136986301369863,MTX,48364.0,202610W1,same expiry MTX 202610W1,0.16032087642362375,True,True
2026-10-02,202610W1,2026-10-07,49600.0,P,1280.0,settlement,1280.0,1260.0,1280.0,5,0.0136986301369863,MTX,48364.0,202610W1,same expiry MTX 202610W1,0.1667561306319452,False,False
2026-10-02,202610W1,2026-10-07,49650.0,C,34.0,settlement,34.0,32.5,35.0,5,0.0136986301369863,MTX,48364.0,202610W1,same expiry MTX 202610W1,0.16053211466407757,True,True
2026-10-02,202610W1,2026-10-07,49650.0,P,1320.0,settlement,1320.0,1300.0,1330.0,5,0.0136986301369863,MTX,48364.0,202610W1,same expiry MTX 202610W1,0.1607360876268771,False,False
2026-10-02,202610W1,2026-10-07,49700.0,C,31.0,settlement,31.0,30.0,31.5,5,0.0136986301369863,MTX,48364.0,202610W1,same expiry MTX 202610W1,0.1615235243652888,True,True
2026-10-02,202610W1,2026-10-07,49700.0,P,1370.0,settlement,1370.0,1350.0,1380.0,5,0.0136986301369863,MTX,48364.0,202610W1,same expiry MTX 202610W1,0.16535939321068574,False,False
2026-10-02,202610W1,2026-10-07,49750.0,C,27.0,settlement,27.0,26.5,28.0,5,0.0136986301369863,MTX,48364.0,202610W1,same expiry MTX 202610W1,0.16083939736482578,True,True
2026-10-02,202610W1,2026-10-07,49750.0,P,1420.0,settlement,1420.0,1400.0,1420.0,5,0.0136986301369863,MTX,48364.0,202610W1,same expiry MTX 202610W1,0.1699511747162691,False,False
2026-10-02,202610W1,2026-10-07,49800.0,C,24.5,settlement,24.5,24.0,25.5,5,0.0136986301369863,MTX,48364.0,202610W1,same expiry MTX 202610W1,0.16172142601969838,True,True
2026-10-02,202610W1,2026-10-07,49800.0,P,1460.0,settlement,1460.0,1440.0,1470.0,5,0.0136986301369863,MTX,48364.0,202610W1,same expiry MTX 202610W1,0.1612827733823631,False,False
2026-10-02,202610W1,2026-10-07,49900.0,C,20.0,settlement,20.0,19.5,20.0,5,0.0136986301369863,MTX,48364.0,202610W1,same expiry MTX 202610W1,0.16323105261816562,True,True
2026-10-02,202610W1,2026-10-07,49900.0,P,1560.0,settlement,1560.0,1540.0,1570.0,5,0.0136986301369863,MTX,48364.0,202610W1,same expiry MTX 202610W1,0.1698756223354012,False,False
2026-10-02,202610W1,2026-10-07,50000.0,C,16.0,settlement,16.0,16.0,17.5,5,0.0136986301369863,MTX,48364.0,202610W1,same expiry MTX 202610W1,0.16417023450810397,True,True
2026-10-02,202610W1,2026-10-07,50000.0,P,1650.0,settlement,1650.0,1640.0,1660.0,5,0.0136986301369863,MTX,48364.0,202610W1,same expiry MTX 202610W1,0.1605905596707217,False,False
2026-10-02,202610W1,2026-10-07,50100.0,C,14.5,settlement,14.5,13.5,14.5,5,0.0136986301369863,MTX,48364.0,202610W1,same expiry MTX 202610W1,0.1689844418190774,True,True
2026-10-02,202610W1,2026-10-07,50100.0,P,1750.0,settlement,1750.0,1730.0,1760.0,5,0.0136986301369863,MTX,48364.0,202610W1,same expiry MTX 202610W1,0.1684221457324966,False,False
2026-10-02,202610W1,2026-10-07,50200.0,C,12.0,settlement,12.0,11.5,12.5,5,0.0136986301369863,MTX,48364.0,202610W1,same expiry MTX 202610W1,0.17091681343070333,True,True
2026-10-02,202610W1,2026-10-07,50200.0,P,1850.0,settlement,1850.0,1830.0,1860.0,5,0.0136986301369863,MTX,48364.0,202610W1,same expiry MTX 202610W1,0.1761807359330425,False,False
2026-10-02,202610W1,2026-10-07,50300.0,C,10.5,settlement,10.5,9.4,10.5,5,0.0136986301369863,MTX,48364.0,202610W1,same expiry MTX 202610W1,0.1744455630391534,True,True
2026-10-02,202610W1,2026-10-07,50300.0,P,1950.0,settlement,1950.0,1930.0,1960.0,5,0.0136986301369863,MTX,48364.0,202610W1,same expiry MTX 202610W1,0.1838706452400778,False,False
2026-10-02,202610W1,2026-10-07,50400.0,C,9.2,settlement,9.2,8.6,9.2,5,0.0136986301369863,MTX,48364.0,202610W1,same expiry MTX 202610W1,0.1779136357628421,True,True
2026-10-02,202610W1,2026-10-07,50400.0,P,2050.0,settlement,2050.0,2030.0,2050.0,5,0.0136986301369863,MTX,48364.0,202610W1,same expiry MTX 202610W1,0.19149568783574972,False,False
2026-10-02,202610W1,2026-10-07,50500.0,C,7.0,settlement,7.0,7.0,8.0,5,0.0136986301369863,MTX,48364.0,202610W1,same expiry MTX 202610W1,0.1774615941022325,True,True
2026-10-02,202610W1,2026-10-07,50500.0,P,2150.0,settlement,2150.0,1880.0,2150.0,5,0.0136986301369863,MTX,48364.0,202610W1,same expiry MTX 202610W1,0.19905925776167402,False,False
2026-10-02,202610W1,2026-10-07,50600.0,C,6.3,settlement,6.3,6.4,7.3,5,0.0136986301369863,MTX,48364.0,202610W1,same expiry MTX 202610W1,0.18151685121327085,True,True
2026-10-02,202610W1,2026-10-07,50600.0,P,2250.0,settlement,2250.0,2180.0,2250.0,5,0.0136986301369863,MTX,48364.0,202610W1,same expiry MTX 202610W1,0.20656439339017524,False,False
2026-10-02,202610W1,2026-10-07,50700.0,C,6.3,settlement,6.3,5.8,6.4,5,0.0136986301369863,MTX,48364.0,202610W1,same expiry MTX 202610W1,0.1882584049366348,True,True
2026-10-02,202610W1,2026-10-07,50700.0,P,2340.0,settlement,2340.0,2320.0,2350.0,5,0.0136986301369863,MTX,48364.0,202610W1,same expiry MTX 202610W1,0.1787093608804514,False,False
2026-10-02,202610W1,2026-10-07,50800.0,C,5.5,settlement,5.5,5.2,5.8,5,0.0136986301369863,MTX,48364.0,202610W1,same expiry MTX 202610W1,0.191280851898029,True,True
2026-10-02,202610W1,2026-10-07,50800.0,P,2440.0,settlement,2440.0,2420.0,2450.0,5,0.0136986301369863,MTX,48364.0,202610W1,same expiry MTX 202610W1,0.18522148868784025,False,False
2026-10-02,202610W1,2026-10-07,50900.0,C,5.0,settlement,5.0,4.4,5.1,5,0.0136986301369863,MTX,48364.0,202610W1,same expiry MTX 202610W1,0.19529195249396503,True,True
2026-10-02,202610W1,2026-10-07,50900.0,P,2540.0,settlement,2540.0,2520.0,2550.0,5,0.0136986301369863,MTX,48364.0,202610W1,same expiry MTX 202610W1,0.1916970560692215,False,False
2026-10-02,202610W1,2026-10-07,51000.0,C,4.4,settlement,4.4,4.0,4.6,5,0.0136986301369863,MTX,48364.0,202610W1,same expiry MTX 202610W1,0.19836706553015254,True,True
2026-10-02,202610W1,2026-10-07,51000.0,P,2640.0,settlement,2640.0,2620.0,2650.0,5,0.0136986301369863,MTX,48364.0,202610W1,same expiry MTX 202610W1,0.1981374729444115,False,False
2026-10-02,202610W1,2026-10-07,51100.0,C,3.8,settlement,3.8,3.5,4.2,5,0.0136986301369863,MTX,48364.0,202610W1,same expiry MTX 202610W1,0.20089789801832747,True,True
2026-10-02,202610W1,2026-10-07,51100.0,P,2740.0,settlement,2740.0,2720.0,2750.0,5,0.0136986301369863,MTX,48364.0,202610W1,same expiry MTX 202610W1,0.2045440312736266,False,False
2026-10-02,202610W1,2026-10-07,51200.0,C,3.5,settlement,3.5,3.4,3.8,5,0.0136986301369863,MTX,48364.0,202610W1,same expiry MTX 202610W1,0.2049936075861427,True,True
2026-10-02,202610W1,2026-10-07,51200.0,P,2840.0,settlement,2840.0,2820.0,2850.0,5,0.0136986301369863,MTX,48364.0,202610W1,same expiry MTX 202610W1,0.21091791909358668,False,False
2026-10-02,202610W1,2026-10-07,51300.0,C,3.2,settlement,3.2,3.2,3.5,5,0.0136986301369863,MTX,48364.0,202610W1,same expiry MTX 202610W1,0.20882355248573872,True,True
2026-10-02,202610W1,2026-10-07,51300.0,P,2940.0,settlement,2940.0,2920.0,2950.0,5,0.0136986301369863,MTX,48364.0,202610W1,same expiry MTX 202610W1,0.21726023243771936,False,False
2026-10-02,202610W1,2026-10-07,51400.0,C,3.0,settlement,3.0,2.9,3.1,5,0.0136986301369863,MTX,48364.0,202610W1,same expiry MTX 202610W1,0.21320970346605847,True,True
2026-10-02,202610W1,2026-10-07,51400.0,P,3040.0,settlement,3040.0,3020.0,3050.0,5,0.0136986301369863,MTX,48364.0,202610W1,same expiry MTX 202610W1,0.22357198552950236,False,False
2026-10-02,202610W1,2026-10-07,51500.0,C,2.7,settlement,2.7,2.6,2.8,5,0.0136986301369863,MTX,48364.0,202610W1,same expiry MTX 202610W1,0.21649412438659318,True,True
2026-10-02,202610W1,2026-10-07,51500.0,P,3140.0,settlement,3140.0,3120.0,3150.0,5,0.0136986301369863,MTX,48364.0,202610W1,same expiry MTX 202610W1,0.22985411954315615,False,False
2026-10-02,202610W1,2026-10-07,51600.0,C,2.6,settlement,2.6,2.5,2.8,5,0.0136986301369863,MTX,48364.0,202610W1,same expiry MTX 202610W1,0.2214108027653086,True,True
2026-10-02,202610W1,2026-10-07,51600.0,P,3240.0,settlement,3240.0,3220.0,3250.0,5,0.0136986301369863,MTX,48364.0,202610W1,same expiry MTX 202610W1,0.23610751017422363,False,False
2026-10-02,202610W1,2026-10-07,51700.0,C,2.3,settlement,2.3,2.2,2.4,5,0.0136986301369863,MTX,48364.0,202610W1,same expiry MTX 202610W1,0.22412347757511109,True,True
2026-10-02,202610W1,2026-10-07,51700.0,P,3340.0,settlement,3340.0,3320.0,3350.0,5,0.0136986301369863,MTX,48364.0,202610W1,same expiry MTX 202610W1,0.24233297421231717,False,False
2026-10-02,202610W1,2026-10-07,51800.0,C,2.1,settlement,2.1,2.0,2.3,5,0.0136986301369863,MTX,48364.0,202610W1,same expiry MTX 202610W1,0.22757037216925047,True,True
2026-10-02,202610W1,2026-10-07,51800.0,P,3440.0,settlement,3440.0,3420.0,3450.0,5,0.0136986301369863,MTX,48364.0,202610W1,same expiry MTX 202610W1,0.2485312752757287,False,False
2026-10-02,202610W1,2026-10-07,51900.0,C,1.8,settlement,1.8,1.9,2.2,5,0.0136986301369863,MTX,48364.0,202610W1,same expiry MTX 202610W1,0.22940659610406994,True,True
2026-10-02,202610W1,2026-10-07,51900.0,P,3540.0,settlement,3540.0,3520.0,3550.0,5,0.0136986301369863,MTX,48364.0,202610W1,same expiry MTX 202610W1,0.254703128833993,False,False
2026-10-02,202610W1,2026-10-07,52000.0,C,1.8,settlement,1.8,1.7,2.0,5,0.0136986301369863,MTX,48364.0,202610W1,same expiry MTX 202610W1,0.23497083572380578,True,True
2026-10-02,202610W1,2026-10-07,52000.0,P,3640.0,settlement,3640.0,3620.0,3650.0,5,0.0136986301369863,MTX,48364.0,202610W1,same expiry MTX 202610W1,0.26084920662591093,False,False
2026-10-02,202610W1,2026-10-07,52100.0,C,1.7,settlement,1.7,1.6,1.9,5,0.0136986301369863,MTX,48364.0,202610W1,same expiry MTX 202610W1,0.23907681497618766,True,True
2026-10-02,202610W1,2026-10-07,52100.0,P,3740.0,settlement,3740.0,3720.0,3750.0,5,0.0136986301369863,MTX,48364.0,202610W1,same expiry MTX 202610W1,0.26697014056047697,False,False
2026-10-02,202610W1,2026-10-07,52200.0,C,1.6,settlement,1.6,1.5,1.8,5,0.0136986301369863,MTX,48364.0,202610W1,same expiry MTX 202610W1,0.24304066734644683,True,True
2026-10-02,202610W1,2026-10-07,52200.0,P,3840.0,settlement,3840.0,3820.0,3850.0,5,0.0136986301369863,MTX,48364.0,202610W1,same expiry MTX 202610W1,0.2730665261703907,False,False
2026-10-02,202610W1,2026-10-07,52300.0,C,1.4,settlement,1.4,1.3,1.6,5,0.0136986301369863,MTX,48364.0,202610W1,same expiry MTX 202610W1,0.24514270007046962,True,True
2026-10-02,202610W1,2026-10-07,52300.0,P,3940.0,settlement,3940.0,3920.0,3950.0,5,0.0136986301369863,MTX,48364.0,202610W1,same expiry MTX 202610W1,0.27913892568933246,False,False
2026-10-02,202610W1,2026-10-07,52400.0,C,1.4,settlement,1.4,1.3,1.5,5,0.0136986301369863,MTX,48364.0,202610W1,same expiry MTX 202610W1,0.2504990005547586,True,True
2026-10-02,202610W1,2026-10-07,52400.0,P,4040.0,settlement,4040.0,,4050.0,5,0.0136986301369863,MTX,48364.0,202610W1,same expiry MTX 202610W1,0.28518787078683727,False,False
2026-10-02,202610W1,2026-10-07,52500.0,C,1.2,settlement,1.2,1.1,1.3,5,0.0136986301369863,MTX,48364.0,202610W1,same expiry MTX 202610W1,0.25198791920449654,True,True
2026-10-02,202610W1,2026-10-07,52500.0,P,4140.0,settlement,4140.0,,4150.0,5,0.0136986301369863,MTX,48364.0,202610W1,same expiry MTX 202610W1,0.291213865022694,False,False
2026-10-02,202610W1,2026-10-07,52600.0,C,1.2,settlement,1.2,1.1,1.3,5,0.0136986301369863,MTX,48364.0,202610W1,same expiry MTX 202610W1,0.257235674409011,True,True
2026-10-02,202610W1,2026-10-07,52600.0,P,4240.0,settlement,4240.0,4220.0,4250.0,5,0.0136986301369863,MTX,48364.0,202610W1,same expiry MTX 202610W1,0.29721738604477377,False,False
2026-10-02,202610W1,2026-10-07,52700.0,C,1.1,settlement,1.1,1.0,1.2,5,0.0136986301369863,MTX,48364.0,202610W1,same expiry MTX 202610W1,0.2602844466005117,True,True
2026-10-02,202610W1,2026-10-07,52700.0,P,4340.0,settlement,4340.0,,4350.0,5,0.0136986301369863,MTX,48364.0,202610W1,same expiry MTX 202610W1,0.3031988875664373,False,False
2026-10-02,202610W1,2026-10-07,52800.0,C,1.0,settlement,1.0,0.9,1.1,5,0.0136986301369863,MTX,48364.0,202610W1,same expiry MTX 202610W1,0.26308378581778635,True,True
2026-10-02,202610W1,2026-10-07,52800.0,P,4440.0,settlement,4440.0,,4450.0,5,0.0136986301369863,MTX,48364.0,202610W1,same expiry MTX 202610W1,0.3091588011517555,False,False
2026-10-02,202610W1,2026-10-07,52900.0,C,0.9,settlement,0.9,0.8,1.0,5,0.0136986301369863,MTX,48364.0,202610W1,same expiry MTX 202610W1,0.265596494047539,True,True
2026-10-02,202610W1,2026-10-07,52900.0,P,4540.0,settlement,4540.0,4510.0,4550.0,5,0.0136986301369863,MTX,48364.0,202610W1,same expiry MTX 202610W1,0.31509753782784383,False,False
2026-10-02,202610W1,2026-10-07,53000.0,C,0.8,settlement,0.8,0.7,0.9,5,0.0136986301369863,MTX,48364.0,202610W1,same expiry MTX 202610W1,0.26777329890027485,True,True
2026-10-02,202610W1,2026-10-07,53000.0,P,4640.0,settlement,4640.0,4610.0,4650.0,5,0.0136986301369863,MTX,48364.0,202610W1,same expiry MTX 202610W1,0.32101548954665793,False,False
2026-10-02,202610W1,2026-10-07,53100.0,C,0.7,settlement,0.7,0.7,0.9,5,0.0136986301369863,MTX,48364.0,202610W1,same expiry MTX 202610W1,0.2695468408072635,True,True
2026-10-02,202610W1,2026-10-07,53100.0,P,4740.0,settlement,4740.0,4710.0,4750.0,5,0.0136986301369863,MTX,48364.0,202610W1,same expiry MTX 202610W1,0.3269130305126369,False,False
2026-10-02,202610W1,2026-10-07,53200.0,C,0.7,settlement,0.7,0.6,0.8,5,0.0136986301369863,MTX,48364.0,202610W1,same expiry MTX 202610W1,0.2744712528029281,True,True
2026-10-02,202610W1,2026-10-07,53200.0,P,4840.0,settlement,4840.0,4810.0,4850.0,5,0.0136986301369863,MTX,48364.0,202610W1,same expiry MTX 202610W1,0.3327905183910498,False,False
2026-10-02,202610W2,2026-10-14,42800.0,C,5690.0,settlement,5690.0,5670.0,,12,0.03287671232876712,MTX,48489.0,202610W2,same expiry MTX 202610W2,0.26167131909331276,False,False
2026-10-02,202610W2,2026-10-14,42800.0,P,8.7,settlement,8.7,8.2,8.8,12,0.03287671232876712,MTX,48489.0,202610W2,same expiry MTX 202610W2,0.2977566550845892,True,True
2026-10-02,202610W2,2026-10-14,42900.0,C,5590.0,settlement,5590.0,5570.0,,12,0.03287671232876712,MTX,48489.0,202610W2,same expiry MTX 202610W2,0.25694632931448835,False,False
2026-10-02,202610W2,2026-10-14,42900.0,P,9.0,settlement,9.0,8.4,9.0,12,0.03287671232876712,MTX,48489.0,202610W2,same expiry MTX 202610W2,0.2941393782332753,True,True
2026-10-02,202610W2,2026-10-14,43000.0,C,5490.0,settlement,5490.0,5470.0,,12,0.03287671232876712,MTX,48489.0,202610W2,same expiry MTX 202610W2,0.2522316032647461,False,False
2026-10-02,202610W2,2026-10-14,43000.0,P,9.1,settlement,9.1,8.8,9.4,12,0.03287671232876712,MTX,48489.0,202610W2,same expiry MTX 202610W2,0.2896391549498727,True,True
2026-10-02,202610W2,2026-10-14,43100.0,C,5390.0,settlement,5390.0,5370.0,,12,0.03287671232876712,MTX,48489.0,202610W2,same expiry MTX 202610W2,0.24752705673683334,False,False
2026-10-02,202610W2,2026-10-14,43100.0,P,9.5,settlement,9.5,9.1,9.8,12,0.03287671232876712,MTX,48489.0,202610W2,same expiry MTX 202610W2,0.286332346528321,True,True
2026-10-02,202610W2,2026-10-14,43200.0,C,5290.0,settlement,5290.0,5270.0,,12,0.03287671232876712,MTX,48489.0,202610W2,same expiry MTX 202610W2,0.2428326039662206,False,False
2026-10-02,202610W2,2026-10-14,43200.0,P,10.0,settlement,10.0,9.7,10.5,12,0.03287671232876712,MTX,48489.0,202610W2,same expiry MTX 202610W2,0.2833188538357053,True,True
2026-10-02,202610W2,2026-10-14,43300.0,C,5200.0,settlement,5200.0,5170.0,,12,0.03287671232876712,MTX,48489.0,202610W2,same expiry MTX 202610W2,0.28765456268554007,False,False
2026-10-02,202610W2,2026-10-14,43300.0,P,10.5,settlement,10.5,10.0,11.0,12,0.03287671232876712,MTX,48489.0,202610W2,same expiry MTX 202610W2,0.28019119627075195,True,True
2026-10-02,202610W2,2026-10-14,43400.0,C,5100.0,settlement,5100.0,5070.0,,12,0.03287671232876712,MTX,48489.0,202610W2,same expiry MTX 202610W2,0.2824602231692623,False,False
2026-10-02,202610W2,2026-10-14,43400.0,P,10.5,settlement,10.5,10.0,11.0,12,0.03287671232876712,MTX,48489.0,202610W2,same expiry MTX 202610W2,0.27520455432892554,True,True
2026-10-02,202610W2,2026-10-14,43500.0,C,5000.0,settlement,5000.0,4980.0,,12,0.03287671232876712,MTX,48489.0,202610W2,same expiry MTX 202610W2,0.2772702876767735,False,False
2026-10-02,202610W2,2026-10-14,43500.0,P,11.0,settlement,11.0,10.5,11.5,12,0.03287671232876712,MTX,48489.0,202610W2,same expiry MTX 202610W2,0.271947163047374,True,True
2026-10-02,202610W2,2026-10-14,43600.0,C,4900.0,settlement,4900.0,4880.0,,12,0.03287671232876712,MTX,48489.0,202610W2,same expiry MTX 202610W2,0.2720844973586055,False,False
2026-10-02,202610W2,2026-10-14,43600.0,P,11.5,settlement,11.5,11.0,12.0,12,0.03287671232876712,MTX,48489.0,202610W2,same expiry MTX 202610W2,0.268590339892866,True,True
2026-10-02,202610W2,2026-10-14,43700.0,C,4800.0,settlement,4800.0,4780.0,,12,0.03287671232876712,MTX,48489.0,202610W2,same expiry MTX 202610W2,0.2669025835663702,False,False
2026-10-02,202610W2,2026-10-14,43700.0,P,12.0,settlement,12.0,11.5,12.5,12,0.03287671232876712,MTX,48489.0,202610W2,same expiry MTX 202610W2,0.26513986027532405,True,True
2026-10-02,202610W2,2026-10-14,43800.0,C,4700.0,settlement,4700.0,4680.0,4720.0,12,0.03287671232876712,MTX,48489.0,202610W2,same expiry MTX 202610W2,0.2617242671363788,False,False
2026-10-02,202610W2,2026-10-14,43800.0,P,12.5,settlement,12.5,12.0,13.0,12,0.03287671232876712,MTX,48489.0,202610W2,same expiry MTX 202610W2,0.2616008158646892,True,True
2026-10-02,202610W2,2026-10-14,43900.0,C,4600.0,settlement,4600.0,4530.0,4620.0,12,0.03287671232876712,MTX,48489.0,202610W2,same expiry MTX 202610W2,0.25654925760067104,False,False
2026-10-02,202610W2,2026-10-14,43900.0,P,13.0,settlement,13.0,12.5,13.5,12,0.03287671232876712,MTX,48489.0,202610W2,same expiry MTX 202610W2,0.257977709889105,True,True
2026-10-02,202610W2,2026-10-14,44000.0,C,4500.0,settlement,4500.0,4480.0,4520.0,12,0.03287671232876712,MTX,48489.0,202610W2,same expiry MTX 202610W2,0.2513772523325226,False,False
2026-10-02,202610W2,2026-10-14,44000.0,P,14.0,settlement,14.0,13.0,14.0,12,0.03287671232876712,MTX,48489.0,202610W2,same expiry MTX 202610W2,0.2556368530050872,True,True
2026-10-02,202610W2,2026-10-14,44100.0,C,4400.0,settlement,4400.0,4380.0,4420.0,12,0.03287671232876712,MTX,48489.0,202610W2,same expiry MTX 202610W2,0.24620793560244306,False,False
2026-10-02,202610W2,2026-10-14,44100.0,P,14.5,settlement,14.5,13.5,14.5,12,0.03287671232876712,MTX,48489.0,202610W2,same expiry MTX 202610W2,0.2518052792140456,True,True
2026-10-02,202610W2,2026-10-14,44200.0,C,4300.0,settlement,4300.0,4280.0,4320.0,12,0.03287671232876712,MTX,48489.0,202610W2,same expiry MTX 202610W2,0.24104097754352063,False,False
2026-10-02,202610W2,2026-10-14,44200.0,P,15.0,settlement,15.0,14.5,15.5,12,0.03287671232876712,MTX,48489.0,202610W2,same expiry MTX 202610W2,0.24790314427224663,True,True
2026-10-02,202610W2,2026-10-14,44300.0,C,4200.0,settlement,4200.0,4180.0,4220.0,12,0.03287671232876712,MTX,48489.0,202610W2,same expiry MTX 202610W2,0.23587603301179705,False,False
2026-10-02,202610W2,2026-10-14,44300.0,P,15.5,settlement,15.5,15.0,16.0,12,0.03287671232876712,MTX,48489.0,202610W2,same expiry MTX 202610W2,0.24393299568550664,True,True
2026-10-02,202610W2,2026-10-14,44400.0,C,4100.0,settlement,4100.0,4080.0,4120.0,12,0.03287671232876712,MTX,48489.0,202610W2,same expiry MTX 202610W2,0.23071274032829098,False,False
2026-10-02,202610W2,2026-10-14,44400.0,P,16.0,settlement,16.0,15.5,16.5,12,0.03287671232876712,MTX,48489.0,202610W2,same expiry MTX 202610W2,0.2398970993483682,True,True
2026-10-02,202610W2,2026-10-14,44500.0,C,4000.0,settlement,4000.0,3990.0,4020.0,12,0.03287671232876712,MTX,48489.0,202610W2,same expiry MTX 202610W2,0.22555071988734882,False,False
2026-10-02,202610W2,2026-10-14,44500.0,P,17.0,settlement,17.0,16.5,17.5,12,0.03287671232876712,MTX,48489.0,202610W2,same expiry MTX 202610W2,0.23690469529262423,True,True
2026-10-02,202610W2,2026-10-14,44600.0,C,3900.0,settlement,3900.0,3890.0,3920.0,12,0.03287671232876712,MTX,48489.0,202610W2,same expiry MTX 202610W2,0.22038957261368983,False,False
2026-10-02,202610W2,2026-10-14,44600.0,P,17.5,settlement,17.5,17.0,18.0,12,0.03287671232876712,MTX,48489.0,202610W2,same expiry MTX 202610W2,0.23270445137396456,True,True
2026-10-02,202610W2,2026-10-14,44700.0,C,3800.0,settlement,3800.0,3790.0,3820.0,12,0.03287671232876712,MTX,48489.0,202610W2,same expiry MTX 202610W2,0.21522887824640086,False,False
2026-10-02,202610W2,2026-10-14,44700.0,P,18.5,settlement,18.5,18.0,19.0,12,0.03287671232876712,MTX,48489.0,202610W2,same expiry MTX 202610W2,0.2294594034463584,True,True
2026-10-02,202610W2,2026-10-14,44800.0,C,3700.0,settlement,3700.0,3690.0,3720.0,12,0.03287671232876712,MTX,48489.0,202610W2,same expiry MTX 202610W2,0.21006819342659264,False,False
2026-10-02,202610W2,2026-10-14,44800.0,P,19.5,settlement,19.5,19.0,20.0,12,0.03287671232876712,MTX,48489.0,202610W2,same expiry MTX 202610W2,0.22607251276392187,True,True
2026-10-02,202610W2,2026-10-14,44900.0,C,3610.0,settlement,3610.0,3590.0,3620.0,12,0.03287671232876712,MTX,48489.0,202610W2,same expiry MTX 202610W2,0.2255397127769555,False,False
2026-10-02,202610W2,2026-10-14,44900.0,P,21.0,settlement,21.0,20.0,21.0,12,0.03287671232876712,MTX,48489.0,202610W2,same expiry MTX 202610W2,0.22345671650706844,True,True
2026-10-02,202610W2,2026-10-14,45000.0,C,3510.0,settlement,3510.0,3490.0,,12,0.03287671232876712,MTX,48489.0,202610W2,same expiry MTX 202610W2,0.2200209198361454,False,False
2026-10-02,202610W2,2026-10-14,45000.0,P,21.5,settlement,21.5,21.0,22.0,12,0.03287671232876712,MTX,48489.0,202610W2,same expiry MTX 202610W2,0.21890673374195513,True,True
2026-10-02,202610W2,2026-10-14,45100.0,C,3410.0,settlement,3410.0,3390.0,,12,0.03287671232876712,MTX,48489.0,202610W2,same expiry MTX 202610W2,0.21449766304220066,False,False
2026-10-02,202610W2,2026-10-14,45100.0,P,22.5,settlement,22.5,22.0,23.0,12,0.03287671232876712,MTX,48489.0,202610W2,same expiry MTX 202610W2,0.215141689544046,True,True
2026-10-02,202610W2,2026-10-14,45200.0,C,3310.0,settlement,3310.0,3290.0,,12,0.03287671232876712,MTX,48489.0,202610W2,same expiry MTX 202610W2,0.20896926032281046,False,False
2026-10-02,202610W2,2026-10-14,45200.0,P,24.0,settlement,24.0,23.5,24.5,12,0.03287671232876712,MTX,48489.0,202610W2,same expiry MTX 202610W2,0.21205140472266829,True,True
2026-10-02,202610W2,2026-10-14,45300.0,C,3210.0,settlement,3210.0,3200.0,3230.0,12,0.03287671232876712,MTX,48489.0,202610W2,same expiry MTX 202610W2,0.2034349842812101,False,False
2026-10-02,202610W2,2026-10-14,45300.0,P,27.5,settlement,27.5,25.0,26.0,12,0.03287671232876712,MTX,48489.0,202610W2,same expiry MTX 202610W2,0.21167773777117405,True,True
2026-10-02,202610W2,2026-10-14,45400.0,C,3110.0,settlement,3110.0,3100.0,3130.0,12,0.03287671232876712,MTX,48489.0,202610W2,same expiry MTX 202610W2,0.19789405738024976,False,False
2026-10-02,202610W2,2026-10-14,45400.0,P,28.0,settlement,28.0,26.5,28.0,12,0.03287671232876712,MTX,48489.0,202610W2,same expiry MTX 202610W2,0.20671996717178526,True,True
2026-10-02,202610W2,2026-10-14,45500.0,C,3010.0,settlement,3010.0,3000.0,3030.0,12,0.03287671232876712,MTX,48489.0,202610W2,same expiry MTX 202610W2,0.19234564644530566,False,False
2026-10-02,202610W2,2026-10-14,45500.0,P,29.0,settlement,29.0,28.5,29.5,12,0.03287671232876712,MTX,48489.0,202610W2,same expiry MTX 202610W2,0.2023823989540441,True,True
2026-10-02,202610W2,2026-10-14,45600.0,C,2920.0,settlement,2920.0,2720.0,3060.0,12,0.03287671232876712,MTX,48489.0,202610W2,same expiry MTX 202610W2,0.20039018902838682,False,False
2026-10-02,202610W2,2026-10-14,45600.0,P,31.5,settlement,31.5,31.0,32.0,12,0.03287671232876712,MTX,48489.0,202610W2,same expiry MTX 202610W2,0.19983578385659698,True,True
2026-10-02,202610W2,2026-10-14,45700.0,C,2820.0,settlement,2820.0,2810.0,2840.0,12,0.03287671232876712,MTX,48489.0,202610W2,same expiry MTX 202610W2,0.19454725859062696,False,False
2026-10-02,202610W2,2026-10-14,45700.0,P,34.0,settlement,34.0,33.0,34.5,12,0.03287671232876712,MTX,48489.0,202610W2,same expiry MTX 202610W2,0.1970105766266428,True,True
2026-10-02,202610W2,2026-10-14,45800.0,C,2720.0,settlement,2720.0,2710.0,2740.0,12,0.03287671232876712,MTX,48489.0,202610W2,same expiry MTX 202610W2,0.18869126093291874,False,False
2026-10-02,202610W2,2026-10-14,45800.0,P,37.0,settlement,37.0,36.0,37.5,12,0.03287671232876712,MTX,48489.0,202610W2,same expiry MTX 202610W2,0.1944760861915532,True,True
2026-10-02,202610W2,2026-10-14,45900.0,C,2630.0,settlement,2630.0,2610.0,2640.0,12,0.03287671232876712,MTX,48489.0,202610W2,same expiry MTX 202610W2,0.19350819196476585,False,False
2026-10-02,202610W2,2026-10-14,45900.0,P,40.0,settlement,40.0,39.0,40.5,12,0.03287671232876712,MTX,48489.0,202610W2,same expiry MTX 202610W2,0.19164271707990424,True,True
2026-10-02,202610W2,2026-10-14,46000.0,C,2530.0,settlement,2530.0,2520.0,2550.0,12,0.03287671232876712,MTX,48489.0,202610W2,same expiry MTX 202610W2,0.18739213224641066,False,False
2026-10-02,202610W2,2026-10-14,46000.0,P,45.0,settlement,45.0,43.0,44.5,12,0.03287671232876712,MTX,48489.0,202610W2,same expiry MTX 202610W2,0.19043475261152387,True,True
2026-10-02,202610W2,2026-10-14,46100.0,C,2430.0,settlement,2430.0,2420.0,2450.0,12,0.03287671232876712,MTX,48489.0,202610W2,same expiry MTX 202610W2,0.18125636616977034,False,False
2026-10-02,202610W2,2026-10-14,46100.0,P,53.0,settlement,53.0,46.5,49.0,12,0.03287671232876712,MTX,48489.0,202610W2,same expiry MTX 202610W2,0.19130119514676616,True,True
2026-10-02,202610W2,2026-10-14,46200.0,C,2340.0,settlement,2340.0,2330.0,2350.0,12,0.03287671232876712,MTX,48489.0,202610W2,same expiry MTX 202610W2,0.18391175184581682,False,False
2026-10-02,202610W2,2026-10-14,46200.0,P,54.0,settlement,54.0,52.0,54.0,12,0.03287671232876712,MTX,48489.0,202610W2,same expiry MTX 202610W2,0.18577159463310172,True,True
2026-10-02,202610W2,2026-10-14,46250.0,C,2290.0,settlement,2290.0,2280.0,2310.0,12,0.03287671232876712,MTX,48489.0,202610W2,same expiry MTX 202610W2,0.18072369665101773,False,False
2026-10-02,202610W2,2026-10-14,46250.0,P,56.0,settlement,56.0,54.0,57.0,12,0.03287671232876712,MTX,48489.0,202610W2,same expiry MTX 202610W2,0.18418106739611206,True,True
2026-10-02,202610W2,2026-10-14,46300.0,C,2240.0,settlement,2240.0,2230.0,2260.0,12,0.03287671232876712,MTX,48489.0,202610W2,same expiry MTX 202610W2,0.1775288997131216,False,False
2026-10-02,202610W2,2026-10-14,46300.0,P,58.0,settlement,58.0,57.0,59.0,12,0.03287671232876712,MTX,48489.0,202610W2,same expiry MTX 202610W2,0.18251955194104472,True,True
2026-10-02,202610W2,2026-10-14,46350.0,C,2200.0,settlement,2200.0,,2210.0,12,0.03287671232876712,MTX,48489.0,202610W2,same expiry MTX 202610W2,0.18206188530147044,False,False
2026-10-02,202610W2,2026-10-14,46350.0,P,64.0,settlement,64.0,60.0,62.0,12,0.03287671232876712,MTX,48489.0,202610W2,same expiry MTX 202610W2,0.18375228734447732,True,True
2026-10-02,202610W2,2026-10-14,46400.0,C,2150.0,settlement,2150.0,2140.0,2170.0,12,0.03287671232876712,MTX,48489.0,202610W2,same expiry MTX 202610W2,0.17876270635630662,False,False
2026-10-02,202610W2,2026-10-14,46400.0,P,65.0,settlement,65.0,63.0,66.0,12,0.03287671232876712,MTX,48489.0,202610W2,same expiry MTX 202610W2,0.18116447865081317,True,True
2026-10-02,202610W2,2026-10-14,46450.0,C,2100.0,settlement,2100.0,2090.0,2120.0,12,0.03287671232876712,MTX,48489.0,202610W2,same expiry MTX 202610W2,0.1754552566280461,False,False
2026-10-02,202610W2,2026-10-14,46450.0,P,68.0,settlement,68.0,66.0,69.0,12,0.03287671232876712,MTX,48489.0,202610W2,same expiry MTX 202610W2,0.17994255394486972,True,True
2026-10-02,202610W2,2026-10-14,46500.0,C,2060.0,settlement,2060.0,,,12,0.03287671232876712,MTX,48489.0,202610W2,same expiry MTX 202610W2,0.179059604784418,False,False
2026-10-02,202610W2,2026-10-14,46500.0,P,69.0,settlement,69.0,70.0,73.0,12,0.03287671232876712,MTX,48489.0,202610W2,same expiry MTX 202610W2,0.1772681422412706,True,True
2026-10-02,202610W2,2026-10-14,46550.0,C,2010.0,settlement,2010.0,2000.0,2030.0,12,0.03287671232876712,MTX,48489.0,202610W2,same expiry MTX 202610W2,0.1756522652904496,False,False
2026-10-02,202610W2,2026-10-14,46550.0,P,76.0,settlement,76.0,74.0,77.0,12,0.03287671232876712,MTX,48489.0,202610W2,same expiry MTX 202610W2,0.17850088709598552,True,True
2026-10-02,202610W2,2026-10-14,46600.0,C,1970.0,settlement,1970.0,1950.0,1980.0,12,0.03287671232876712,MTX,48489.0,202610W2,same expiry MTX 202610W2,0.17858572851624432,False,False
2026-10-02,202610W2,2026-10-14,46600.0,P,80.0,settlement,80.0,78.0,81.0,12,0.03287671232876712,MTX,48489.0,202610W2,same expiry MTX 202610W2,0.1775800724116563,True,True
2026-10-02,202610W2,2026-10-14,46650.0,C,1920.0,settlement,1920.0,1910.0,1940.0,12,0.03287671232876712,MTX,48489.0,202610W2,same expiry MTX 202610W2,0.1750820631552697,False,False
2026-10-02,202610W2,2026-10-14,46650.0,P,85.0,settlement,85.0,83.0,86.0,12,0.03287671232876712,MTX,48489.0,202610W2,same expiry MTX 202610W2,0.17713730038495426,True,True
2026-10-02,202610W2,2026-10-14,46700.0,C,1880.0,settlement,1880.0,1860.0,1890.0,12,0.03287671232876712,MTX,48489.0,202610W2,same expiry MTX 202610W2,0.1774540882347583,False,False
2026-10-02,202610W2,2026-10-14,46700.0,P,87.0,settlement,87.0,88.0,91.0,12,0.03287671232876712,MTX,48489.0,202610W2,same expiry MTX 202610W2,0.17478769186121437,True,True
2026-10-02,202610W2,2026-10-14,46750.0,C,1830.0,settlement,1830.0,1820.0,1850.0,12,0.03287671232876712,MTX,48489.0,202610W2,same expiry MTX 202610W2,0.1738560627725611,False,False
2026-10-02,202610W2,2026-10-14,46750.0,P,95.0,settlement,95.0,91.0,96.0,12,0.03287671232876712,MTX,48489.0,202610W2,same expiry MTX 202610W2,0.17579020982820667,True,True
2026-10-02,202610W2,2026-10-14,46800.0,C,1790.0,settlement,1790.0,1770.0,1800.0,12,0.03287671232876712,MTX,48489.0,202610W2,same expiry MTX 202610W2,0.17574467512373135,False,False
2026-10-02,202610W2,2026-10-14,46800.0,P,101.0,settlement,101.0,98.0,103.0,12,0.03287671232876712,MTX,48489.0,202610W2,same expiry MTX 202610W2,0.17544503302602257,True,True
2026-10-02,202610W2,2026-10-14,46850.0,C,1740.0,settlement,1740.0,1730.0,1760.0,12,0.03287671232876712,MTX,48489.0,202610W2,same expiry MTX 202610W2,0.17205296917421078,False,False
2026-10-02,202610W2,2026-10-14,46850.0,P,107.0,settlement,107.0,102.0,107.0,12,0.03287671232876712,MTX,48489.0,202610W2,same expiry MTX 202610W2,0.17493317771988273,True,True
2026-10-02,202610W2,2026-10-14,46900.0,C,1700.0,settlement,1700.0,1690.0,1710.0,12,0.03287671232876712,MTX,48489.0,202610W2,same expiry MTX 202610W2,0.1735155498306886,False,False
2026-10-02,202610W2,2026-10-14,46900.0,P,118.0,settlement,118.0,110.0,115.0,12,0.03287671232876712,MTX,48489.0,202610W2,same expiry MTX 202610W2,0.1767732001129035,True,True
2026-10-02,202610W2,2026-10-14,46950.0,C,1660.0,settlement,1660.0,1640.0,1670.0,12,0.03287671232876712,MTX,48489.0,202610W2,same expiry MTX 202610W2,0.17467224676931198,False,False
2026-10-02,202610W2,2026-10-14,46950.0,P,120.0,settlement,120.0,117.0,122.0,12,0.03287671232876712,MTX,48489.0,202610W2,same expiry MTX 202610W2,0.17393747431231316,True,True
2026-10-02,202610W2,2026-10-14,47000.0,C,1610.0,settlement,1610.0,1600.0,1630.0,12,0.03287671232876712,MTX,48489.0,202610W2,same expiry MTX 202610W2,0.1708093650684347,False,False
2026-10-02,202610W2,2026-10-14,47000.0,P,122.0,settlement,122.0,124.0,127.0,12,0.03287671232876712,MTX,48489.0,202610W2,same expiry MTX 202610W2,0.17105478433206917,True,True
2026-10-02,202610W2,2026-10-14,47050.0,C,1570.0,settlement,1570.0,1560.0,1590.0,12,0.03287671232876712,MTX,48489.0,202610W2,same expiry MTX 202610W2,0.17161581375540005,False,False
2026-10-02,202610W2,2026-10-14,47050.0,P,133.0,settlement,133.0,130.0,136.0,12,0.03287671232876712,MTX,48489.0,202610W2,same expiry MTX 202610W2,0.1723209527719216,True,True
2026-10-02,202610W2,2026-10-14,47100.0,C,1530.0,settlement,1530.0,1510.0,1540.0,12,0.03287671232876712,MTX,48489.0,202610W2,same expiry MTX 202610W2,0.1721736234672067,False,False
2026-10-02,202610W2,2026-10-14,47100.0,P,143.0,settlement,143.0,138.0,144.0,12,0.03287671232876712,MTX,48489.0,202610W2,same expiry MTX 202610W2,0.17286141027408095,True,True
2026-10-02,202610W2,2026-10-14,47150.0,C,1490.0,settlement,1490.0,1470.0,1500.0,12,0.03287671232876712,MTX,48489.0,202610W2,same expiry MTX 202610W2,0.17250271956215607,False,False
2026-10-02,202610W2,2026-10-14,47150.0,P,150.0,settlement,150.0,147.0,152.0,12,0.03287671232876712,MTX,48489.0,202610W2,same expiry MTX 202610W2,0.17187988966052448,True,True
2026-10-02,202610W2,2026-10-14,47200.0,C,1450.0,settlement,1450.0,1430.0,1460.0,12,0.03287671232876712,MTX,48489.0,202610W2,same expiry MTX 202610W2,0.17261945464334386,False,False
2026-10-02,202610W2,2026-10-14,47200.0,P,162.0,settlement,162.0,156.0,161.0,12,0.03287671232876712,MTX,48489.0,202610W2,same expiry MTX 202610W2,0.17286065280826965,True,True
2026-10-02,202610W2,2026-10-14,47250.0,C,1400.0,settlement,1400.0,1390.0,1420.0,12,0.03287671232876712,MTX,48489.0,202610W2,same expiry MTX 202610W2,0.1684345050469656,False,False
2026-10-02,202610W2,2026-10-14,47250.0,P,170.0,settlement,170.0,165.0,170.0,12,0.03287671232876712,MTX,48489.0,202610W2,same expiry MTX 202610W2,0.1719641100507197,True,True
2026-10-02,202610W2,2026-10-14,47300.0,C,1360.0,settlement,1360.0,1350.0,1380.0,12,0.03287671232876712,MTX,48489.0,202610W2,same expiry MTX 202610W2,0.16827729480816117,False,False
2026-10-02,202610W2,2026-10-14,47300.0,P,178.0,settlement,178.0,173.0,180.0,12,0.03287671232876712,MTX,48489.0,202610W2,same expiry MTX 202610W2,0.17092136334409125,True,True
2026-10-02,202610W2,2026-10-14,47350.0,C,1330.0,settlement,1330.0,1310.0,1340.0,12,0.03287671232876712,MTX,48489.0,202610W2,same expiry MTX 202610W2,0.17181991526987603,False,False
2026-10-02,202610W2,2026-10-14,47350.0,P,179.0,settlement,179.0,185.0,192.0,12,0.03287671232876712,MTX,48489.0,202610W2,same expiry MTX 202610W2,0.16700115749411412,True,True
2026-10-02,202610W2,2026-10-14,47400.0,C,1290.0,settlement,1290.0,1270.0,1300.0,12,0.03287671232876712,MTX,48489.0,202610W2,same expiry MTX 202610W2,0.1712018379369414,False,False
2026-10-02,202610W2,2026-10-14,47400.0,P,198.0,settlement,198.0,196.0,203.0,12,0.03287671232876712,MTX,48489.0,202610W2,same expiry MTX 202610W2,0.16993318392405643,True,True
2026-10-02,202610W2,2026-10-14,47450.0,C,1250.0,settlement,1250.0,1230.0,1260.0,12,0.03287671232876712,MTX,48489.0,202610W2,same expiry MTX 202610W2,0.1704200375425873,False,False
2026-10-02,202610W2,2026-10-14,47450.0,P,212.0,settlement,212.0,208.0,214.0,12,0.03287671232876712,MTX,48489.0,202610W2,same expiry MTX 202610W2,0.17066268839466725,True,True
2026-10-02,202610W2,2026-10-14,47500.0,C,1210.0,settlement,1210.0,1200.0,1230.0,12,0.03287671232876712,MTX,48489.0,202610W2,same expiry MTX 202610W2,0.16947994294513163,False,False
2026-10-02,202610W2,2026-10-14,47500.0,P,220.0,settlement,220.0,220.0,226.0,12,0.03287671232876712,MTX,48489.0,202610W2,same expiry MTX 202610W2,0.16900148383580813,True,True
2026-10-02,202610W2,2026-10-14,47550.0,C,1170.0,settlement,1170.0,1160.0,1190.0,12,0.03287671232876712,MTX,48489.0,202610W2,same expiry MTX 202610W2,0.16838599391815798,False,False
2026-10-02,202610W2,2026-10-14,47550.0,P,236.0,settlement,236.0,232.0,238.0,12,0.03287671232876712,MTX,48489.0,202610W2,same expiry MTX 202610W2,0.1700415785553062,True,True
2026-10-02,202610W2,2026-10-14,47600.0,C,1140.0,settlement,1140.0,1120.0,1150.0,12,0.03287671232876712,MTX,48489.0,202610W2,same expiry MTX 202610W2,0.17059737769340458,False,False
2026-10-02,202610W2,2026-10-14,47600.0,P,250.0,settlement,250.0,245.0,253.0,12,0.03287671232876712,MTX,48489.0,202610W2,same expiry MTX 202610W2,0.17015227079921874,True,True
2026-10-02,202610W2,2026-10-14,47650.0,C,1100.0,settlement,1100.0,1090.0,1110.0,12,0.03287671232876712,MTX,48489.0,202610W2,same expiry MTX 202610W2,0.1691443164889809,False,False
2026-10-02,202610W2,2026-10-14,47650.0,P,263.0,settlement,263.0,257.0,265.0,12,0.03287671232876712,MTX,48489.0,202610W2,same expiry MTX 202610W2,0.1697273157068098,True,True
2026-10-02,202610W2,2026-10-14,47700.0,C,1060.0,settlement,1060.0,1050.0,1080.0,12,0.03287671232876712,MTX,48489.0,202610W2,same expiry MTX 202610W2,0.16754970694969207,False,False
2026-10-02,202610W2,2026-10-14,47700.0,P,272.0,settlement,272.0,273.0,281.0,12,0.03287671232876712,MTX,48489.0,202610W2,same expiry MTX 202610W2,0.1677960828362128,True,True
2026-10-02,202610W2,2026-10-14,47750.0,C,1030.0,settlement,1030.0,1020.0,1040.0,12,0.03287671232876712,MTX,48489.0,202610W2,same expiry MTX 202610W2,0.16908114904715377,False,False
2026-10-02,202610W2,2026-10-14,47750.0,P,293.0,settlement,293.0,288.0,295.0,12,0.03287671232876712,MTX,48489.0,202610W2,same expiry MTX 202610W2,0.16965346017625688,True,True
2026-10-02,202610W2,2026-10-14,47800.0,C,1010.0,settlement,1010.0,985.0,1000.0,12,0.03287671232876712,MTX,48489.0,202610W2,same expiry MTX 202610W2,0.1735546056190968,False,False
2026-10-02,202610W2,2026-10-14,47800.0,P,305.0,settlement,305.0,302.0,312.0,12,0.03287671232876712,MTX,48489.0,202610W2,same expiry MTX 202610W2,0.16836871721506952,True,True
2026-10-02,202610W2,2026-10-14,47850.0,C,960.0,settlement,960.0,955.0,970.0,12,0.03287671232876712,MTX,48489.0,202610W2,same expiry MTX 202610W2,0.1682586943768839,False,False
2026-10-02,202610W2,2026-10-14,47850.0,P,325.0,settlement,325.0,318.0,328.0,12,0.03287671232876712,MTX,48489.0,202610W2,same expiry MTX 202610W2,0.16945399559014318,True,True
2026-10-02,202610W2,2026-10-14,47900.0,C,955.0,settlement,955.0,920.0,935.0,12,0.03287671232876712,MTX,48489.0,202610W2,same expiry MTX 202610W2,0.1768710965014439,False,False
2026-10-02,202610W2,2026-10-14,47900.0,P,326.0,settlement,326.0,337.0,346.0,12,0.03287671232876712,MTX,48489.0,202610W2,same expiry MTX 202610W2,0.16439916723044634,True,True
2026-10-02,202610W2,2026-10-14,47950.0,C,905.0,settlement,905.0,890.0,905.0,12,0.03287671232876712,MTX,48489.0,202610W2,same expiry MTX 202610W2,0.1713153108846097,False,False
2026-10-02,202610W2,2026-10-14,47950.0,P,359.0,settlement,359.0,353.0,363.0,12,0.03287671232876712,MTX,48489.0,202610W2,same expiry MTX 202610W2,0.16911713039455095,True,True
2026-10-02,202610W2,2026-10-14,48000.0,C,865.0,settlement,865.0,855.0,870.0,12,0.03287671232876712,MTX,48489.0,202610W2,same expiry MTX 202610W2,0.1687153440723935,False,False
2026-10-02,202610W2,2026-10-14,48000.0,P,376.0,settlement,376.0,370.0,379.0,12,0.03287671232876712,MTX,48489.0,202610W2,same expiry MTX 202610W2,0.1686666620380092,True,True
2026-10-02,202610W2,2026-10-14,48050.0,C,835.0,settlement,835.0,825.0,840.0,12,0.03287671232876712,MTX,48489.0,202610W2,same expiry MTX 202610W2,0.1689748031121913,False,False
2026-10-02,202610W2,2026-10-14,48050.0,P,396.0,settlement,396.0,391.0,400.0,12,0.03287671232876712,MTX,48489.0,202610W2,same expiry MTX 202610W2,0.16893159236063085,True,True
2026-10-02,202610W2,2026-10-14,48100.0,C,805.0,settlement,805.0,795.0,810.0,12,0.03287671232876712,MTX,48489.0,202610W2,same expiry MTX 202610W2,0.1690358430035566,False,False
2026-10-02,202610W2,2026-10-14,48100.0,P,413.0,settlement,413.0,408.0,417.0,12,0.03287671232876712,MTX,48489.0,202610W2,same expiry MTX 202610W2,0.16810842853684163,True,True
2026-10-02,202610W2,2026-10-14,48150.0,C,795.0,settlement,795.0,765.0,780.0,12,0.03287671232876712,MTX,48489.0,202610W2,same expiry MTX 202610W2,0.1747747395814594,False,False
2026-10-02,202610W2,2026-10-14,48150.0,P,416.0,settlement,416.0,430.0,441.0,12,0.03287671232876712,MTX,48489.0,202610W2,same expiry MTX 202610W2,0.1629878183494693,True,True
2026-10-02,202610W2,2026-10-14,48200.0,C,745.0,settlement,745.0,735.0,750.0,12,0.03287671232876712,MTX,48489.0,202610W2,same expiry MTX 202610W2,0.1685797088786047,False,False
2026-10-02,202610W2,2026-10-14,48200.0,P,442.0,settlement,442.0,451.0,462.0,12,0.03287671232876712,MTX,48489.0,202610W2,same expiry MTX 202610W2,0.16446754012456938,True,True
2026-10-02,202610W2,2026-10-14,48250.0,C,715.0,settlement,715.0,705.0,720.0,12,0.03287671232876712,MTX,48489.0,202610W2,same expiry MTX 202610W2,0.16806807922880554,False,False
2026-10-02,202610W2,2026-10-14,48250.0,P,479.0,settlement,479.0,472.0,483.0,12,0.03287671232876712,MTX,48489.0,202610W2,same expiry MTX 202610W2,0.16891442103267187,True,True
2026-10-02,202610W2,2026-10-14,48300.0,C,710.0,settlement,710.0,675.0,690.0,12,0.03287671232876712,MTX,48489.0,202610W2,same expiry MTX 202610W2,0.17457093588047556,False,False
2026-10-02,202610W2,2026-10-14,48300.0,P,500.0,settlement,500.0,493.0,505.0,12,0.03287671232876712,MTX,48489.0,202610W2,same expiry MTX 202610W2,0.16850395343030034,True,True
2026-10-02,202610W2,2026-10-14,48350.0,C,660.0,settlement,660.0,650.0,665.0,12,0.03287671232876712,MTX,48489.0,202610W2,same expiry MTX 202610W2,0.16791793740612002,False,False
2026-10-02,202610W2,2026-10-14,48350.0,P,520.0,settlement,520.0,515.0,525.0,12,0.03287671232876712,MTX,48489.0,202610W2,same expiry MTX 202610W2,0.16761791323557432,True,True
2026-10-02,202610W2,2026-10-14,48400.0,C,630.0,settlement,630.0,625.0,640.0,12,0.03287671232876712,MTX,48489.0,202610W2,same expiry MTX 202610W2,0.16683936725213755,False,False
2026-10-02,202610W2,2026-10-14,48400.0,P,525.0,settlement,525.0,535.0,550.0,12,0.03287671232876712,MTX,48489.0,202610W2,same expiry MTX 202610W2,0.16225447213983693,True,True
2026-10-02,202610W2,2026-10-14,48450.0,C,605.0,settlement,605.0,600.0,615.0,12,0.03287671232876712,MTX,48489.0,202610W2,same expiry MTX 202610W2,0.1669994144081369,False,False
2026-10-02,202610W2,2026-10-14,48450.0,P,570.0,settlement,570.0,560.0,575.0,12,0.03287671232876712,MTX,48489.0,202610W2,same expiry MTX 202610W2,0.16813753502635917,True,True
2026-10-02,202610W2,2026-10-14,48500.0,C,595.0,settlement,595.0,575.0,590.0,12,0.03287671232876712,MTX,48489.0,202610W2,same expiry MTX 202610W2,0.17124330501265306,True,True
2026-10-02,202610W2,2026-10-14,48500.0,P,595.0,settlement,595.0,585.0,600.0,12,0.03287671232876712,MTX,48489.0,202610W2,same expiry MTX 202610W2,0.1681070661296296,False,False
2026-10-02,202610W2,2026-10-14,48550.0,C,555.0,settlement,555.0,550.0,565.0,12,0.03287671232876712,MTX,48489.0,202610W2,same expiry MTX 202610W2,0.16673736755306834,True,True
2026-10-02,202610W2,2026-10-14,48550.0,P,620.0,settlement,620.0,610.0,625.0,12,0.03287671232876712,MTX,48489.0,202610W2,same expiry MTX 202610W2,0.16788427090367264,False,False
2026-10-02,202610W2,2026-10-14,48600.0,C,535.0,settlement,535.0,530.0,540.0,12,0.03287671232876712,MTX,48489.0,202610W2,same expiry MTX 202610W2,0.1677439452287753,True,True
2026-10-02,202610W2,2026-10-14,48600.0,P,645.0,settlement,645.0,640.0,655.0,12,0.03287671232876712,MTX,48489.0,202610W2,same expiry MTX 202610W2,0.16746865822622486,False,False
2026-10-02,202610W2,2026-10-14,48650.0,C,510.0,settlement,510.0,505.0,515.0,12,0.03287671232876712,MTX,48489.0,202610W2,same expiry MTX 202610W2,0.16712991904965283,True,True
2026-10-02,202610W2,2026-10-14,48650.0,P,675.0,settlement,675.0,665.0,680.0,12,0.03287671232876712,MTX,48489.0,202610W2,same expiry MTX 202610W2,0.168290898032561,False,False
2026-10-02,202610W2,2026-10-14,48700.0,C,489.0,settlement,489.0,482.0,493.0,12,0.03287671232876712,MTX,48489.0,202610W2,same expiry MTX 202610W2,0.1674691925837631,True,True
2026-10-02,202610W2,2026-10-14,48700.0,P,700.0,settlement,700.0,695.0,710.0,12,0.03287671232876712,MTX,48489.0,202610W2,same expiry MTX 202610W2,0.16748913562853218,False,False
2026-10-02,202610W2,2026-10-14,48750.0,C,467.0,settlement,467.0,463.0,473.0,12,0.03287671232876712,MTX,48489.0,202610W2,same expiry MTX 202610W2,0.1673300866363321,True,True
2026-10-02,202610W2,2026-10-14,48750.0,P,730.0,settlement,730.0,720.0,735.0,12,0.03287671232876712,MTX,48489.0,202610W2,same expiry MTX 202610W2,0.16793274998048927,False,False
2026-10-02,202610W2,2026-10-14,48800.0,C,463.0,settlement,463.0,441.0,450.0,12,0.03287671232876712,MTX,48489.0,202610W2,same expiry MTX 202610W2,0.1722266655557097,True,True
2026-10-02,202610W2,2026-10-14,48800.0,P,755.0,settlement,755.0,750.0,765.0,12,0.03287671232876712,MTX,48489.0,202610W2,same expiry MTX 202610W2,0.16673606065322355,False,False
2026-10-02,202610W2,2026-10-14,48850.0,C,422.0,settlement,422.0,418.0,429.0,12,0.03287671232876712,MTX,48489.0,202610W2,same expiry MTX 202610W2,0.16617408799246258,True,True
2026-10-02,202610W2,2026-10-14,48850.0,P,785.0,settlement,785.0,780.0,795.0,12,0.03287671232876712,MTX,48489.0,202610W2,same expiry MTX 202610W2,0.16679460995102088,False,False
2026-10-02,202610W2,2026-10-14,48900.0,C,407.0,settlement,407.0,403.0,412.0,12,0.03287671232876712,MTX,48489.0,202610W2,same expiry MTX 202610W2,0.16750735464318842,True,True
2026-10-02,202610W2,2026-10-14,48900.0,P,820.0,settlement,820.0,810.0,825.0,12,0.03287671232876712,MTX,48489.0,202610W2,same expiry MTX 202610W2,0.16813756872403177,False,False
2026-10-02,202610W2,2026-10-14,48950.0,C,388.0,settlement,388.0,383.0,392.0,12,0.03287671232876712,MTX,48489.0,202610W2,same expiry MTX 202610W2,0.16748046341217535,True,True
2026-10-02,202610W2,2026-10-14,48950.0,P,850.0,settlement,850.0,840.0,855.0,12,0.03287671232876712,MTX,48489.0,202610W2,same expiry MTX 202610W2,0.16782359349906614,False,False
2026-10-02,202610W2,2026-10-14,49000.0,C,366.0,settlement,366.0,365.0,374.0,12,0.03287671232876712,MTX,48489.0,202610W2,same expiry MTX 202610W2,0.16635762138016386,True,True
2026-10-02,202610W2,2026-10-14,49000.0,P,880.0,settlement,880.0,875.0,890.0,12,0.03287671232876712,MTX,48489.0,202610W2,same expiry MTX 202610W2,0.1673121284093272,False,False
2026-10-02,202610W2,2026-10-14,49050.0,C,352.0,settlement,352.0,345.0,355.0,12,0.03287671232876712,MTX,48489.0,202610W2,same expiry MTX 202610W2,0.16745558523879986,True,True
2026-10-02,202610W2,2026-10-14,49050.0,P,915.0,settlement,915.0,905.0,920.0,12,0.03287671232876712,MTX,48489.0,202610W2,same expiry MTX 202610W2,0.16812097451923444,False,False
2026-10-02,202610W2,2026-10-14,49100.0,C,335.0,settlement,335.0,328.0,337.0,12,0.03287671232876712,MTX,48489.0,202610W2,same expiry MTX 202610W2,0.16746326361207375,True,True
2026-10-02,202610W2,2026-10-14,49100.0,P,950.0,settlement,950.0,940.0,955.0,12,0.03287671232876712,MTX,48489.0,202610W2,same expiry MTX 202610W2,0.16875882962689726,False,False
2026-10-02,202610W2,2026-10-14,49150.0,C,319.0,settlement,319.0,314.0,323.0,12,0.03287671232876712,MTX,48489.0,202610W2,same expiry MTX 202610W2,0.16759308930548164,True,True
2026-10-02,202610W2,2026-10-14,49150.0,P,980.0,settlement,980.0,970.0,985.0,12,0.03287671232876712,MTX,48489.0,202610W2,same expiry MTX 202610W2,0.16766106705656011,False,False
2026-10-02,202610W2,2026-10-14,49200.0,C,303.0,settlement,303.0,297.0,305.0,12,0.03287671232876712,MTX,48489.0,202610W2,same expiry MTX 202610W2,0.16753605862345416,True,True
2026-10-02,202610W2,2026-10-14,49200.0,P,1020.0,settlement,1020.0,1000.0,1020.0,12,0.03287671232876712,MTX,48489.0,202610W2,same expiry MTX 202610W2,0.16951331316816706,False,False
2026-10-02,202610W2,2026-10-14,49250.0,C,288.0,settlement,288.0,282.0,290.0,12,0.03287671232876712,MTX,48489.0,202610W2,same expiry MTX 202610W2,0.16760945109725325,True,True
2026-10-02,202610W2,2026-10-14,49250.0,P,1050.0,settlement,1050.0,1040.0,1060.0,12,0.03287671232876712,MTX,48489.0,202610W2,same expiry MTX 202610W2,0.168012774421351,False,False
2026-10-02,202610W2,2026-10-14,49300.0,C,273.0,settlement,273.0,270.0,278.0,12,0.03287671232876712,MTX,48489.0,202610W2,same expiry MTX 202610W2,0.16749503918504238,True,True
2026-10-02,202610W2,2026-10-14,49300.0,P,1090.0,settlement,1090.0,1070.0,1100.0,12,0.03287671232876712,MTX,48489.0,202610W2,same expiry MTX 202610W2,0.1695491063176856,False,False
2026-10-02,202610W2,2026-10-14,49350.0,C,259.0,settlement,259.0,254.0,262.0,12,0.03287671232876712,MTX,48489.0,202610W2,same expiry MTX 202610W2,0.16752069135780923,True,True
2026-10-02,202610W2,2026-10-14,49350.0,P,1120.0,settlement,1120.0,1110.0,1130.0,12,0.03287671232876712,MTX,48489.0,202610W2,same expiry MTX 202610W2,0.16761532891841685,False,False
2026-10-02,202610W2,2026-10-14,49400.0,C,246.0,settlement,246.0,241.0,249.0,12,0.03287671232876712,MTX,48489.0,202610W2,same expiry MTX 202610W2,0.16769822697223039,True,True
2026-10-02,202610W2,2026-10-14,49400.0,P,1160.0,settlement,1160.0,1140.0,1170.0,12,0.03287671232876712,MTX,48489.0,202610W2,same expiry MTX 202610W2,0.16882134355709458,False,False
2026-10-02,202610W2,2026-10-14,49450.0,C,234.0,settlement,234.0,230.0,236.0,12,0.03287671232876712,MTX,48489.0,202610W2,same expiry MTX 202610W2,0.1680409964160792,True,True
2026-10-02,202610W2,2026-10-14,49450.0,P,1200.0,settlement,1200.0,1180.0,1210.0,12,0.03287671232876712,MTX,48489.0,202610W2,same expiry MTX 202610W2,0.1698843955942328,False,False
2026-10-02,202610W2,2026-10-14,49500.0,C,223.0,settlement,223.0,219.0,225.0,12,0.03287671232876712,MTX,48489.0,202610W2,same expiry MTX 202610W2,0.16856388784524934,True,True
2026-10-02,202610W2,2026-10-14,49500.0,P,1230.0,settlement,1230.0,1220.0,1250.0,12,0.03287671232876712,MTX,48489.0,202610W2,same expiry MTX 202610W2,0.16726113474319387,False,False
2026-10-02,202610W2,2026-10-14,49550.0,C,210.0,settlement,210.0,206.0,212.0,12,0.03287671232876712,MTX,48489.0,202610W2,same expiry MTX 202610W2,0.1681961153996904,True,True
2026-10-02,202610W2,2026-10-14,49550.0,P,1270.0,settlement,1270.0,1260.0,1280.0,12,0.03287671232876712,MTX,48489.0,202610W2,same expiry MTX 202610W2,0.16795964689546888,False,False
2026-10-02,202610W2,2026-10-14,49600.0,C,198.0,settlement,198.0,195.0,201.0,12,0.03287671232876712,MTX,48489.0,202610W2,same expiry MTX 202610W2,0.16799388815861285,True,True
2026-10-02,202610W2,2026-10-14,49600.0,P,1310.0,settlement,1310.0,1300.0,1320.0,12,0.03287671232876712,MTX,48489.0,202610W2,same expiry MTX 202610W2,0.16850113230072003,False,False
2026-10-02,202610W2,2026-10-14,49650.0,C,187.0,settlement,187.0,184.0,191.0,12,0.03287671232876712,MTX,48489.0,202610W2,same expiry MTX 202610W2,0.16797417181597815,True,True
2026-10-02,202610W2,2026-10-14,49650.0,P,1350.0,settlement,1350.0,1340.0,1360.0,12,0.03287671232876712,MTX,48489.0,202610W2,same expiry MTX 202610W2,0.1688805041336681,False,False
2026-10-02,202610W2,2026-10-14,49700.0,C,177.0,settlement,177.0,174.0,181.0,12,0.03287671232876712,MTX,48489.0,202610W2,same expiry MTX 202610W2,0.16815604827209218,True,True
2026-10-02,202610W2,2026-10-14,49700.0,P,1390.0,settlement,1390.0,1370.0,1400.0,12,0.03287671232876712,MTX,48489.0,202610W2,same expiry MTX 202610W2,0.16909156621931262,False,False
2026-10-02,202610W2,2026-10-14,49750.0,C,168.0,settlement,168.0,166.0,172.0,12,0.03287671232876712,MTX,48489.0,202610W2,same expiry MTX 202610W2,0.1685606753860832,True,True
2026-10-02,202610W2,2026-10-14,49750.0,P,1430.0,settlement,1430.0,1420.0,1440.0,12,0.03287671232876712,MTX,48489.0,202610W2,same expiry MTX 202610W2,0.16912683149992924,False,False
2026-10-02,202610W2,2026-10-14,49800.0,C,160.0,settlement,160.0,157.0,164.0,12,0.03287671232876712,MTX,48489.0,202610W2,same expiry MTX 202610W2,0.16921114936675052,True,True
2026-10-02,202610W2,2026-10-14,49800.0,P,1470.0,settlement,1470.0,1460.0,1480.0,12,0.03287671232876712,MTX,48489.0,202610W2,same expiry MTX 202610W2,0.16897728482246524,False,False
2026-10-02,202610W2,2026-10-14,49900.0,C,154.0,settlement,154.0,139.0,145.0,12,0.03287671232876712,MTX,48489.0,202610W2,same expiry MTX 202610W2,0.17434211750022846,True,True
2026-10-02,202610W2,2026-10-14,49900.0,P,1560.0,settlement,1560.0,1540.0,1570.0,12,0.03287671232876712,MTX,48489.0,202610W2,same expiry MTX 202610W2,0.17240812607636535,False,False
2026-10-02,202610W2,2026-10-14,50000.0,C,125.0,settlement,125.0,125.0,131.0,12,0.03287671232876712,MTX,48489.0,202610W2,same expiry MTX 202610W2,0.16885085485156395,True,True
2026-10-02,202610W2,2026-10-14,50000.0,P,1640.0,settlement,1640.0,1620.0,1650.0,12,0.03287671232876712,MTX,48489.0,202610W2,same expiry MTX 202610W2,0.1709253792355555,False,False
2026-10-02,202610W2,2026-10-14,50100.0,C,114.0,settlement,114.0,111.0,117.0,12,0.03287671232876712,MTX,48489.0,202610W2,same expiry MTX 202610W2,0.17066542183630615,True,True
2026-10-02,202610W2,2026-10-14,50100.0,P,1730.0,settlement,1730.0,1710.0,1740.0,12,0.03287671232876712,MTX,48489.0,202610W2,same expiry MTX 202610W2,0.17335244435377897,False,False
2026-10-02,202610W2,2026-10-14,50200.0,C,100.0,settlement,100.0,97.0,103.0,12,0.03287671232876712,MTX,48489.0,202610W2,same expiry MTX 202610W2,0.1703928060598335,True,True
2026-10-02,202610W2,2026-10-14,50200.0,P,1810.0,settlement,1810.0,1800.0,,12,0.03287671232876712,MTX,48489.0,202610W2,same expiry MTX 202610W2,0.17016231207742488,False,False
2026-10-02,202610W2,2026-10-14,50300.0,C,88.0,settlement,88.0,86.0,91.0,12,0.03287671232876712,MTX,48489.0,202610W2,same expiry MTX 202610W2,0.17044843058402537,True,True
2026-10-02,202610W2,2026-10-14,50300.0,P,1900.0,settlement,1900.0,1890.0,1910.0,12,0.03287671232876712,MTX,48489.0,202610W2,same expiry MTX 202610W2,0.1713482264629859,False,False
2026-10-02,202610W2,2026-10-14,50400.0,C,79.0,settlement,79.0,77.0,82.0,12,0.03287671232876712,MTX,48489.0,202610W2,same expiry MTX 202610W2,0.17157995178242896,True,True
2026-10-02,202610W2,2026-10-14,50400.0,P,1990.0,settlement,1990.0,1970.0,2000.0,12,0.03287671232876712,MTX,48489.0,202610W2,same expiry MTX 202610W2,0.17195958044738097,False,False
2026-10-02,202610W2,2026-10-14,50500.0,C,77.0,settlement,77.0,68.0,71.0,12,0.03287671232876712,MTX,48489.0,202610W2,same expiry MTX 202610W2,0.17660809061580474,True,True
2026-10-02,202610W2,2026-10-14,50500.0,P,2080.0,settlement,2080.0,,2100.0,12,0.03287671232876712,MTX,48489.0,202610W2,same expiry MTX 202610W2,0.17191782963884278,False,False
2026-10-02,202610W2,2026-10-14,50600.0,C,61.0,settlement,61.0,60.0,63.0,12,0.03287671232876712,MTX,48489.0,202610W2,same expiry MTX 202610W2,0.1720423951487809,True,True
2026-10-02,202610W2,2026-10-14,50600.0,P,2170.0,settlement,2170.0,2160.0,2190.0,12,0.03287671232876712,MTX,48489.0,202610W2,same expiry MTX 202610W2,0.17111051304234698,False,False
2026-10-02,202610W2,2026-10-14,50700.0,C,54.0,settlement,54.0,53.0,56.0,12,0.03287671232876712,MTX,48489.0,202610W2,same expiry MTX 202610W2,0.172720416538768,True,True
2026-10-02,202610W2,2026-10-14,50700.0,P,2270.0,settlement,2270.0,2250.0,2280.0,12,0.03287671232876712,MTX,48489.0,202610W2,same expiry MTX 202610W2,0.17701469058772748,False,False
2026-10-02,202610W2,2026-10-14,50800.0,C,48.0,settlement,48.0,47.0,49.5,12,0.03287671232876712,MTX,48489.0,202610W2,same expiry MTX 202610W2,0.17361309362868982,True,True
2026-10-02,202610W2,2026-10-14,50800.0,P,2360.0,settlement,2360.0,2340.0,2370.0,12,0.03287671232876712,MTX,48489.0,202610W2,same expiry MTX 202610W2,0.17506386347657701,False,False
2026-10-02,202610W2,2026-10-14,50900.0,C,42.5,settlement,42.5,41.5,44.0,12,0.03287671232876712,MTX,48489.0,202610W2,same expiry MTX 202610W2,0.1743864420694007,True,True
2026-10-02,202610W2,2026-10-14,50900.0,P,2450.0,settlement,2450.0,2440.0,2470.0,12,0.03287671232876712,MTX,48489.0,202610W2,same expiry MTX 202610W2,0.17189733921402317,False,False
2026-10-02,202610W2,2026-10-14,51000.0,C,40.0,settlement,40.0,36.5,39.0,12,0.03287671232876712,MTX,48489.0,202610W2,same expiry MTX 202610W2,0.17748953450433125,True,True
2026-10-02,202610W2,2026-10-14,51000.0,P,2550.0,settlement,2550.0,2530.0,2560.0,12,0.03287671232876712,MTX,48489.0,202610W2,same expiry MTX 202610W2,0.17732310177571287,False,False
2026-10-02,202610W2,2026-10-14,51100.0,C,32.0,settlement,32.0,32.5,34.0,12,0.03287671232876712,MTX,48489.0,202610W2,same expiry MTX 202610W2,0.17460971632109176,True,True
2026-10-02,202610W2,2026-10-14,51100.0,P,2640.0,settlement,2640.0,2630.0,2660.0,12,0.03287671232876712,MTX,48489.0,202610W2,same expiry MTX 202610W2,0.17221787457358056,False,False
2026-10-02,202610W2,2026-10-14,51200.0,C,28.5,settlement,28.5,29.0,30.5,12,0.03287671232876712,MTX,48489.0,202610W2,same expiry MTX 202610W2,0.17572508537350243,True,True
2026-10-02,202610W2,2026-10-14,51200.0,P,2740.0,settlement,2740.0,,2760.0,12,0.03287671232876712,MTX,48489.0,202610W2,same expiry MTX 202610W2,0.17736172456425758,False,False
2026-10-02,202610W2,2026-10-14,51300.0,C,26.5,settlement,26.5,26.0,27.5,12,0.03287671232876712,MTX,48489.0,202610W2,same expiry MTX 202610W2,0.17828087021298977,True,True
2026-10-02,202610W2,2026-10-14,51300.0,P,2840.0,settlement,2840.0,2820.0,2850.0,12,0.03287671232876712,MTX,48489.0,202610W2,same expiry MTX 202610W2,0.18247072932124989,False,False
2026-10-02,202610W2,2026-10-14,51400.0,C,23.5,settlement,23.5,23.0,24.5,12,0.03287671232876712,MTX,48489.0,202610W2,same expiry MTX 202610W2,0.17922633549884034,True,True
2026-10-02,202610W2,2026-10-14,51400.0,P,2940.0,settlement,2940.0,2920.0,2950.0,12,0.03287671232876712,MTX,48489.0,202610W2,same expiry MTX 202610W2,0.18754618312696572,False,False
2026-10-02,202610W2,2026-10-14,51500.0,C,21.0,settlement,21.0,20.5,22.0,12,0.03287671232876712,MTX,48489.0,202610W2,same expiry MTX 202610W2,0.1804282581483986,True,True
2026-10-02,202610W2,2026-10-14,51500.0,P,3030.0,settlement,3030.0,3020.0,3050.0,12,0.03287671232876712,MTX,48489.0,202610W2,same expiry MTX 202610W2,0.1788820512056438,False,False
2026-10-02,202610W2,2026-10-14,51600.0,C,20.0,settlement,20.0,18.5,20.0,12,0.03287671232876712,MTX,48489.0,202610W2,same expiry MTX 202610W2,0.1836183650279047,True,True
2026-10-02,202610W2,2026-10-14,51600.0,P,3130.0,settlement,3130.0,3110.0,3140.0,12,0.03287671232876712,MTX,48489.0,202610W2,same expiry MTX 202610W2,0.18365415011038863,False,False
2026-10-02,202610W2,2026-10-14,51700.0,C,17.5,settlement,17.5,17.0,18.0,12,0.03287671232876712,MTX,48489.0,202610W2,same expiry MTX 202610W2,0.18411882880280497,True,True
2026-10-02,202610W2,2026-10-14,51700.0,P,3230.0,settlement,3230.0,3210.0,3240.0,12,0.03287671232876712,MTX,48489.0,202610W2,same expiry MTX 202610W2,0.18839937191665818,False,False
2026-10-02,202610W2,2026-10-14,51800.0,C,15.5,settlement,15.5,15.0,16.0,12,0.03287671232876712,MTX,48489.0,202610W2,same expiry MTX 202610W2,0.18501654113164562,True,True
2026-10-02,202610W2,2026-10-14,51800.0,P,3330.0,settlement,3330.0,3310.0,3340.0,12,0.03287671232876712,MTX,48489.0,202610W2,same expiry MTX 202610W2,0.1931185540700354,False,False
2026-10-02,202610W2,2026-10-14,51900.0,C,14.0,settlement,14.0,13.5,14.5,12,0.03287671232876712,MTX,48489.0,202610W2,same expiry MTX 202610W2,0.186493321218108,True,True
2026-10-02,202610W2,2026-10-14,51900.0,P,3430.0,settlement,3430.0,3410.0,3440.0,12,0.03287671232876712,MTX,48489.0,202610W2,same expiry MTX 202610W2,0.19781247826967518,False,False
2026-10-02,202610W2,2026-10-14,52000.0,C,13.0,settlement,13.0,12.5,13.5,12,0.03287671232876712,MTX,48489.0,202610W2,same expiry MTX 202610W2,0.18874731277474513,True,True
2026-10-02,202610W2,2026-10-14,52000.0,P,3520.0,settlement,3520.0,3510.0,3540.0,12,0.03287671232876712,MTX,48489.0,202610W2,same expiry MTX 202610W2,0.1819273806062217,False,False
2026-10-02,202610W2,2026-10-14,52100.0,C,12.0,settlement,12.0,11.5,12.5,12,0.03287671232876712,MTX,48489.0,202610W2,same expiry MTX 202610W2,0.19079260236975001,True,True
2026-10-02,202610W2,2026-10-14,52100.0,P,3620.0,settlement,3620.0,3610.0,3640.0,12,0.03287671232876712,MTX,48489.0,202610W2,same expiry MTX 202610W2,0.1862560404824694,False,False
2026-10-02,202610W2,2026-10-14,52200.0,C,10.5,settlement,10.5,10.5,11.5,12,0.03287671232876712,MTX,48489.0,202610W2,same expiry MTX 202610W2,0.1913103824968933,True,True
2026-10-02,202610W2,2026-10-14,52200.0,P,3720.0,settlement,3720.0,3700.0,3740.0,12,0.03287671232876712,MTX,48489.0,202610W2,same expiry MTX 202610W2,0.19056592289754232,False,False
2026-10-02,202610W2,2026-10-14,52300.0,C,10.0,settlement,10.0,9.6,10.5,12,0.03287671232876712,MTX,48489.0,202610W2,same expiry MTX 202610W2,0.1941644782694265,True,True
2026-10-02,202610W2,2026-10-14,52300.0,P,3820.0,settlement,3820.0,3800.0,3840.0,12,0.03287671232876712,MTX,48489.0,202610W2,same expiry MTX 202610W2,0.19485750265057486,False,False
2026-10-02,202610W2,2026-10-14,52400.0,C,9.2,settlement,9.2,8.9,9.5,12,0.03287671232876712,MTX,48489.0,202610W2,same expiry MTX 202610W2,0.19602628552667273,True,True
2026-10-02,202610W2,2026-10-14,52400.0,P,3920.0,settlement,3920.0,3900.0,3930.0,12,0.03287671232876712,MTX,48489.0,202610W2,same expiry MTX 202610W2,0.19913122725747975,False,False
2026-10-02,202610W2,2026-10-14,52500.0,C,8.5,settlement,8.5,8.2,8.8,12,0.03287671232876712,MTX,48489.0,202610W2,same expiry MTX 202610W2,0.1979740022254157,True,True
2026-10-02,202610W2,2026-10-14,52500.0,P,4020.0,settlement,4020.0,4000.0,4030.0,12,0.03287671232876712,MTX,48489.0,202610W2,same expiry MTX 202610W2,0.20338751923027235,False,False
2026-10-02,202610W2,2026-10-14,52600.0,C,7.9,settlement,7.9,7.6,8.2,12,0.03287671232876712,MTX,48489.0,202610W2,same expiry MTX 202610W2,0.20005035932272106,True,True
2026-10-02,202610W2,2026-10-14,52600.0,P,4120.0,settlement,4120.0,4100.0,4130.0,12,0.03287671232876712,MTX,48489.0,202610W2,same expiry MTX 202610W2,0.2076267781131087,False,False
2026-10-02,202610W2,2026-10-14,52700.0,C,7.4,settlement,7.4,7.1,7.7,12,0.03287671232876712,MTX,48489.0,202610W2,same expiry MTX 202610W2,0.20230270436992454,True,True
2026-10-02,202610W2,2026-10-14,52700.0,P,4220.0,settlement,4220.0,4200.0,4230.0,12,0.03287671232876712,MTX,48489.0,202610W2,same expiry MTX 202610W2,0.2118493823063506,False,False
2026-10-02,202610W2,2026-10-14,52800.0,C,6.8,settlement,6.8,6.6,7.1,12,0.03287671232876712,MTX,48489.0,202610W2,same expiry MTX 202610W2,0.2040146713356075,True,True
2026-10-02,202610W2,2026-10-14,52800.0,P,4320.0,settlement,4320.0,4300.0,4330.0,12,0.03287671232876712,MTX,48489.0,202610W2,same expiry MTX 202610W2,0.21605569070548106,False,False
2026-10-02,202610W2,2026-10-14,52900.0,C,6.5,settlement,6.5,6.3,6.7,12,0.03287671232876712,MTX,48489.0,202610W2,same expiry MTX 202610W2,0.20673522325650767,True,True
2026-10-02,202610W2,2026-10-14,52900.0,P,4420.0,settlement,4420.0,4400.0,4430.0,12,0.03287671232876712,MTX,48489.0,202610W2,same expiry MTX 202610W2,0.22024604417715596,False,False
2026-10-02,202610W2,2026-10-14,53000.0,C,6.0,settlement,6.0,5.8,6.3,12,0.03287671232876712,MTX,48489.0,202610W2,same expiry MTX 202610W2,0.20850556446531765,True,True
2026-10-02,202610W2,2026-10-14,53000.0,P,4520.0,settlement,4520.0,4500.0,4530.0,12,0.03287671232876712,MTX,48489.0,202610W2,same expiry MTX 202610W2,0.22442076689201085,False,False
2026-10-02,202610W2,2026-10-14,53100.0,C,5.8,settlement,5.8,5.5,6.1,12,0.03287671232876712,MTX,48489.0,202610W2,same expiry MTX 202610W2,0.2114505207604441,True,True
2026-10-02,202610W2,2026-10-14,53100.0,P,4620.0,settlement,4620.0,,4630.0,12,0.03287671232876712,MTX,48489.0,202610W2,same expiry MTX 202610W2,0.2285801675314368,False,False
2026-10-02,202610W2,2026-10-14,53200.0,C,5.5,settlement,5.5,5.3,5.7,12,0.03287671232876712,MTX,48489.0,202610W2,same expiry MTX 202610W2,0.213860668974962,True,True
2026-10-02,202610W2,2026-10-14,53200.0,P,4720.0,settlement,4720.0,,4730.0,12,0.03287671232876712,MTX,48489.0,202610W2,same expiry MTX 202610W2,0.23272454038189297,False,False
2026-10-02,202610,2026-10-21,33900.0,C,14770.0,settlement,14770.0,14720.0,14810.0,19,0.052054794520547946,MTX,48669.0,202610,same expiry MTX 202610,0.61303249285378,False,False
2026-10-02,202610,2026-10-21,33900.0,P,4.2,settlement,4.2,4.2,4.6,19,0.052054794520547946,MTX,48669.0,202610,same expiry MTX 202610,0.5689738451339185,True,True
2026-10-02,202610,2026-10-21,34000.0,C,14670.0,settlement,14670.0,14610.0,14710.0,19,0.052054794520547946,MTX,48669.0,202610,same expiry MTX 202610,0.6080830889799363,False,False
2026-10-02,202610,2026-10-21,34000.0,P,4.4,settlement,4.4,4.1,4.7,19,0.052054794520547946,MTX,48669.0,202610,same expiry MTX 202610,0.5672693502485917,True,True
2026-10-02,202610,2026-10-21,34100.0,C,14570.0,settlement,14570.0,14510.0,14600.0,19,0.052054794520547946,MTX,48669.0,202610,same expiry MTX 202610,0.6031483923490594,False,False
2026-10-02,202610,2026-10-21,34100.0,P,4.5,settlement,4.5,4.3,4.7,19,0.052054794520547946,MTX,48669.0,202610,same expiry MTX 202610,0.564235954028845,True,True
2026-10-02,202610,2026-10-21,34200.0,C,14470.0,settlement,14470.0,14420.0,14510.0,19,0.052054794520547946,MTX,48669.0,202610,same expiry MTX 202610,0.5982283140602638,False,False
2026-10-02,202610,2026-10-21,34200.0,P,4.5,settlement,4.5,4.3,4.9,19,0.052054794520547946,MTX,48669.0,202610,same expiry MTX 202610,0.5599638898132765,True,True
2026-10-02,202610,2026-10-21,34300.0,C,14370.0,settlement,14370.0,14320.0,14410.0,19,0.052054794520547946,MTX,48669.0,202610,same expiry MTX 202610,0.5933227659904031,False,False
2026-10-02,202610,2026-10-21,34300.0,P,4.6,settlement,4.6,4.3,4.9,19,0.052054794520547946,MTX,48669.0,202610,same expiry MTX 202610,0.556907362979751,True,True
2026-10-02,202610,2026-10-21,34400.0,C,14270.0,settlement,14270.0,14220.0,14300.0,19,0.052054794520547946,MTX,48669.0,202610,same expiry MTX 202610,0.5884316607879655,False,False
2026-10-02,202610,2026-10-21,34400.0,P,4.7,settlement,4.7,4.4,5.0,19,0.052054794520547946,MTX,48669.0,202610,same expiry MTX 202610,0.5538262264808808,True,True
2026-10-02,202610,2026-10-21,34500.0,C,14170.0,settlement,14170.0,14120.0,14200.0,19,0.052054794520547946,MTX,48669.0,202610,same expiry MTX 202610,0.5835549118597539,False,False
2026-10-02,202610,2026-10-21,34500.0,P,4.8,settlement,4.8,4.6,5.0,19,0.052054794520547946,MTX,48669.0,202610,same expiry MTX 202610,0.5507215693227404,True,True
2026-10-02,202610,2026-10-21,34600.0,C,14070.0,settlement,14070.0,14020.0,14110.0,19,0.052054794520547946,MTX,48669.0,202610,same expiry MTX 202610,0.5786924333631942,False,False
2026-10-02,202610,2026-10-21,34600.0,P,4.8,settlement,4.8,4.7,5.1,19,0.052054794520547946,MTX,48669.0,202610,same expiry MTX 202610,0.5464684161577651,True,True
2026-10-02,202610,2026-10-21,34700.0,C,13970.0,settlement,13970.0,13920.0,14010.0,19,0.052054794520547946,MTX,48669.0,202610,same expiry MTX 202610,0.5738441401963217,False,False
2026-10-02,202610,2026-10-21,34700.0,P,4.8,settlement,4.8,4.6,5.1,19,0.052054794520547946,MTX,48669.0,202610,same expiry MTX 202610,0.5422256778717632,True,True
2026-10-02,202610,2026-10-21,34800.0,C,13870.0,settlement,13870.0,13820.0,13910.0,19,0.052054794520547946,MTX,48669.0,202610,same expiry MTX 202610,0.5690099479887161,False,False
2026-10-02,202610,2026-10-21,34800.0,P,4.9,settlement,4.9,4.7,5.3,19,0.052054794520547946,MTX,48669.0,202610,same expiry MTX 202610,0.5391042206783739,True,True
2026-10-02,202610,2026-10-21,34900.0,C,13770.0,settlement,13770.0,13720.0,13810.0,19,0.052054794520547946,MTX,48669.0,202610,same expiry MTX 202610,0.5641897730921618,False,False
2026-10-02,202610,2026-10-21,34900.0,P,4.9,settlement,4.9,4.9,5.3,19,0.052054794520547946,MTX,48669.0,202610,same expiry MTX 202610,0.5348745598100926,True,True
2026-10-02,202610,2026-10-21,35000.0,C,13670.0,settlement,13670.0,13620.0,13710.0,19,0.052054794520547946,MTX,48669.0,202610,same expiry MTX 202610,0.5593835325714501,False,False
2026-10-02,202610,2026-10-21,35000.0,P,5.1,settlement,5.1,4.8,5.1,19,0.052054794520547946,MTX,48669.0,202610,same expiry MTX 202610,0.5327979988921816,True,True
2026-10-02,202610,2026-10-21,35100.0,C,13570.0,settlement,13570.0,13520.0,13610.0,19,0.052054794520547946,MTX,48669.0,202610,same expiry MTX 202610,0.5545911441955934,False,False
2026-10-02,202610,2026-10-21,35100.0,P,5.1,settlement,5.1,4.9,5.4,19,0.052054794520547946,MTX,48669.0,202610,same expiry MTX 202610,0.528574013244906,True,True
2026-10-02,202610,2026-10-21,35200.0,C,13470.0,settlement,13470.0,13420.0,13510.0,19,0.052054794520547946,MTX,48669.0,202610,same expiry MTX 202610,0.5498125264286051,False,False
2026-10-02,202610,2026-10-21,35200.0,P,5.3,settlement,5.3,5.0,5.6,19,0.052054794520547946,MTX,48669.0,202610,same expiry MTX 202610,0.5264131216026021,True,True
2026-10-02,202610,2026-10-21,35300.0,C,13370.0,settlement,13370.0,13320.0,13410.0,19,0.052054794520547946,MTX,48669.0,202610,same expiry MTX 202610,0.5450475984209346,False,False
2026-10-02,202610,2026-10-21,35300.0,P,5.4,settlement,5.4,5.1,5.7,19,0.052054794520547946,MTX,48669.0,202610,same expiry MTX 202610,0.5231931688272778,True,True
2026-10-02,202610,2026-10-21,35400.0,C,13270.0,settlement,13270.0,13220.0,13310.0,19,0.052054794520547946,MTX,48669.0,202610,same expiry MTX 202610,0.5402962800008172,False,False
2026-10-02,202610,2026-10-21,35400.0,P,5.5,settlement,5.5,5.3,5.7,19,0.052054794520547946,MTX,48669.0,202610,same expiry MTX 202610,0.5199558451624116,True,True
2026-10-02,202610,2026-10-21,35500.0,C,13170.0,settlement,13170.0,13120.0,13210.0,19,0.052054794520547946,MTX,48669.0,202610,same expiry MTX 202610,0.5355584916651766,False,False
2026-10-02,202610,2026-10-21,35500.0,P,5.6,settlement,5.6,5.4,5.8,19,0.052054794520547946,MTX,48669.0,202610,same expiry MTX 202610,0.516701831307721,True,True
2026-10-02,202610,2026-10-21,35600.0,C,13070.0,settlement,13070.0,13020.0,13110.0,19,0.052054794520547946,MTX,48669.0,202610,same expiry MTX 202610,0.5308341545716689,False,False
2026-10-02,202610,2026-10-21,35600.0,P,5.6,settlement,5.6,5.4,5.9,19,0.052054794520547946,MTX,48669.0,202610,same expiry MTX 202610,0.512492893584413,True,True
2026-10-02,202610,2026-10-21,35700.0,C,12970.0,settlement,12970.0,12920.0,13010.0,19,0.052054794520547946,MTX,48669.0,202610,same expiry MTX 202610,0.5261231905301819,False,False
2026-10-02,202610,2026-10-21,35700.0,P,5.7,settlement,5.7,5.5,5.9,19,0.052054794520547946,MTX,48669.0,202610,same expiry MTX 202610,0.5092259579888977,True,True
2026-10-02,202610,2026-10-21,35800.0,C,12870.0,settlement,12870.0,12820.0,12910.0,19,0.052054794520547946,MTX,48669.0,202610,same expiry MTX 202610,0.5214255219929085,False,False
2026-10-02,202610,2026-10-21,35800.0,P,5.8,settlement,5.8,5.5,6.1,19,0.052054794520547946,MTX,48669.0,202610,same expiry MTX 202610,0.5059436183258332,True,True
2026-10-02,202610,2026-10-21,35900.0,C,12770.0,settlement,12770.0,12720.0,12810.0,19,0.052054794520547946,MTX,48669.0,202610,same expiry MTX 202610,0.516741072049504,False,False
2026-10-02,202610,2026-10-21,35900.0,P,5.9,settlement,5.9,5.6,6.2,19,0.052054794520547946,MTX,48669.0,202610,same expiry MTX 202610,0.5026464518283792,True,True
2026-10-02,202610,2026-10-21,36000.0,C,12670.0,settlement,12670.0,12620.0,12710.0,19,0.052054794520547946,MTX,48669.0,202610,same expiry MTX 202610,0.5120697644152473,False,False
2026-10-02,202610,2026-10-21,36000.0,P,6.0,settlement,6.0,5.7,6.3,19,0.052054794520547946,MTX,48669.0,202610,same expiry MTX 202610,0.4993350065919014,True,True
2026-10-02,202610,2026-10-21,36100.0,C,12570.0,settlement,12570.0,12530.0,12610.0,19,0.052054794520547946,MTX,48669.0,202610,same expiry MTX 202610,0.5074115234248602,False,False
2026-10-02,202610,2026-10-21,36100.0,P,6.1,settlement,6.1,5.8,6.4,19,0.052054794520547946,MTX,48669.0,202610,same expiry MTX 202610,0.49600980332814176,True,True
2026-10-02,202610,2026-10-21,36200.0,C,12470.0,settlement,12470.0,12430.0,12510.0,19,0.052054794520547946,MTX,48669.0,202610,same expiry MTX 202610,0.5027662740238243,False,False
2026-10-02,202610,2026-10-21,36200.0,P,6.2,settlement,6.2,6.0,6.5,19,0.052054794520547946,MTX,48669.0,202610,same expiry MTX 202610,0.49267133698345,True,True
2026-10-02,202610,2026-10-21,36300.0,C,12370.0,settlement,12370.0,12330.0,12410.0,19,0.052054794520547946,MTX,48669.0,202610,same expiry MTX 202610,0.498133941760251,False,False
2026-10-02,202610,2026-10-21,36300.0,P,6.3,settlement,6.3,6.1,6.6,19,0.052054794520547946,MTX,48669.0,202610,same expiry MTX 202610,0.48932007823261353,True,True
2026-10-02,202610,2026-10-21,36400.0,C,12270.0,settlement,12270.0,12230.0,12300.0,19,0.052054794520547946,MTX,48669.0,202610,same expiry MTX 202610,0.49351445277816414,False,False
2026-10-02,202610,2026-10-21,36400.0,P,6.4,settlement,6.4,6.2,6.7,19,0.052054794520547946,MTX,48669.0,202610,same expiry MTX 202610,0.48595647486114696,True,True
2026-10-02,202610,2026-10-21,36500.0,C,12170.0,settlement,12170.0,12130.0,12200.0,19,0.052054794520547946,MTX,48669.0,202610,same expiry MTX 202610,0.4889077338072127,False,False
2026-10-02,202610,2026-10-21,36500.0,P,6.5,settlement,6.5,6.3,6.8,19,0.052054794520547946,MTX,48669.0,202610,same expiry MTX 202610,0.48258095304429066,True,True
2026-10-02,202610,2026-10-21,36600.0,C,12070.0,settlement,12070.0,12030.0,12110.0,19,0.052054794520547946,MTX,48669.0,202610,same expiry MTX 202610,0.484313712156906,False,False
2026-10-02,202610,2026-10-21,36600.0,P,6.8,settlement,6.8,6.3,6.9,19,0.052054794520547946,MTX,48669.0,202610,same expiry MTX 202610,0.4807362184218671,True,True
2026-10-02,202610,2026-10-21,36700.0,C,11970.0,settlement,11970.0,11930.0,12000.0,19,0.052054794520547946,MTX,48669.0,202610,same expiry MTX 202610,0.47973231570803127,False,False
2026-10-02,202610,2026-10-21,36700.0,P,6.8,settlement,6.8,6.5,7.1,19,0.052054794520547946,MTX,48669.0,202610,same expiry MTX 202610,0.47655706826627403,True,True
2026-10-02,202610,2026-10-21,36800.0,C,11870.0,settlement,11870.0,11830.0,11900.0,19,0.052054794520547946,MTX,48669.0,202610,same expiry MTX 202610,0.4751634729049165,False,False
2026-10-02,202610,2026-10-21,36800.0,P,6.9,settlement,6.9,6.7,7.2,19,0.052054794520547946,MTX,48669.0,202610,same expiry MTX 202610,0.4731344689057819,True,True
2026-10-02,202610,2026-10-21,36900.0,C,11770.0,settlement,11770.0,11730.0,11800.0,19,0.052054794520547946,MTX,48669.0,202610,same expiry MTX 202610,0.47060711274761885,False,False
2026-10-02,202610,2026-10-21,36900.0,P,7.2,settlement,7.2,6.7,7.3,19,0.052054794520547946,MTX,48669.0,202610,same expiry MTX 202610,0.4711478327517762,True,True
2026-10-02,202610,2026-10-21,37000.0,C,11670.0,settlement,11670.0,11630.0,11700.0,19,0.052054794520547946,MTX,48669.0,202610,same expiry MTX 202610,0.4660631647845274,False,False
2026-10-02,202610,2026-10-21,37000.0,P,7.2,settlement,7.2,6.9,7.5,19,0.052054794520547946,MTX,48669.0,202610,same expiry MTX 202610,0.46697332685450266,True,True
2026-10-02,202610,2026-10-21,37100.0,C,11570.0,settlement,11570.0,11530.0,11600.0,19,0.052054794520547946,MTX,48669.0,202610,same expiry MTX 202610,0.461531559104689,False,False
2026-10-02,202610,2026-10-21,37100.0,P,7.3,settlement,7.3,7.1,7.6,19,0.052054794520547946,MTX,48669.0,202610,same expiry MTX 202610,0.4635090029175697,True,True
2026-10-02,202610,2026-10-21,37200.0,C,11470.0,settlement,11470.0,11430.0,11500.0,19,0.052054794520547946,MTX,48669.0,202610,same expiry MTX 202610,0.4570122263288458,False,False
2026-10-02,202610,2026-10-21,37200.0,P,7.4,settlement,7.4,7.1,7.8,19,0.052054794520547946,MTX,48669.0,202610,same expiry MTX 202610,0.46003581983865804,True,True
2026-10-02,202610,2026-10-21,37300.0,C,11370.0,settlement,11370.0,11330.0,11400.0,19,0.052054794520547946,MTX,48669.0,202610,same expiry MTX 202610,0.45250509760482244,False,False
2026-10-02,202610,2026-10-21,37300.0,P,7.6,settlement,7.6,7.4,7.9,19,0.052054794520547946,MTX,48669.0,202610,same expiry MTX 202610,0.45722495742923486,True,True
2026-10-02,202610,2026-10-21,37400.0,C,11270.0,settlement,11270.0,11230.0,11300.0,19,0.052054794520547946,MTX,48669.0,202610,same expiry MTX 202610,0.4480101045971394,False,False
2026-10-02,202610,2026-10-21,37400.0,P,7.7,settlement,7.7,7.4,8.1,19,0.052054794520547946,MTX,48669.0,202610,same expiry MTX 202610,0.4537234219414844,True,True
2026-10-02,202610,2026-10-21,37500.0,C,11170.0,settlement,11170.0,11130.0,11200.0,19,0.052054794520547946,MTX,48669.0,202610,same expiry MTX 202610,0.44352717948015186,False,False
2026-10-02,202610,2026-10-21,37500.0,P,7.9,settlement,7.9,7.6,8.3,19,0.052054794520547946,MTX,48669.0,202610,same expiry MTX 202610,0.45085640551230804,True,True
2026-10-02,202610,2026-10-21,37600.0,C,11070.0,settlement,11070.0,11030.0,11100.0,19,0.052054794520547946,MTX,48669.0,202610,same expiry MTX 202610,0.43905625493113026,False,False
2026-10-02,202610,2026-10-21,37600.0,P,8.0,settlement,8.0,7.7,8.4,19,0.052054794520547946,MTX,48669.0,202610,same expiry MTX 202610,0.44732866095752233,True,True
2026-10-02,202610,2026-10-21,37700.0,C,10970.0,settlement,10970.0,10930.0,11000.0,19,0.052054794520547946,MTX,48669.0,202610,same expiry MTX 202610,0.43459726412226957,False,False
2026-10-02,202610,2026-10-21,37700.0,P,8.2,settlement,8.2,7.9,8.6,19,0.052054794520547946,MTX,48669.0,202610,same expiry MTX 202610,0.4444093514665583,True,True
2026-10-02,202610,2026-10-21,37800.0,C,10870.0,settlement,10870.0,10830.0,10900.0,19,0.052054794520547946,MTX,48669.0,202610,same expiry MTX 202610,0.4301501407128483,False,False
2026-10-02,202610,2026-10-21,37800.0,P,8.4,settlement,8.4,8.1,8.8,19,0.052054794520547946,MTX,48669.0,202610,same expiry MTX 202610,0.4414575783731046,True,True
2026-10-02,202610,2026-10-21,37900.0,C,10770.0,settlement,10770.0,10730.0,10800.0,19,0.052054794520547946,MTX,48669.0,202610,same expiry MTX 202610,0.42571481884221773,False,False
2026-10-02,202610,2026-10-21,37900.0,P,8.6,settlement,8.6,8.3,9.0,19,0.052054794520547946,MTX,48669.0,202610,same expiry MTX 202610,0.4384747069481962,True,True
2026-10-02,202610,2026-10-21,38000.0,C,10670.0,settlement,10670.0,10630.0,10700.0,19,0.052054794520547946,MTX,48669.0,202610,same expiry MTX 202610,0.42129123312162753,False,False
2026-10-02,202610,2026-10-21,38000.0,P,8.7,settlement,8.7,8.4,9.0,19,0.052054794520547946,MTX,48669.0,202610,same expiry MTX 202610,0.4348906148804295,True,True
2026-10-02,202610,2026-10-21,38100.0,C,10570.0,settlement,10570.0,10530.0,10600.0,19,0.052054794520547946,MTX,48669.0,202610,same expiry MTX 202610,0.41687931862686156,False,False
2026-10-02,202610,2026-10-21,38100.0,P,8.7,settlement,8.7,8.6,9.3,19,0.052054794520547946,MTX,48669.0,202610,same expiry MTX 202610,0.43073378686841746,True,True
2026-10-02,202610,2026-10-21,38200.0,C,10470.0,settlement,10470.0,10430.0,10500.0,19,0.052054794520547946,MTX,48669.0,202610,same expiry MTX 202610,0.4124790108905349,False,False
2026-10-02,202610,2026-10-21,38200.0,P,9.2,settlement,9.2,8.8,9.6,19,0.052054794520547946,MTX,48669.0,202610,same expiry MTX 202610,0.4293518635936992,True,True
2026-10-02,202610,2026-10-21,38300.0,C,10370.0,settlement,10370.0,10330.0,10400.0,19,0.052054794520547946,MTX,48669.0,202610,same expiry MTX 202610,0.4080902458942937,False,False
2026-10-02,202610,2026-10-21,38300.0,P,9.3,settlement,9.3,9.0,9.8,19,0.052054794520547946,MTX,48669.0,202610,same expiry MTX 202610,0.4257245123344109,True,True
2026-10-02,202610,2026-10-21,38400.0,C,10270.0,settlement,10270.0,10230.0,10300.0,19,0.052054794520547946,MTX,48669.0,202610,same expiry MTX 202610,0.40371296006119256,False,False
2026-10-02,202610,2026-10-21,38400.0,P,9.4,settlement,9.4,9.2,10.0,19,0.052054794520547946,MTX,48669.0,202610,same expiry MTX 202610,0.42209214684914803,True,True
2026-10-02,202610,2026-10-21,38500.0,C,10180.0,settlement,10180.0,10140.0,10200.0,19,0.052054794520547946,MTX,48669.0,202610,same expiry MTX 202610,0.4472434116455105,False,False
2026-10-02,202610,2026-10-21,38500.0,P,9.6,settlement,9.6,9.5,10.5,19,0.052054794520547946,MTX,48669.0,202610,same expiry MTX 202610,0.41897051747937464,True,True
2026-10-02,202610,2026-10-21,38600.0,C,10080.0,settlement,10080.0,10040.0,10100.0,19,0.052054794520547946,MTX,48669.0,202610,same expiry MTX 202610,0.44267264224419967,False,False
2026-10-02,202610,2026-10-21,38600.0,P,10.0,settlement,10.0,9.7,10.5,19,0.052054794520547946,MTX,48669.0,202610,same expiry MTX 202610,0.4168215403066432,True,True
2026-10-02,202610,2026-10-21,38700.0,C,9980.0,settlement,9980.0,9940.0,10000.0,19,0.052054794520547946,MTX,48669.0,202610,same expiry MTX 202610,0.43811208459675033,False,False
2026-10-02,202610,2026-10-21,38700.0,P,10.5,settlement,10.5,9.8,11.0,19,0.052054794520547946,MTX,48669.0,202610,same expiry MTX 202610,0.41506735125939903,True,True
2026-10-02,202610,2026-10-21,38800.0,C,9880.0,settlement,9880.0,9840.0,9900.0,19,0.052054794520547946,MTX,48669.0,202610,same expiry MTX 202610,0.43356164968219,False,False
2026-10-02,202610,2026-10-21,38800.0,P,10.5,settlement,10.5,10.0,11.0,19,0.052054794520547946,MTX,48669.0,202610,same expiry MTX 202610,0.41088781639832844,True,True
2026-10-02,202610,2026-10-21,38900.0,C,9780.0,settlement,9780.0,9740.0,9800.0,19,0.052054794520547946,MTX,48669.0,202610,same expiry MTX 202610,0.42902124824350274,False,False
2026-10-02,202610,2026-10-21,38900.0,P,10.5,settlement,10.5,10.5,11.5,19,0.052054794520547946,MTX,48669.0,202610,same expiry MTX 202610,0.40671562301325825,True,True
2026-10-02,202610,2026-10-21,39000.0,C,9680.0,settlement,9680.0,9640.0,9700.0,19,0.052054794520547946,MTX,48669.0,202610,same expiry MTX 202610,0.42449079075640694,False,False
2026-10-02,202610,2026-10-21,39000.0,P,11.0,settlement,11.0,10.5,11.5,19,0.052054794520547946,MTX,48669.0,202610,same expiry MTX 202610,0.4048258356995935,True,True
2026-10-02,202610,2026-10-21,39100.0,C,9580.0,settlement,9580.0,9550.0,9610.0,19,0.052054794520547946,MTX,48669.0,202610,same expiry MTX 202610,0.41997018739691705,False,False
2026-10-02,202610,2026-10-21,39100.0,P,11.0,settlement,11.0,11.0,12.0,19,0.052054794520547946,MTX,48669.0,202610,same expiry MTX 202610,0.4006487202561872,True,True
2026-10-02,202610,2026-10-21,39200.0,C,9480.0,settlement,9480.0,9440.0,9500.0,19,0.052054794520547946,MTX,48669.0,202610,same expiry MTX 202610,0.41545934800796297,False,False
2026-10-02,202610,2026-10-21,39200.0,P,11.5,settlement,11.5,11.0,12.0,19,0.052054794520547946,MTX,48669.0,202610,same expiry MTX 202610,0.3986452655888324,True,True
2026-10-02,202610,2026-10-21,39300.0,C,9380.0,settlement,9380.0,9340.0,9400.0,19,0.052054794520547946,MTX,48669.0,202610,same expiry MTX 202610,0.41095818206437335,False,False
2026-10-02,202610,2026-10-21,39300.0,P,11.5,settlement,11.5,11.5,12.5,19,0.052054794520547946,MTX,48669.0,202610,same expiry MTX 202610,0.394463560605083,True,True
2026-10-02,202610,2026-10-21,39400.0,C,9280.0,settlement,9280.0,9240.0,9300.0,19,0.052054794520547946,MTX,48669.0,202610,same expiry MTX 202610,0.4064665986367997,False,False
2026-10-02,202610,2026-10-21,39400.0,P,12.0,settlement,12.0,11.5,12.5,19,0.052054794520547946,MTX,48669.0,202610,same expiry MTX 202610,0.39235457962700354,True,True
2026-10-02,202610,2026-10-21,39500.0,C,9180.0,settlement,9180.0,9140.0,9200.0,19,0.052054794520547946,MTX,48669.0,202610,same expiry MTX 202610,0.4019845063541377,False,False
2026-10-02,202610,2026-10-21,39500.0,P,12.5,settlement,12.5,12.0,13.0,19,0.052054794520547946,MTX,48669.0,202610,same expiry MTX 202610,0.3901580177549228,True,True
2026-10-02,202610,2026-10-21,39600.0,C,9080.0,settlement,9080.0,9040.0,9100.0,19,0.052054794520547946,MTX,48669.0,202610,same expiry MTX 202610,0.3975118133642954,False,False
2026-10-02,202610,2026-10-21,39600.0,P,12.5,settlement,12.5,12.5,13.5,19,0.052054794520547946,MTX,48669.0,202610,same expiry MTX 202610,0.3859612330536319,True,True
2026-10-02,202610,2026-10-21,39700.0,C,8980.0,settlement,8980.0,8940.0,9010.0,19,0.052054794520547946,MTX,48669.0,202610,same expiry MTX 202610,0.39304842729337275,False,False
2026-10-02,202610,2026-10-21,39700.0,P,13.0,settlement,13.0,12.5,13.5,19,0.052054794520547946,MTX,48669.0,202610,same expiry MTX 202610,0.38367236408164246,True,True
2026-10-02,202610,2026-10-21,39800.0,C,8880.0,settlement,8880.0,8840.0,8910.0,19,0.052054794520547946,MTX,48669.0,202610,same expiry MTX 202610,0.3885942552030592,False,False
2026-10-02,202610,2026-10-21,39800.0,P,13.5,settlement,13.5,13.0,14.0,19,0.052054794520547946,MTX,48669.0,202610,same expiry MTX 202610,0.38130692586542625,True,True
2026-10-02,202610,2026-10-21,39900.0,C,8780.0,settlement,8780.0,8740.0,8800.0,19,0.052054794520547946,MTX,48669.0,202610,same expiry MTX 202610,0.38414920354778254,False,False
2026-10-02,202610,2026-10-21,39900.0,P,13.5,settlement,13.5,13.5,14.5,19,0.052054794520547946,MTX,48669.0,202610,same expiry MTX 202610,0.37709634275966714,True,True
2026-10-02,202610,2026-10-21,40000.0,C,8680.0,settlement,8680.0,8650.0,8710.0,19,0.052054794520547946,MTX,48669.0,202610,same expiry MTX 202610,0.3797131781253992,False,False
2026-10-02,202610,2026-10-21,40000.0,P,14.5,settlement,14.5,13.5,16.0,19,0.052054794520547946,MTX,48669.0,202610,same expiry MTX 202610,0.37636384309866955,True,True
2026-10-02,202610,2026-10-21,40100.0,C,8580.0,settlement,8580.0,8550.0,8610.0,19,0.052054794520547946,MTX,48669.0,202610,same expiry MTX 202610,0.3752860840316685,False,False
2026-10-02,202610,2026-10-21,40100.0,P,14.5,settlement,14.5,14.0,15.0,19,0.052054794520547946,MTX,48669.0,202610,same expiry MTX 202610,0.3721342496353299,True,True
2026-10-02,202610,2026-10-21,40200.0,C,8480.0,settlement,8480.0,8450.0,8510.0,19,0.052054794520547946,MTX,48669.0,202610,same expiry MTX 202610,0.37086782560845083,False,False
2026-10-02,202610,2026-10-21,40200.0,P,15.0,settlement,15.0,14.5,15.5,19,0.052054794520547946,MTX,48669.0,202610,same expiry MTX 202610,0.36955528141490934,True,True
2026-10-02,202610,2026-10-21,40300.0,C,8380.0,settlement,8380.0,8350.0,8410.0,19,0.052054794520547946,MTX,48669.0,202610,same expiry MTX 202610,0.3664583063910641,False,False
2026-10-02,202610,2026-10-21,40300.0,P,15.0,settlement,15.0,14.5,16.0,19,0.052054794520547946,MTX,48669.0,202610,same expiry MTX 202610,0.36532269535399287,True,True
2026-10-02,202610,2026-10-21,40400.0,C,8280.0,settlement,8280.0,8250.0,8310.0,19,0.052054794520547946,MTX,48669.0,202610,same expiry MTX 202610,0.3620574290528165,False,False
2026-10-02,202610,2026-10-21,40400.0,P,15.5,settlement,15.5,15.0,16.0,19,0.052054794520547946,MTX,48669.0,202610,same expiry MTX 202610,0.36267408942046403,True,True
2026-10-02,202610,2026-10-21,40500.0,C,8180.0,settlement,8180.0,8150.0,8210.0,19,0.052054794520547946,MTX,48669.0,202610,same expiry MTX 202610,0.3576650953472354,False,False
2026-10-02,202610,2026-10-21,40500.0,P,16.0,settlement,16.0,15.5,16.5,19,0.052054794520547946,MTX,48669.0,202610,same expiry MTX 202610,0.35996799254362144,True,True
2026-10-02,202610,2026-10-21,40600.0,C,8080.0,settlement,8080.0,8050.0,8110.0,19,0.052054794520547946,MTX,48669.0,202610,same expiry MTX 202610,0.353281206046196,False,False
2026-10-02,202610,2026-10-21,40600.0,P,16.5,settlement,16.5,16.0,17.0,19,0.052054794520547946,MTX,48669.0,202610,same expiry MTX 202610,0.35720714392297714,True,True
2026-10-02,202610,2026-10-21,40700.0,C,7980.0,settlement,7980.0,7950.0,8010.0,19,0.052054794520547946,MTX,48669.0,202610,same expiry MTX 202610,0.34890566087701,False,False
2026-10-02,202610,2026-10-21,40700.0,P,16.5,settlement,16.5,16.0,17.5,19,0.052054794520547946,MTX,48669.0,202610,same expiry MTX 202610,0.3529542238728413,True,True
2026-10-02,202610,2026-10-21,40800.0,C,7880.0,settlement,7880.0,7850.0,7900.0,19,0.052054794520547946,MTX,48669.0,202610,same expiry MTX 202610,0.34453835845451647,False,False
2026-10-02,202610,2026-10-21,40800.0,P,17.0,settlement,17.0,16.5,17.5,19,0.052054794520547946,MTX,48669.0,202610,same expiry MTX 202610,0.3501327906385385,True,True
2026-10-02,202610,2026-10-21,40900.0,C,7780.0,settlement,7780.0,7750.0,7810.0,19,0.052054794520547946,MTX,48669.0,202610,same expiry MTX 202610,0.3401791962104715,False,False
2026-10-02,202610,2026-10-21,40900.0,P,17.5,settlement,17.5,17.0,18.0,19,0.052054794520547946,MTX,48669.0,202610,same expiry MTX 202610,0.3472615949607847,True,True
2026-10-02,202610,2026-10-21,41000.0,C,7690.0,settlement,7690.0,7650.0,7710.0,19,0.052054794520547946,MTX,48669.0,202610,same expiry MTX 202610,0.36100682865579076,False,False
2026-10-02,202610,2026-10-21,41000.0,P,18.5,settlement,18.5,17.5,19.0,19,0.052054794520547946,MTX,48669.0,202610,same expiry MTX 202610,0.3456634774669993,True,True
2026-10-02,202610,2026-10-21,41100.0,C,7590.0,settlement,7590.0,7550.0,7610.0,19,0.052054794520547946,MTX,48669.0,202610,same expiry MTX 202610,0.3564612900763615,False,False
2026-10-02,202610,2026-10-21,41100.0,P,18.5,settlement,18.5,18.0,19.5,19,0.052054794520547946,MTX,48669.0,202610,same expiry MTX 202610,0.3413781587182408,True,True
2026-10-02,202610,2026-10-21,41200.0,C,7490.0,settlement,7490.0,7450.0,7510.0,19,0.052054794520547946,MTX,48669.0,202610,same expiry MTX 202610,0.3519226956993737,False,False
2026-10-02,202610,2026-10-21,41200.0,P,18.5,settlement,18.5,18.0,19.5,19,0.052054794520547946,MTX,48669.0,202610,same expiry MTX 202610,0.33709784783669283,True,True
2026-10-02,202610,2026-10-21,41300.0,C,7390.0,settlement,7390.0,7360.0,7420.0,19,0.052054794520547946,MTX,48669.0,202610,same expiry MTX 202610,0.3473909176180603,False,False
2026-10-02,202610,2026-10-21,41300.0,P,19.0,settlement,19.0,18.5,20.0,19,0.052054794520547946,MTX,48669.0,202610,same expiry MTX 202610,0.33408144609162127,True,True
2026-10-02,202610,2026-10-21,41400.0,C,7290.0,settlement,7290.0,7260.0,7310.0,19,0.052054794520547946,MTX,48669.0,202610,same expiry MTX 202610,0.34286582580475133,False,False
2026-10-02,202610,2026-10-21,41400.0,P,19.5,settlement,19.5,19.0,20.0,19,0.052054794520547946,MTX,48669.0,202610,same expiry MTX 202610,0.3310228619270995,True,True
2026-10-02,202610,2026-10-21,41500.0,C,7190.0,settlement,7190.0,7160.0,7210.0,19,0.052054794520547946,MTX,48669.0,202610,same expiry MTX 202610,0.33834728799147035,False,False
2026-10-02,202610,2026-10-21,41500.0,P,20.0,settlement,20.0,19.5,20.5,19,0.052054794520547946,MTX,48669.0,202610,same expiry MTX 202610,0.32792360863422493,True,True
2026-10-02,202610,2026-10-21,41600.0,C,7090.0,settlement,7090.0,7060.0,7120.0,19,0.052054794520547946,MTX,48669.0,202610,same expiry MTX 202610,0.3338351695429111,False,False
2026-10-02,202610,2026-10-21,41600.0,P,20.5,settlement,20.5,20.0,21.0,19,0.052054794520547946,MTX,48669.0,202610,same expiry MTX 202610,0.32478508736408784,True,True
2026-10-02,202610,2026-10-21,41700.0,C,6990.0,settlement,6990.0,6960.0,7020.0,19,0.052054794520547946,MTX,48669.0,202610,same expiry MTX 202610,0.3293293333166263,False,False
2026-10-02,202610,2026-10-21,41700.0,P,21.0,settlement,21.0,20.5,21.5,19,0.052054794520547946,MTX,48669.0,202610,same expiry MTX 202610,0.32160859646239354,True,True
2026-10-02,202610,2026-10-21,41800.0,C,6890.0,settlement,6890.0,6870.0,6920.0,19,0.052054794520547946,MTX,48669.0,202610,same expiry MTX 202610,0.3248296395234003,False,False
2026-10-02,202610,2026-10-21,41800.0,P,21.5,settlement,21.5,21.0,22.0,19,0.052054794520547946,MTX,48669.0,202610,same expiry MTX 202610,0.3183953397372576,True,True
2026-10-02,202610,2026-10-21,41900.0,C,6790.0,settlement,6790.0,6760.0,6810.0,19,0.052054794520547946,MTX,48669.0,202610,same expiry MTX 202610,0.3203359455720937,False,False
2026-10-02,202610,2026-10-21,41900.0,P,22.0,settlement,22.0,21.5,22.5,19,0.052054794520547946,MTX,48669.0,202610,same expiry MTX 202610,0.3151464337977541,True,True
2026-10-02,202610,2026-10-21,42000.0,C,6690.0,settlement,6690.0,6660.0,6710.0,19,0.052054794520547946,MTX,48669.0,202610,same expiry MTX 202610,0.3158481059077332,False,False
2026-10-02,202610,2026-10-21,42000.0,P,23.0,settlement,23.0,22.0,23.0,19,0.052054794520547946,MTX,48669.0,202610,same expiry MTX 202610,0.3128945877451195,True,True
2026-10-02,202610,2026-10-21,42100.0,C,6590.0,settlement,6590.0,6560.0,6610.0,19,0.052054794520547946,MTX,48669.0,202610,same expiry MTX 202610,0.3113659718381377,False,False
2026-10-02,202610,2026-10-21,42100.0,P,23.0,settlement,23.0,22.5,23.5,19,0.052054794520547946,MTX,48669.0,202610,same expiry MTX 202610,0.30854574315863875,True,True
2026-10-02,202610,2026-10-21,42200.0,C,6490.0,settlement,6490.0,6460.0,6510.0,19,0.052054794520547946,MTX,48669.0,202610,same expiry MTX 202610,0.3068893913508059,False,False
2026-10-02,202610,2026-10-21,42200.0,P,23.5,settlement,23.5,23.0,24.0,19,0.052054794520547946,MTX,48669.0,202610,same expiry MTX 202610,0.30519581093473064,True,True
2026-10-02,202610,2026-10-21,42300.0,C,6390.0,settlement,6390.0,6360.0,6410.0,19,0.052054794520547946,MTX,48669.0,202610,same expiry MTX 202610,0.30241820891601506,False,False
2026-10-02,202610,2026-10-21,42300.0,P,23.5,settlement,23.5,23.5,24.5,19,0.052054794520547946,MTX,48669.0,202610,same expiry MTX 202610,0.30084282781809857,True,True
2026-10-02,202610,2026-10-21,42400.0,C,6290.0,settlement,6290.0,6270.0,6320.0,19,0.052054794520547946,MTX,48669.0,202610,same expiry MTX 202610,0.297952265277183,False,False
2026-10-02,202610,2026-10-21,42400.0,P,24.5,settlement,24.5,24.0,25.0,19,0.052054794520547946,MTX,48669.0,202610,same expiry MTX 202610,0.2984009085717442,True,True
2026-10-02,202610,2026-10-21,42500.0,C,6190.0,settlement,6190.0,6170.0,6210.0,19,0.052054794520547946,MTX,48669.0,202610,same expiry MTX 202610,0.2934913972276601,False,False
2026-10-02,202610,2026-10-21,42500.0,P,24.5,settlement,24.5,24.5,25.5,19,0.052054794520547946,MTX,48669.0,202610,same expiry MTX 202610,0.29403252104553573,True,True
2026-10-02,202610,2026-10-21,42600.0,C,6090.0,settlement,6090.0,6070.0,6120.0,19,0.052054794520547946,MTX,48669.0,202610,same expiry MTX 202610,0.28903543737120935,False,False
2026-10-02,202610,2026-10-21,42600.0,P,25.5,settlement,25.5,25.0,26.0,19,0.052054794520547946,MTX,48669.0,202610,same expiry MTX 202610,0.29148410909318606,True,True
2026-10-02,202610,2026-10-21,42700.0,C,5990.0,settlement,5990.0,5970.0,6010.0,19,0.052054794520547946,MTX,48669.0,202610,same expiry MTX 202610,0.28458421386563626,False,False
2026-10-02,202610,2026-10-21,42700.0,P,26.0,settlement,26.0,25.5,26.5,19,0.052054794520547946,MTX,48669.0,202610,same expiry MTX 202610,0.28798160289957414,True,True
2026-10-02,202610,2026-10-21,42800.0,C,5900.0,settlement,5900.0,5870.0,5920.0,19,0.052054794520547946,MTX,48669.0,202610,same expiry MTX 202610,0.29638533223150104,False,False
2026-10-02,202610,2026-10-21,42800.0,P,26.5,settlement,26.5,26.5,27.5,19,0.052054794520547946,MTX,48669.0,202610,same expiry MTX 202610,0.28445044844464235,True,True
2026-10-02,202610,2026-10-21,42900.0,C,5800.0,settlement,5800.0,5770.0,5820.0,19,0.052054794520547946,MTX,48669.0,202610,same expiry MTX 202610,0.2917705922561226,False,False
2026-10-02,202610,2026-10-21,42900.0,P,27.5,settlement,27.5,27.0,28.0,19,0.052054794520547946,MTX,48669.0,202610,same expiry MTX 202610,0.28172213709904087,True,True
2026-10-02,202610,2026-10-21,43000.0,C,5700.0,settlement,5700.0,5670.0,5720.0,19,0.052054794520547946,MTX,48669.0,202610,same expiry MTX 202610,0.2871592435325673,False,False
2026-10-02,202610,2026-10-21,43000.0,P,28.0,settlement,28.0,27.5,28.5,19,0.052054794520547946,MTX,48669.0,202610,same expiry MTX 202610,0.2781160285276741,True,True
2026-10-02,202610,2026-10-21,43100.0,C,5600.0,settlement,5600.0,5570.0,5620.0,19,0.052054794520547946,MTX,48669.0,202610,same expiry MTX 202610,0.28255107098392857,False,False
2026-10-02,202610,2026-10-21,43100.0,P,29.0,settlement,29.0,28.5,29.5,19,0.052054794520547946,MTX,48669.0,202610,same expiry MTX 202610,0.27526786539999953,True,True
2026-10-02,202610,2026-10-21,43200.0,C,5500.0,settlement,5500.0,5470.0,5520.0,19,0.052054794520547946,MTX,48669.0,202610,same expiry MTX 202610,0.27794585262249216,False,False
2026-10-02,202610,2026-10-21,43200.0,P,29.5,settlement,29.5,29.0,30.5,19,0.052054794520547946,MTX,48669.0,202610,same expiry MTX 202610,0.2715908770652266,True,True
2026-10-02,202610,2026-10-21,43300.0,C,5400.0,settlement,5400.0,5370.0,5420.0,19,0.052054794520547946,MTX,48669.0,202610,same expiry MTX 202610,0.27334335909998686,False,False
2026-10-02,202610,2026-10-21,43300.0,P,31.0,settlement,31.0,30.0,31.0,19,0.052054794520547946,MTX,48669.0,202610,same expiry MTX 202610,0.2693649126551838,True,True
2026-10-02,202610,2026-10-21,43400.0,C,5300.0,settlement,5300.0,5280.0,5320.0,19,0.052054794520547946,MTX,48669.0,202610,same expiry MTX 202610,0.26874335322075055,False,False
2026-10-02,202610,2026-10-21,43400.0,P,31.5,settlement,31.5,31.0,32.0,19,0.052054794520547946,MTX,48669.0,202610,same expiry MTX 202610,0.2656041303708584,True,True
2026-10-02,202610,2026-10-21,43500.0,C,5200.0,settlement,5200.0,5180.0,5530.0,19,0.052054794520547946,MTX,48669.0,202610,same expiry MTX 202610,0.2641455894150612,False,False
2026-10-02,202610,2026-10-21,43500.0,P,32.5,settlement,32.5,32.0,33.0,19,0.052054794520547946,MTX,48669.0,202610,same expiry MTX 202610,0.2625148798713542,True,True
2026-10-02,202610,2026-10-21,43600.0,C,5100.0,settlement,5100.0,4990.0,5160.0,19,0.052054794520547946,MTX,48669.0,202610,same expiry MTX 202610,0.25954981316841896,False,False
2026-10-02,202610,2026-10-21,43600.0,P,33.0,settlement,33.0,33.0,34.0,19,0.052054794520547946,MTX,48669.0,202610,same expiry MTX 202610,0.25869028681580764,True,True
2026-10-02,202610,2026-10-21,43700.0,C,5000.0,settlement,5000.0,4880.0,5330.0,19,0.052054794520547946,MTX,48669.0,202610,same expiry MTX 202610,0.2549557604017402,False,False
2026-10-02,202610,2026-10-21,43700.0,P,34.0,settlement,34.0,34.0,35.0,19,0.052054794520547946,MTX,48669.0,202610,same expiry MTX 202610,0.2555017520704565,True,True
2026-10-02,202610,2026-10-21,43800.0,C,4910.0,settlement,4910.0,4820.0,5230.0,19,0.052054794520547946,MTX,48669.0,202610,same expiry MTX 202610,0.2624385911675033,False,False
2026-10-02,202610,2026-10-21,43800.0,P,36.0,settlement,36.0,35.5,36.5,19,0.052054794520547946,MTX,48669.0,202610,same expiry MTX 202610,0.2535190251853393,True,True
2026-10-02,202610,2026-10-21,43900.0,C,4810.0,settlement,4810.0,4600.0,5120.0,19,0.052054794520547946,MTX,48669.0,202610,same expiry MTX 202610,0.25769726830168715,False,False
2026-10-02,202610,2026-10-21,43900.0,P,36.5,settlement,36.5,36.5,37.5,19,0.052054794520547946,MTX,48669.0,202610,same expiry MTX 202610,0.24956840842236952,True,True
2026-10-02,202610,2026-10-21,44000.0,C,4710.0,settlement,4710.0,4680.0,5040.0,19,0.052054794520547946,MTX,48669.0,202610,same expiry MTX 202610,0.25295602619676366,False,False
2026-10-02,202610,2026-10-21,44000.0,P,39.5,settlement,39.5,38.0,39.5,19,0.052054794520547946,MTX,48669.0,202610,same expiry MTX 202610,0.24853920061984713,True,True
2026-10-02,202610,2026-10-21,44100.0,C,4610.0,settlement,4610.0,4520.0,4920.0,19,0.052054794520547946,MTX,48669.0,202610,same expiry MTX 202610,0.24821452824361542,False,False
2026-10-02,202610,2026-10-21,44100.0,P,40.0,settlement,40.0,40.0,41.0,19,0.052054794520547946,MTX,48669.0,202610,same expiry MTX 202610,0.24448143504658562,True,True
2026-10-02,202610,2026-10-21,44200.0,C,4510.0,settlement,4510.0,4490.0,4530.0,19,0.052054794520547946,MTX,48669.0,202610,same expiry MTX 202610,0.24347242289661397,False,False
2026-10-02,202610,2026-10-21,44200.0,P,41.5,settlement,41.5,41.0,42.5,19,0.052054794520547946,MTX,48669.0,202610,same expiry MTX 202610,0.24150226702225197,True,True
2026-10-02,202610,2026-10-21,44300.0,C,4410.0,settlement,4410.0,4390.0,4430.0,19,0.052054794520547946,MTX,48669.0,202610,same expiry MTX 202610,0.23872934252348219,False,False
2026-10-02,202610,2026-10-21,44300.0,P,43.5,settlement,43.5,43.0,44.5,19,0.052054794520547946,MTX,48669.0,202610,same expiry MTX 202610,0.23896704736628294,True,True
2026-10-02,202610,2026-10-21,44400.0,C,4320.0,settlement,4320.0,4290.0,4330.0,19,0.052054794520547946,MTX,48669.0,202610,same expiry MTX 202610,0.24375901276373946,False,False
2026-10-02,202610,2026-10-21,44400.0,P,46.5,settlement,46.5,45.0,46.5,19,0.052054794520547946,MTX,48669.0,202610,same expiry MTX 202610,0.23731667652477953,True,True
2026-10-02,202610,2026-10-21,44500.0,C,4220.0,settlement,4220.0,3920.0,4530.0,19,0.052054794520547946,MTX,48669.0,202610,same expiry MTX 202610,0.2388795681277519,False,False
2026-10-02,202610,2026-10-21,44500.0,P,48.0,settlement,48.0,47.0,48.5,19,0.052054794520547946,MTX,48669.0,202610,same expiry MTX 202610,0.23403515866779057,True,True
2026-10-02,202610,2026-10-21,44600.0,C,4120.0,settlement,4120.0,4090.0,4440.0,19,0.052054794520547946,MTX,48669.0,202610,same expiry MTX 202610,0.2339971517324949,False,False
2026-10-02,202610,2026-10-21,44600.0,P,51.0,settlement,51.0,49.5,51.0,19,0.052054794520547946,MTX,48669.0,202610,same expiry MTX 202610,0.23207258986077445,True,True
2026-10-02,202610,2026-10-21,44700.0,C,4020.0,settlement,4020.0,3990.0,4350.0,19,0.052054794520547946,MTX,48669.0,202610,same expiry MTX 202610,0.22911128676600812,False,False
2026-10-02,202610,2026-10-21,44700.0,P,52.0,settlement,52.0,52.0,54.0,19,0.052054794520547946,MTX,48669.0,202610,same expiry MTX 202610,0.22816177190204048,True,True
2026-10-02,202610,2026-10-21,44800.0,C,3930.0,settlement,3930.0,3730.0,4250.0,19,0.052054794520547946,MTX,48669.0,202610,same expiry MTX 202610,0.23255326582459424,False,False
2026-10-02,202610,2026-10-21,44800.0,P,55.0,settlement,55.0,55.0,57.0,19,0.052054794520547946,MTX,48669.0,202610,same expiry MTX 202610,0.22593954917297787,True,True
2026-10-02,202610,2026-10-21,44900.0,C,3830.0,settlement,3830.0,3800.0,4160.0,19,0.052054794520547946,MTX,48669.0,202610,same expiry MTX 202610,0.22753836008211223,False,False
2026-10-02,202610,2026-10-21,44900.0,P,59.0,settlement,59.0,58.0,60.0,19,0.052054794520547946,MTX,48669.0,202610,same expiry MTX 202610,0.22437480190241807,True,True
2026-10-02,202610,2026-10-21,45000.0,C,3730.0,settlement,3730.0,3530.0,4060.0,19,0.052054794520547946,MTX,48669.0,202610,same expiry MTX 202610,0.22251762995969288,False,False
2026-10-02,202610,2026-10-21,45000.0,P,62.0,settlement,62.0,61.0,62.0,19,0.052054794520547946,MTX,48669.0,202610,same expiry MTX 202610,0.22181136783965424,True,True
2026-10-02,202610,2026-10-21,45100.0,C,3640.0,settlement,3640.0,3610.0,3650.0,19,0.052054794520547946,MTX,48669.0,202610,same expiry MTX 202610,0.2248228913387736,False,False
2026-10-02,202610,2026-10-21,45100.0,P,65.0,settlement,65.0,64.0,67.0,19,0.052054794520547946,MTX,48669.0,202610,same expiry MTX 202610,0.21910926391130575,True,True
2026-10-02,202610,2026-10-21,45200.0,C,3540.0,settlement,3540.0,3520.0,3550.0,19,0.052054794520547946,MTX,48669.0,202610,same expiry MTX 202610,0.21967781161153668,False,False
2026-10-02,202610,2026-10-21,45200.0,P,69.0,settlement,69.0,68.0,71.0,19,0.052054794520547946,MTX,48669.0,202610,same expiry MTX 202610,0.2169930782832984,True,True
2026-10-02,202610,2026-10-21,45300.0,C,3440.0,settlement,3440.0,3420.0,3460.0,19,0.052054794520547946,MTX,48669.0,202610,same expiry MTX 202610,0.21452412215999858,False,False
2026-10-02,202610,2026-10-21,45300.0,P,77.0,settlement,77.0,73.0,75.0,19,0.052054794520547946,MTX,48669.0,202610,same expiry MTX 202610,0.2173940832503725,True,True
2026-10-02,202610,2026-10-21,45400.0,C,3350.0,settlement,3350.0,3330.0,3360.0,19,0.052054794520547946,MTX,48669.0,202610,same expiry MTX 202610,0.21589473048006608,False,False
2026-10-02,202610,2026-10-21,45400.0,P,80.0,settlement,80.0,77.0,80.0,19,0.052054794520547946,MTX,48669.0,202610,same expiry MTX 202610,0.214169795045329,True,True
2026-10-02,202610,2026-10-21,45500.0,C,3260.0,settlement,3260.0,3020.0,3580.0,19,0.052054794520547946,MTX,48669.0,202610,same expiry MTX 202610,0.21668397348199592,False,False
2026-10-02,202610,2026-10-21,45500.0,P,85.0,settlement,85.0,83.0,86.0,19,0.052054794520547946,MTX,48669.0,202610,same expiry MTX 202610,0.21207405222745168,True,True
2026-10-02,202610,2026-10-21,45600.0,C,3160.0,settlement,3160.0,3000.0,3200.0,19,0.052054794520547946,MTX,48669.0,202610,same expiry MTX 202610,0.21129915552781595,False,False
2026-10-02,202610,2026-10-21,45600.0,P,90.0,settlement,90.0,88.0,91.0,19,0.052054794520547946,MTX,48669.0,202610,same expiry MTX 202610,0.20977911167207627,True,True
2026-10-02,202610,2026-10-21,45700.0,C,3070.0,settlement,3070.0,2950.0,3380.0,19,0.052054794520547946,MTX,48669.0,202610,same expiry MTX 202610,0.21148694236972845,False,False
2026-10-02,202610,2026-10-21,45700.0,P,96.0,settlement,96.0,96.0,97.0,19,0.052054794520547946,MTX,48669.0,202610,same expiry MTX 202610,0.20786042099273022,True,True
2026-10-02,202610,2026-10-21,45800.0,C,2970.0,settlement,2970.0,2770.0,3300.0,19,0.052054794520547946,MTX,48669.0,202610,same expiry MTX 202610,0.20598257043338658,False,False
2026-10-02,202610,2026-10-21,45800.0,P,103.0,settlement,103.0,101.0,106.0,19,0.052054794520547946,MTX,48669.0,202610,same expiry MTX 202610,0.20625456976311818,True,True
2026-10-02,202610,2026-10-21,45900.0,C,2880.0,settlement,2880.0,2860.0,2890.0,19,0.052054794520547946,MTX,48669.0,202610,same expiry MTX 202610,0.2056358811448481,False,False
2026-10-02,202610,2026-10-21,45900.0,P,114.0,settlement,114.0,109.0,114.0,19,0.052054794520547946,MTX,48669.0,202610,same expiry MTX 202610,0.2064242232665569,True,True
2026-10-02,202610,2026-10-21,46000.0,C,2790.0,settlement,2790.0,2460.0,2960.0,19,0.052054794520547946,MTX,48669.0,202610,same expiry MTX 202610,0.204907029030046,False,False
2026-10-02,202610,2026-10-21,46000.0,P,120.0,settlement,120.0,116.0,120.0,19,0.052054794520547946,MTX,48669.0,202610,same expiry MTX 202610,0.203752919349501,True,True
2026-10-02,202610,2026-10-21,46100.0,C,2700.0,settlement,2700.0,2390.0,2890.0,19,0.052054794520547946,MTX,48669.0,202610,same expiry MTX 202610,0.2038324034717664,False,False
2026-10-02,202610,2026-10-21,46100.0,P,129.0,settlement,129.0,126.0,130.0,19,0.052054794520547946,MTX,48669.0,202610,same expiry MTX 202610,0.20229572768996662,True,True
2026-10-02,202610,2026-10-21,46200.0,C,2610.0,settlement,2610.0,2300.0,2710.0,19,0.052054794520547946,MTX,48669.0,202610,same expiry MTX 202610,0.20244091519604798,False,False
2026-10-02,202610,2026-10-21,46200.0,P,137.0,settlement,137.0,135.0,139.0,19,0.052054794520547946,MTX,48669.0,202610,same expiry MTX 202610,0.20011070507900341,True,True
2026-10-02,202610,2026-10-21,46300.0,C,2520.0,settlement,2520.0,2400.0,2840.0,19,0.052054794520547946,MTX,48669.0,202610,same expiry MTX 202610,0.2007557805394423,False,False
2026-10-02,202610,2026-10-21,46300.0,P,151.0,settlement,151.0,146.0,152.0,19,0.052054794520547946,MTX,48669.0,202610,same expiry MTX 202610,0.20023806531502844,True,True
2026-10-02,202610,2026-10-21,46400.0,C,2430.0,settlement,2430.0,2410.0,2550.0,19,0.052054794520547946,MTX,48669.0,202610,same expiry MTX 202610,0.19879576535255467,False,False
2026-10-02,202610,2026-10-21,46400.0,P,159.0,settlement,159.0,158.0,162.0,19,0.052054794520547946,MTX,48669.0,202610,same expiry MTX 202610,0.19751043544893784,True,True
2026-10-02,202610,2026-10-21,46500.0,C,2340.0,settlement,2340.0,2320.0,2360.0,19,0.052054794520547946,MTX,48669.0,202610,same expiry MTX 202610,0.1965760708782729,False,False
2026-10-02,202610,2026-10-21,46500.0,P,175.0,settlement,175.0,171.0,177.0,19,0.052054794520547946,MTX,48669.0,202610,same expiry MTX 202610,0.19768530584734367,True,True
2026-10-02,202610,2026-10-21,46600.0,C,2260.0,settlement,2260.0,2240.0,2270.0,19,0.052054794520547946,MTX,48669.0,202610,same expiry MTX 202610,0.19781063837534743,False,False
2026-10-02,202610,2026-10-21,46600.0,P,183.0,settlement,183.0,185.0,191.0,19,0.052054794520547946,MTX,48669.0,202610,same expiry MTX 202610,0.19445353657605693,True,True
2026-10-02,202610,2026-10-21,46700.0,C,2170.0,settlement,2170.0,2150.0,2190.0,19,0.052054794520547946,MTX,48669.0,202610,same expiry MTX 202610,0.19498146552100773,False,False
2026-10-02,202610,2026-10-21,46700.0,P,208.0,settlement,208.0,201.0,207.0,19,0.052054794520547946,MTX,48669.0,202610,same expiry MTX 202610,0.19709205915361666,True,True
2026-10-02,202610,2026-10-21,46800.0,C,2090.0,settlement,2090.0,2060.0,2120.0,19,0.052054794520547946,MTX,48669.0,202610,same expiry MTX 202610,0.19534363528283538,False,False
2026-10-02,202610,2026-10-21,46800.0,P,219.0,settlement,219.0,218.0,223.0,19,0.052054794520547946,MTX,48669.0,202610,same expiry MTX 202610,0.19433417019108976,True,True
2026-10-02,202610,2026-10-21,46900.0,C,2010.0,settlement,2010.0,1980.0,2040.0,19,0.052054794520547946,MTX,48669.0,202610,same expiry MTX 202610,0.19524504535498685,False,False
2026-10-02,202610,2026-10-21,46900.0,P,238.0,settlement,238.0,235.0,241.0,19,0.052054794520547946,MTX,48669.0,202610,same expiry MTX 202610,0.19396763883917825,True,True
2026-10-02,202610,2026-10-21,47000.0,C,1930.0,settlement,1930.0,1910.0,1940.0,19,0.052054794520547946,MTX,48669.0,202610,same expiry MTX 202610,0.19472386133580696,False,False
2026-10-02,202610,2026-10-21,47000.0,P,259.0,settlement,259.0,254.0,260.0,19,0.052054794520547946,MTX,48669.0,202610,same expiry MTX 202610,0.19382485434462196,True,True
2026-10-02,202610,2026-10-21,47100.0,C,1850.0,settlement,1850.0,1830.0,1890.0,19,0.052054794520547946,MTX,48669.0,202610,same expiry MTX 202610,0.19380973083915393,False,False
2026-10-02,202610,2026-10-21,47100.0,P,277.0,settlement,277.0,275.0,282.0,19,0.052054794520547946,MTX,48669.0,202610,same expiry MTX 202610,0.1923510938452463,True,True
2026-10-02,202610,2026-10-21,47200.0,C,1770.0,settlement,1770.0,1750.0,1790.0,19,0.052054794520547946,MTX,48669.0,202610,same expiry MTX 202610,0.19252571101365,False,False
2026-10-02,202610,2026-10-21,47200.0,P,300.0,settlement,300.0,299.0,306.0,19,0.052054794520547946,MTX,48669.0,202610,same expiry MTX 202610,0.19200904580064065,True,True
2026-10-02,202610,2026-10-21,47300.0,C,1700.0,settlement,1700.0,1670.0,1730.0,19,0.052054794520547946,MTX,48669.0,202610,same expiry MTX 202610,0.1937207543968342,False,False
2026-10-02,202610,2026-10-21,47300.0,P,325.0,settlement,325.0,323.0,331.0,19,0.052054794520547946,MTX,48669.0,202610,same expiry MTX 202610,0.19182229718436028,True,True
2026-10-02,202610,2026-10-21,47400.0,C,1620.0,settlement,1620.0,1600.0,1640.0,19,0.052054794520547946,MTX,48669.0,202610,same expiry MTX 202610,0.19166956028065152,False,False
2026-10-02,202610,2026-10-21,47400.0,P,346.0,settlement,346.0,349.0,355.0,19,0.052054794520547946,MTX,48669.0,202610,same expiry MTX 202610,0.19011205375219994,True,True
2026-10-02,202610,2026-10-21,47500.0,C,1550.0,settlement,1550.0,1530.0,1560.0,19,0.052054794520547946,MTX,48669.0,202610,same expiry MTX 202610,0.1919698221337772,False,False
2026-10-02,202610,2026-10-21,47500.0,P,378.0,settlement,378.0,377.0,383.0,19,0.052054794520547946,MTX,48669.0,202610,same expiry MTX 202610,0.19100649565028335,True,True
2026-10-02,202610,2026-10-21,47600.0,C,1500.0,settlement,1500.0,1460.0,1490.0,19,0.052054794520547946,MTX,48669.0,202610,same expiry MTX 202610,0.19700091003286613,False,False
2026-10-02,202610,2026-10-21,47600.0,P,407.0,settlement,407.0,406.0,413.0,19,0.052054794520547946,MTX,48669.0,202610,same expiry MTX 202610,0.19063715419758676,True,True
2026-10-02,202610,2026-10-21,47700.0,C,1410.0,settlement,1410.0,1400.0,1420.0,19,0.052054794520547946,MTX,48669.0,202610,same expiry MTX 202610,0.19124984761509878,False,False
2026-10-02,202610,2026-10-21,47700.0,P,445.0,settlement,445.0,436.0,443.0,19,0.052054794520547946,MTX,48669.0,202610,same expiry MTX 202610,0.19213650266714227,True,True
2026-10-02,202610,2026-10-21,47800.0,C,1340.0,settlement,1340.0,1330.0,1350.0,19,0.052054794520547946,MTX,48669.0,202610,same expiry MTX 202610,0.19027125781277862,False,False
2026-10-02,202610,2026-10-21,47800.0,P,475.0,settlement,475.0,467.0,475.0,19,0.052054794520547946,MTX,48669.0,202610,same expiry MTX 202610,0.1911523721203876,True,True
2026-10-02,202610,2026-10-21,47900.0,C,1280.0,settlement,1280.0,1260.0,1280.0,19,0.052054794520547946,MTX,48669.0,202610,same expiry MTX 202610,0.1913346703955067,False,False
2026-10-02,202610,2026-10-21,47900.0,P,486.0,settlement,486.0,500.0,510.0,19,0.052054794520547946,MTX,48669.0,202610,same expiry MTX 202610,0.1851388318690496,True,True
2026-10-02,202610,2026-10-21,48000.0,C,1220.0,settlement,1220.0,1200.0,1220.0,19,0.052054794520547946,MTX,48669.0,202610,same expiry MTX 202610,0.19192888654376541,False,False
2026-10-02,202610,2026-10-21,48000.0,P,550.0,settlement,550.0,540.0,545.0,19,0.052054794520547946,MTX,48669.0,202610,same expiry MTX 202610,0.1916064720094273,True,True
2026-10-02,202610,2026-10-21,48100.0,C,1150.0,settlement,1150.0,1140.0,1160.0,19,0.052054794520547946,MTX,48669.0,202610,same expiry MTX 202610,0.18971946759882308,False,False
2026-10-02,202610,2026-10-21,48100.0,P,575.0,settlement,575.0,575.0,585.0,19,0.052054794520547946,MTX,48669.0,202610,same expiry MTX 202610,0.18823450560099445,True,True
2026-10-02,202610,2026-10-21,48200.0,C,1090.0,settlement,1090.0,1080.0,1100.0,19,0.052054794520547946,MTX,48669.0,202610,same expiry MTX 202610,0.18946579802538194,False,False
2026-10-02,202610,2026-10-21,48200.0,P,625.0,settlement,625.0,615.0,625.0,19,0.052054794520547946,MTX,48669.0,202610,same expiry MTX 202610,0.1903399784059564,True,True
2026-10-02,202610,2026-10-21,48300.0,C,1040.0,settlement,1040.0,1020.0,1040.0,19,0.052054794520547946,MTX,48669.0,202610,same expiry MTX 202610,0.19108921210029062,False,False
2026-10-02,202610,2026-10-21,48300.0,P,660.0,settlement,660.0,660.0,670.0,19,0.052054794520547946,MTX,48669.0,202610,same expiry MTX 202610,0.18851167896050577,True,True
2026-10-02,202610,2026-10-21,48400.0,C,980.0,settlement,980.0,970.0,980.0,19,0.052054794520547946,MTX,48669.0,202610,same expiry MTX 202610,0.18997114624158398,False,False
2026-10-02,202610,2026-10-21,48400.0,P,715.0,settlement,715.0,700.0,715.0,19,0.052054794520547946,MTX,48669.0,202610,same expiry MTX 202610,0.19085272659719635,True,True
2026-10-02,202610,2026-10-21,48500.0,C,925.0,settlement,925.0,915.0,930.0,19,0.052054794520547946,MTX,48669.0,202610,same expiry MTX 202610,0.1895749574444337,False,False
2026-10-02,202610,2026-10-21,48500.0,P,745.0,settlement,745.0,745.0,760.0,19,0.052054794520547946,MTX,48669.0,202610,same expiry MTX 202610,0.18705749277244593,True,True
2026-10-02,202610,2026-10-21,48600.0,C,860.0,settlement,860.0,865.0,875.0,19,0.052054794520547946,MTX,48669.0,202610,same expiry MTX 202610,0.18649155235624298,False,False
2026-10-02,202610,2026-10-21,48600.0,P,780.0,settlement,780.0,795.0,805.0,19,0.052054794520547946,MTX,48669.0,202610,same expiry MTX 202610,0.18399528524743228,True,True
2026-10-02,202610,2026-10-21,48700.0,C,820.0,settlement,820.0,815.0,825.0,19,0.052054794520547946,MTX,48669.0,202610,same expiry MTX 202610,0.18863539240447894,True,True
2026-10-02,202610,2026-10-21,48700.0,P,840.0,settlement,840.0,845.0,855.0,19,0.052054794520547946,MTX,48669.0,202610,same expiry MTX 202610,0.18615455887717347,False,False
2026-10-02,202610,2026-10-21,48800.0,C,775.0,settlement,775.0,765.0,775.0,19,0.052054794520547946,MTX,48669.0,202610,same expiry MTX 202610,0.18921794000124761,True,True
2026-10-02,202610,2026-10-21,48800.0,P,890.0,settlement,890.0,870.0,910.0,19,0.052054794520547946,MTX,48669.0,202610,same expiry MTX 202610,0.1856165303537273,False,False
2026-10-02,202610,2026-10-21,48900.0,C,720.0,settlement,720.0,720.0,730.0,19,0.052054794520547946,MTX,48669.0,202610,same expiry MTX 202610,0.1871077050560509,True,True
2026-10-02,202610,2026-10-21,48900.0,P,970.0,settlement,970.0,950.0,960.0,19,0.052054794520547946,MTX,48669.0,202610,same expiry MTX 202610,0.19144291486626067,False,False
2026-10-02,202610,2026-10-21,49000.0,C,675.0,settlement,675.0,675.0,685.0,19,0.052054794520547946,MTX,48669.0,202610,same expiry MTX 202610,0.1868276161083882,True,True
2026-10-02,202610,2026-10-21,49000.0,P,1010.0,settlement,1010.0,1000.0,1020.0,19,0.052054794520547946,MTX,48669.0,202610,same expiry MTX 202610,0.18777886525835114,False,False
2026-10-02,202610,2026-10-21,49100.0,C,640.0,settlement,640.0,630.0,645.0,19,0.052054794520547946,MTX,48669.0,202610,same expiry MTX 202610,0.18840979857511359,True,True
2026-10-02,202610,2026-10-21,49100.0,P,1080.0,settlement,1080.0,1060.0,1080.0,19,0.052054794520547946,MTX,48669.0,202610,same expiry MTX 202610,0.19052809526334574,False,False
2026-10-02,202610,2026-10-21,49200.0,C,600.0,settlement,600.0,590.0,600.0,19,0.052054794520547946,MTX,48669.0,202610,same expiry MTX 202610,0.18843274125999301,True,True
2026-10-02,202610,2026-10-21,49200.0,P,1130.0,settlement,1130.0,1120.0,1140.0,19,0.052054794520547946,MTX,48669.0,202610,same expiry MTX 202610,0.18826487685342283,False,False
2026-10-02,202610,2026-10-21,49300.0,C,590.0,settlement,590.0,555.0,565.0,19,0.052054794520547946,MTX,48669.0,202610,same expiry MTX 202610,0.19506285486268207,True,True
2026-10-02,202610,2026-10-21,49300.0,P,1190.0,settlement,1190.0,1180.0,1200.0,19,0.052054794520547946,MTX,48669.0,202610,same expiry MTX 202610,0.18787225490779988,False,False
2026-10-02,202610,2026-10-21,49400.0,C,540.0,settlement,540.0,515.0,525.0,19,0.052054794520547946,MTX,48669.0,202610,same expiry MTX 202610,0.19194899565641307,True,True
2026-10-02,202610,2026-10-21,49400.0,P,1250.0,settlement,1250.0,1240.0,1260.0,19,0.052054794520547946,MTX,48669.0,202610,same expiry MTX 202610,0.18704217066208212,False,False
2026-10-02,202610,2026-10-21,49500.0,C,488.0,settlement,488.0,484.0,492.0,19,0.052054794520547946,MTX,48669.0,202610,same expiry MTX 202610,0.18783384277574486,True,True
2026-10-02,202610,2026-10-21,49500.0,P,1330.0,settlement,1330.0,1310.0,1330.0,19,0.052054794520547946,MTX,48669.0,202610,same expiry MTX 202610,0.1905994888381056,False,False
2026-10-02,202610,2026-10-21,49600.0,C,479.0,settlement,479.0,450.0,457.0,19,0.052054794520547946,MTX,48669.0,202610,same expiry MTX 202610,0.19373344730555375,True,True
2026-10-02,202610,2026-10-21,49600.0,P,1360.0,settlement,1360.0,1370.0,1390.0,19,0.052054794520547946,MTX,48669.0,202610,same expiry MTX 202610,0.18151125150381273,False,False
2026-10-02,202610,2026-10-21,49700.0,C,426.0,settlement,426.0,417.0,425.0,19,0.052054794520547946,MTX,48669.0,202610,same expiry MTX 202610,0.18840679735861005,True,True
2026-10-02,202610,2026-10-21,49700.0,P,1450.0,settlement,1450.0,1440.0,1460.0,19,0.052054794520547946,MTX,48669.0,202610,same expiry MTX 202610,0.18677773942817671,False,False
2026-10-02,202610,2026-10-21,49800.0,C,408.0,settlement,408.0,387.0,395.0,19,0.052054794520547946,MTX,48669.0,202610,same expiry MTX 202610,0.19141504394573194,True,True
2026-10-02,202610,2026-10-21,49800.0,P,1520.0,settlement,1520.0,1510.0,1530.0,19,0.052054794520547946,MTX,48669.0,202610,same expiry MTX 202610,0.18667653066136414,False,False
2026-10-02,202610,2026-10-21,49900.0,C,366.0,settlement,366.0,361.0,367.0,19,0.052054794520547946,MTX,48669.0,202610,same expiry MTX 202610,0.18782845671839676,True,True
2026-10-02,202610,2026-10-21,49900.0,P,1590.0,settlement,1590.0,1570.0,1610.0,19,0.052054794520547946,MTX,48669.0,202610,same expiry MTX 202610,0.18614436842634696,False,False
2026-10-02,202610,2026-10-21,50000.0,C,337.0,settlement,337.0,333.0,340.0,19,0.052054794520547946,MTX,48669.0,202610,same expiry MTX 202610,0.18714835316894002,True,True
2026-10-02,202610,2026-10-21,50000.0,P,1660.0,settlement,1660.0,1650.0,1680.0,19,0.052054794520547946,MTX,48669.0,202610,same expiry MTX 202610,0.18515554308856735,False,False
2026-10-02,202610,2026-10-21,50100.0,C,325.0,settlement,325.0,308.0,315.0,19,0.052054794520547946,MTX,48669.0,202610,same expiry MTX 202610,0.19075460839498787,True,True
2026-10-02,202610,2026-10-21,50100.0,P,1740.0,settlement,1740.0,1720.0,1760.0,19,0.052054794520547946,MTX,48669.0,202610,same expiry MTX 202610,0.18649340851723295,False,False
2026-10-02,202610,2026-10-21,50200.0,C,291.0,settlement,291.0,286.0,292.0,19,0.052054794520547946,MTX,48669.0,202610,same expiry MTX 202610,0.18783721178216994,True,True
2026-10-02,202610,2026-10-21,50200.0,P,1820.0,settlement,1820.0,1800.0,1830.0,19,0.052054794520547946,MTX,48669.0,202610,same expiry MTX 202610,0.18748952131949945,False,False
2026-10-02,202610,2026-10-21,50300.0,C,271.0,settlement,271.0,262.0,269.0,19,0.052054794520547946,MTX,48669.0,202610,same expiry MTX 202610,0.18847388958390476,True,True
2026-10-02,202610,2026-10-21,50300.0,P,1890.0,settlement,1890.0,1880.0,1910.0,19,0.052054794520547946,MTX,48669.0,202610,same expiry MTX 202610,0.18513198648562357,False,False
2026-10-02,202610,2026-10-21,50400.0,C,249.0,settlement,249.0,243.0,249.0,19,0.052054794520547946,MTX,48669.0,202610,same expiry MTX 202610,0.18812002027470864,True,True
2026-10-02,202610,2026-10-21,50400.0,P,1980.0,settlement,1980.0,1960.0,1990.0,19,0.052054794520547946,MTX,48669.0,202610,same expiry MTX 202610,0.18839847359945597,False,False
2026-10-02,202610,2026-10-21,50500.0,C,235.0,settlement,235.0,224.0,230.0,19,0.052054794520547946,MTX,48669.0,202610,same expiry MTX 202610,0.18988457148990942,True,True
2026-10-02,202610,2026-10-21,50500.0,P,2050.0,settlement,2050.0,2040.0,2070.0,19,0.052054794520547946,MTX,48669.0,202610,same expiry MTX 202610,0.1850396346164162,False,False
2026-10-02,202610,2026-10-21,50600.0,C,218.0,settlement,218.0,205.0,211.0,19,0.052054794520547946,MTX,48669.0,202610,same expiry MTX 202610,0.19037472110417533,True,True
2026-10-02,202610,2026-10-21,50600.0,P,2130.0,settlement,2130.0,2120.0,2150.0,19,0.052054794520547946,MTX,48669.0,202610,same expiry MTX 202610,0.18434105198137826,False,False
2026-10-02,202610,2026-10-21,50700.0,C,203.0,settlement,203.0,189.0,195.0,19,0.052054794520547946,MTX,48669.0,202610,same expiry MTX 202610,0.1911823298774916,True,True
2026-10-02,202610,2026-10-21,50700.0,P,2220.0,settlement,2220.0,2200.0,2240.0,19,0.052054794520547946,MTX,48669.0,202610,same expiry MTX 202610,0.18669034056018974,False,False
2026-10-02,202610,2026-10-21,50800.0,C,178.0,settlement,178.0,173.0,179.0,19,0.052054794520547946,MTX,48669.0,202610,same expiry MTX 202610,0.18804234395554165,True,True
2026-10-02,202610,2026-10-21,50800.0,P,2300.0,settlement,2300.0,2290.0,2320.0,19,0.052054794520547946,MTX,48669.0,202610,same expiry MTX 202610,0.18514635880726701,False,False
2026-10-02,202610,2026-10-21,50900.0,C,163.0,settlement,163.0,159.0,164.0,19,0.052054794520547946,MTX,48669.0,202610,same expiry MTX 202610,0.1879798928059853,True,True
2026-10-02,202610,2026-10-21,50900.0,P,2390.0,settlement,2390.0,2370.0,2410.0,19,0.052054794520547946,MTX,48669.0,202610,same expiry MTX 202610,0.18689374565305086,False,False
2026-10-02,202610,2026-10-21,51000.0,C,148.0,settlement,148.0,145.0,151.0,19,0.052054794520547946,MTX,48669.0,202610,same expiry MTX 202610,0.1874967305041009,True,True
2026-10-02,202610,2026-10-21,51000.0,P,2460.0,settlement,2460.0,2460.0,2490.0,19,0.052054794520547946,MTX,48669.0,202610,same expiry MTX 202610,0.18018404991224243,False,False
2026-10-02,202610,2026-10-21,51100.0,C,138.0,settlement,138.0,133.0,138.0,19,0.052054794520547946,MTX,48669.0,202610,same expiry MTX 202610,0.1886538498225074,True,True
2026-10-02,202610,2026-10-21,51100.0,P,2560.0,settlement,2560.0,2550.0,2580.0,19,0.052054794520547946,MTX,48669.0,202610,same expiry MTX 202610,0.18537910570911773,False,False
2026-10-02,202610,2026-10-21,51200.0,C,125.0,settlement,125.0,121.0,126.0,19,0.052054794520547946,MTX,48669.0,202610,same expiry MTX 202610,0.18819571703320573,True,True
2026-10-02,202610,2026-10-21,51200.0,P,2650.0,settlement,2650.0,2640.0,2670.0,19,0.052054794520547946,MTX,48669.0,202610,same expiry MTX 202610,0.18610861314503827,False,False
2026-10-02,202610,2026-10-21,51300.0,C,123.0,settlement,123.0,111.0,116.0,19,0.052054794520547946,MTX,48669.0,202610,same expiry MTX 202610,0.1923400084474098,True,True
2026-10-02,202610,2026-10-21,51300.0,P,2740.0,settlement,2740.0,2720.0,2760.0,19,0.052054794520547946,MTX,48669.0,202610,same expiry MTX 202610,0.18650243133580213,False,False
2026-10-02,202610,2026-10-21,51400.0,C,101.0,settlement,101.0,100.0,105.0,19,0.052054794520547946,MTX,48669.0,202610,same expiry MTX 202610,0.18681704191685974,True,True
2026-10-02,202610,2026-10-21,51400.0,P,2830.0,settlement,2830.0,2810.0,2850.0,19,0.052054794520547946,MTX,48669.0,202610,same expiry MTX 202610,0.18652771184666345,False,False
2026-10-02,202610,2026-10-21,51500.0,C,94.0,settlement,94.0,92.0,96.0,19,0.052054794520547946,MTX,48669.0,202610,same expiry MTX 202610,0.18800433490772997,True,True
2026-10-02,202610,2026-10-21,51500.0,P,2920.0,settlement,2920.0,2910.0,2940.0,19,0.052054794520547946,MTX,48669.0,202610,same expiry MTX 202610,0.18614193623114794,False,False
2026-10-02,202610,2026-10-21,51600.0,C,84.0,settlement,84.0,83.0,88.0,19,0.052054794520547946,MTX,48669.0,202610,same expiry MTX 202610,0.18725374348632076,True,True
2026-10-02,202610,2026-10-21,51600.0,P,3010.0,settlement,3010.0,3000.0,3030.0,19,0.052054794520547946,MTX,48669.0,202610,same expiry MTX 202610,0.18528899486253825,False,False
2026-10-02,202610,2026-10-21,51700.0,C,79.0,settlement,79.0,76.0,79.0,19,0.052054794520547946,MTX,48669.0,202610,same expiry MTX 202610,0.18895576912823642,True,True
2026-10-02,202610,2026-10-21,51700.0,P,3100.0,settlement,3100.0,3090.0,3120.0,19,0.052054794520547946,MTX,48669.0,202610,same expiry MTX 202610,0.18389287731818818,False,False
2026-10-02,202610,2026-10-21,51800.0,C,72.0,settlement,72.0,70.0,73.0,19,0.052054794520547946,MTX,48669.0,202610,same expiry MTX 202610,0.18921440552656163,True,True
2026-10-02,202610,2026-10-21,51800.0,P,3190.0,settlement,3190.0,3180.0,3220.0,19,0.052054794520547946,MTX,48669.0,202610,same expiry MTX 202610,0.18184694430442938,False,False
2026-10-02,202610,2026-10-21,51900.0,C,70.0,settlement,70.0,63.0,66.0,19,0.052054794520547946,MTX,48669.0,202610,same expiry MTX 202610,0.19236015920137567,True,True
2026-10-02,202610,2026-10-21,51900.0,P,3290.0,settlement,3290.0,3280.0,3310.0,19,0.052054794520547946,MTX,48669.0,202610,same expiry MTX 202610,0.18618799978380873,False,False
2026-10-02,202610,2026-10-21,52000.0,C,59.0,settlement,59.0,59.0,61.0,19,0.052054794520547946,MTX,48669.0,202610,same expiry MTX 202610,0.1892838624272936,True,True
2026-10-02,202610,2026-10-21,52000.0,P,3380.0,settlement,3380.0,3370.0,3400.0,19,0.052054794520547946,MTX,48669.0,202610,same expiry MTX 202610,0.18320289350230715,False,False
2026-10-02,202610,2026-10-21,52100.0,C,52.0,settlement,52.0,52.0,55.0,19,0.052054794520547946,MTX,48669.0,202610,same expiry MTX 202610,0.18832381559383748,True,True
2026-10-02,202610,2026-10-21,52100.0,P,3480.0,settlement,3480.0,3460.0,3500.0,19,0.052054794520547946,MTX,48669.0,202610,same expiry MTX 202610,0.18738604776438622,False,False
2026-10-02,202610,2026-10-21,52200.0,C,47.5,settlement,47.5,48.5,51.0,19,0.052054794520547946,MTX,48669.0,202610,same expiry MTX 202610,0.1888666143431003,True,True
2026-10-02,202610,2026-10-21,52200.0,P,3570.0,settlement,3570.0,3560.0,3590.0,19,0.052054794520547946,MTX,48669.0,202610,same expiry MTX 202610,0.18319533901311125,False,False
2026-10-02,202610,2026-10-21,52300.0,C,45.5,settlement,45.5,44.0,46.5,19,0.052054794520547946,MTX,48669.0,202610,same expiry MTX 202610,0.19124377420912023,True,True
2026-10-02,202610,2026-10-21,52300.0,P,3670.0,settlement,3670.0,3660.0,3690.0,19,0.052054794520547946,MTX,48669.0,202610,same expiry MTX 202610,0.18721469617313427,False,False
2026-10-02,202610,2026-10-21,52400.0,C,43.0,settlement,43.0,40.5,43.0,19,0.052054794520547946,MTX,48669.0,202610,same expiry MTX 202610,0.19306543639328136,True,True
2026-10-02,202610,2026-10-21,52400.0,P,3760.0,settlement,3760.0,3750.0,3790.0,19,0.052054794520547946,MTX,48669.0,202610,same expiry MTX 202610,0.18135510210475625,False,False
2026-10-02,202610,2026-10-21,52500.0,C,37.0,settlement,37.0,37.0,38.5,19,0.052054794520547946,MTX,48669.0,202610,same expiry MTX 202610,0.191387562675325,True,True
2026-10-02,202610,2026-10-21,52500.0,P,3860.0,settlement,3860.0,3850.0,3880.0,19,0.052054794520547946,MTX,48669.0,202610,same expiry MTX 202610,0.1851990639682366,False,False
2026-10-02,202610,2026-10-21,52600.0,C,34.0,settlement,34.0,34.0,35.5,19,0.052054794520547946,MTX,48669.0,202610,same expiry MTX 202610,0.19218816981202566,True,True
2026-10-02,202610,2026-10-21,52600.0,P,3960.0,settlement,3960.0,3950.0,3980.0,19,0.052054794520547946,MTX,48669.0,202610,same expiry MTX 202610,0.18902404545303497,False,False
2026-10-02,202610,2026-10-21,52700.0,C,32.5,settlement,32.5,31.5,33.0,19,0.052054794520547946,MTX,48669.0,202610,same expiry MTX 202610,0.1943728677768523,True,True
2026-10-02,202610,2026-10-21,52700.0,P,4060.0,settlement,4060.0,4040.0,4080.0,19,0.052054794520547946,MTX,48669.0,202610,same expiry MTX 202610,0.1928305225513394,False,False
2026-10-02,202610,2026-10-21,52800.0,C,31.0,settlement,31.0,29.0,30.5,19,0.052054794520547946,MTX,48669.0,202610,same expiry MTX 202610,0.19644965304438233,True,True
2026-10-02,202610,2026-10-21,52800.0,P,4150.0,settlement,4150.0,4140.0,4180.0,19,0.052054794520547946,MTX,48669.0,202610,same expiry MTX 202610,0.18401513369246447,False,False
2026-10-02,202610,2026-10-21,52900.0,C,27.5,settlement,27.5,26.5,28.0,19,0.052054794520547946,MTX,48669.0,202610,same expiry MTX 202610,0.1960023469640092,True,True
2026-10-02,202610,2026-10-21,52900.0,P,4250.0,settlement,4250.0,4240.0,4270.0,19,0.052054794520547946,MTX,48669.0,202610,same expiry MTX 202610,0.18763035990570306,False,False
2026-10-02,202610,2026-10-21,53000.0,C,26.5,settlement,26.5,24.5,26.0,19,0.052054794520547946,MTX,48669.0,202610,same expiry MTX 202610,0.19837677577015098,True,True
2026-10-02,202610,2026-10-21,53000.0,P,4350.0,settlement,4350.0,4330.0,4370.0,19,0.052054794520547946,MTX,48669.0,202610,same expiry MTX 202610,0.19123032890594277,False,False
2026-10-02,202610,2026-10-21,53100.0,C,24.0,settlement,24.0,23.0,24.5,19,0.052054794520547946,MTX,48669.0,202610,same expiry MTX 202610,0.1986500262344051,True,True
2026-10-02,202610,2026-10-21,53100.0,P,4450.0,settlement,4450.0,4430.0,4470.0,19,0.052054794520547946,MTX,48669.0,202610,same expiry MTX 202610,0.19481537401124513,False,False
2026-10-02,202610,2026-10-21,53200.0,C,22.0,settlement,22.0,21.0,22.5,19,0.052054794520547946,MTX,48669.0,202610,same expiry MTX 202610,0.19933644281151122,True,True
2026-10-02,202610,2026-10-21,53200.0,P,4540.0,settlement,4540.0,4530.0,4570.0,19,0.052054794520547946,MTX,48669.0,202610,same expiry MTX 202610,0.18038289917068592,False,False
2026-10-02,202610,2026-10-21,53300.0,C,20.5,settlement,20.5,19.5,21.0,19,0.052054794520547946,MTX,48669.0,202610,same expiry MTX 202610,0.20054804023300235,True,True
2026-10-02,202610,2026-10-21,53300.0,P,4640.0,settlement,4640.0,4630.0,4670.0,19,0.052054794520547946,MTX,48669.0,202610,same expiry MTX 202610,0.1837416343003686,False,False
2026-10-02,202610,2026-10-21,53400.0,C,19.0,settlement,19.0,18.5,19.5,19,0.052054794520547946,MTX,48669.0,202610,same expiry MTX 202610,0.2015782811155728,True,True
2026-10-02,202610,2026-10-21,53400.0,P,4740.0,settlement,4740.0,4730.0,4770.0,19,0.052054794520547946,MTX,48669.0,202610,same expiry MTX 202610,0.18708916081638288,False,False
2026-10-02,202610,2026-10-21,53500.0,C,18.0,settlement,18.0,17.5,18.0,19,0.052054794520547946,MTX,48669.0,202610,same expiry MTX 202610,0.20327975235608797,True,True
2026-10-02,202610,2026-10-21,53500.0,P,4840.0,settlement,4840.0,4690.0,4860.0,19,0.052054794520547946,MTX,48669.0,202610,same expiry MTX 202610,0.1904256856006812,False,False
2026-10-02,202610,2026-10-21,53600.0,C,17.0,settlement,17.0,16.0,17.5,19,0.052054794520547946,MTX,48669.0,202610,same expiry MTX 202610,0.20486288136870923,True,True
2026-10-02,202610,2026-10-21,53600.0,P,4940.0,settlement,4940.0,4920.0,4960.0,19,0.052054794520547946,MTX,48669.0,202610,same expiry MTX 202610,0.19375140612913794,False,False
2026-10-02,202610,2026-10-21,53700.0,C,16.0,settlement,16.0,15.0,16.5,19,0.052054794520547946,MTX,48669.0,202610,same expiry MTX 202610,0.20631924576109753,True,True
2026-10-02,202610,2026-10-21,53700.0,P,5040.0,settlement,5040.0,5020.0,5060.0,19,0.052054794520547946,MTX,48669.0,202610,same expiry MTX 202610,0.19706651110195036,False,False
2026-10-02,202610,2026-10-21,53800.0,C,14.0,settlement,14.0,14.5,15.5,19,0.052054794520547946,MTX,48669.0,202610,same expiry MTX 202610,0.20557859695679054,True,True
2026-10-02,202610,2026-10-21,53800.0,P,5140.0,settlement,5140.0,5120.0,5160.0,19,0.052054794520547946,MTX,48669.0,202610,same expiry MTX 202610,0.20037118101989498,False,False
2026-10-02,202610,2026-10-21,53900.0,C,14.0,settlement,14.0,13.5,14.5,19,0.052054794520547946,MTX,48669.0,202610,same expiry MTX 202610,0.20880994090721283,True,True
2026-10-02,202610,2026-10-21,53900.0,P,5240.0,settlement,5240.0,5220.0,5260.0,19,0.052054794520547946,MTX,48669.0,202610,same expiry MTX 202610,0.20366558871211765,False,False
2026-10-02,202610,2026-10-21,54000.0,C,13.5,settlement,13.5,12.5,13.5,19,0.052054794520547946,MTX,48669.0,202610,same expiry MTX 202610,0.21093663982613406,True,True
2026-10-02,202610,2026-10-21,54000.0,P,5330.0,settlement,5330.0,5320.0,5360.0,19,0.052054794520547946,MTX,48669.0,202610,same expiry MTX 202610,0.16597288504014576,False,False
2026-10-02,202610,2026-10-21,54100.0,C,12.5,settlement,12.5,12.0,13.0,19,0.052054794520547946,MTX,48669.0,202610,same expiry MTX 202610,0.21183771874637494,True,True
2026-10-02,202610,2026-10-21,54100.0,P,5430.0,settlement,5430.0,5420.0,5460.0,19,0.052054794520547946,MTX,48669.0,202610,same expiry MTX 202610,0.1691007111816593,False,False
2026-10-02,202610,2026-10-21,54200.0,C,11.5,settlement,11.5,11.5,12.5,19,0.052054794520547946,MTX,48669.0,202610,same expiry MTX 202610,0.21254772739785552,True,True
2026-10-02,202610,2026-10-21,54200.0,P,5530.0,settlement,5530.0,5520.0,5560.0,19,0.052054794520547946,MTX,48669.0,202610,same expiry MTX 202610,0.17222150235386993,False,False
2026-10-02,202610,2026-10-21,54300.0,C,11.5,settlement,11.5,11.0,12.0,19,0.052054794520547946,MTX,48669.0,202610,same expiry MTX 202610,0.21566291939118812,True,True
2026-10-02,202610,2026-10-21,54300.0,P,5630.0,settlement,5630.0,5620.0,5660.0,19,0.052054794520547946,MTX,48669.0,202610,same expiry MTX 202610,0.17533537267636973,False,False
2026-10-02,202610,2026-10-21,54400.0,C,10.5,settlement,10.5,10.5,11.5,19,0.052054794520547946,MTX,48669.0,202610,same expiry MTX 202610,0.2161168742843962,True,True
2026-10-02,202610,2026-10-21,54400.0,P,5730.0,settlement,5730.0,5710.0,5760.0,19,0.052054794520547946,MTX,48669.0,202610,same expiry MTX 202610,0.178442427634923,False,False
2026-10-02,202610,2026-10-21,54500.0,C,10.5,settlement,10.5,9.8,10.5,19,0.052054794520547946,MTX,48669.0,202610,same expiry MTX 202610,0.2191798702414101,True,True
2026-10-02,202610,2026-10-21,54500.0,P,5830.0,settlement,5830.0,5810.0,5860.0,19,0.052054794520547946,MTX,48669.0,202610,same expiry MTX 202610,0.18154276504548986,False,False
2026-10-02,202610,2026-10-21,54600.0,C,9.7,settlement,9.7,9.3,10.0,19,0.052054794520547946,MTX,48669.0,202610,same expiry MTX 202610,0.21993754396771717,True,True
2026-10-02,202610,2026-10-21,54600.0,P,5930.0,settlement,5930.0,5910.0,5960.0,19,0.052054794520547946,MTX,48669.0,202610,same expiry MTX 202610,0.1846364758871716,False,False
2026-10-02,202610,2026-10-21,54700.0,C,9.3,settlement,9.3,8.9,9.6,19,0.052054794520547946,MTX,48669.0,202610,same expiry MTX 202610,0.22174561469544213,True,True
2026-10-02,202610,2026-10-21,54700.0,P,6030.0,settlement,6030.0,6010.0,6060.0,19,0.052054794520547946,MTX,48669.0,202610,same expiry MTX 202610,0.187723645032906,False,False
2026-10-02,202610,2026-10-21,54800.0,C,9.0,settlement,9.0,8.6,9.2,19,0.052054794520547946,MTX,48669.0,202610,same expiry MTX 202610,0.22379904508283877,True,True
2026-10-02,202610,2026-10-21,54800.0,P,6130.0,settlement,6130.0,6110.0,6160.0,19,0.052054794520547946,MTX,48669.0,202610,same expiry MTX 202610,0.19080435187921704,False,False
2026-10-02,202610,2026-10-21,54900.0,C,8.8,settlement,8.8,8.4,9.0,19,0.052054794520547946,MTX,48669.0,202610,same expiry MTX 202610,0.22612675279703953,True,True
2026-10-02,202610,2026-10-21,54900.0,P,6230.0,settlement,6230.0,6210.0,6260.0,19,0.052054794520547946,MTX,48669.0,202610,same expiry MTX 202610,0.19387867090208846,False,False
2026-10-02,202610,2026-10-21,55000.0,C,8.3,settlement,8.3,8.0,8.5,19,0.052054794520547946,MTX,48669.0,202610,same expiry MTX 202610,0.22740784084185292,True,True
2026-10-02,202610,2026-10-21,55000.0,P,6330.0,settlement,6330.0,6310.0,6360.0,19,0.052054794520547946,MTX,48669.0,202610,same expiry MTX 202610,0.1969466721438864,False,False
2026-10-02,202610,2026-10-21,55100.0,C,8.0,settlement,8.0,7.7,8.2,19,0.052054794520547946,MTX,48669.0,202610,same expiry MTX 202610,0.22928754170912685,True,True
2026-10-02,202610,2026-10-21,55100.0,P,6430.0,settlement,6430.0,6410.0,6460.0,19,0.052054794520547946,MTX,48669.0,202610,same expiry MTX 202610,0.20000842164201416,False,False
2026-10-02,202610,2026-10-21,55200.0,C,7.7,settlement,7.7,7.4,7.9,19,0.052054794520547946,MTX,48669.0,202610,same expiry MTX 202610,0.23110847483665348,True,True
2026-10-02,202610,2026-10-21,55200.0,P,6530.0,settlement,6530.0,6510.0,6560.0,19,0.052054794520547946,MTX,48669.0,202610,same expiry MTX 202610,0.20306398180703705,False,False
2026-10-02,202610,2026-10-21,55300.0,C,7.4,settlement,7.4,7.1,7.6,19,0.052054794520547946,MTX,48669.0,202610,same expiry MTX 202610,0.23286806504864965,True,True
2026-10-02,202610,2026-10-21,55300.0,P,6630.0,settlement,6630.0,6610.0,6660.0,19,0.052054794520547946,MTX,48669.0,202610,same expiry MTX 202610,0.20611341175784975,False,False
2026-10-02,202610,2026-10-21,55400.0,C,7.2,settlement,7.2,6.9,7.4,19,0.052054794520547946,MTX,48669.0,202610,same expiry MTX 202610,0.23495783206619478,True,True
2026-10-02,202610,2026-10-21,55400.0,P,6730.0,settlement,6730.0,6710.0,6760.0,19,0.052054794520547946,MTX,48669.0,202610,same expiry MTX 202610,0.20915676761930663,False,False
2026-10-02,202610,2026-10-21,55500.0,C,7.1,settlement,7.1,6.8,7.2,19,0.052054794520547946,MTX,48669.0,202610,same expiry MTX 202610,0.23740996044668367,True,True
2026-10-02,202610,2026-10-21,55500.0,P,6830.0,settlement,6830.0,6810.0,6860.0,19,0.052054794520547946,MTX,48669.0,202610,same expiry MTX 202610,0.2121941027868502,False,False
2026-10-02,202610,2026-10-21,55600.0,C,6.7,settlement,6.7,6.4,6.9,19,0.052054794520547946,MTX,48669.0,202610,same expiry MTX 202610,0.23859852757644998,True,True
2026-10-02,202610,2026-10-21,55600.0,P,6930.0,settlement,6930.0,6910.0,6960.0,19,0.052054794520547946,MTX,48669.0,202610,same expiry MTX 202610,0.21522546816206112,False,False
2026-10-02,202610,2026-10-21,55700.0,C,6.4,settlement,6.4,6.3,6.5,19,0.052054794520547946,MTX,48669.0,202610,same expiry MTX 202610,0.24011662147955093,True,True
2026-10-02,202610,2026-10-21,55700.0,P,7030.0,settlement,7030.0,7010.0,7060.0,19,0.052054794520547946,MTX,48669.0,202610,same expiry MTX 202610,0.21825091236390107,False,False
2026-10-02,202611,2026-11-18,38000.0,C,10860.0,settlement,10860.0,10820.0,10920.0,47,0.12876712328767123,MTX,48840.0,202611,same expiry MTX 202611,0.3341153183814837,False,False
2026-10-02,202611,2026-11-18,38000.0,P,47.5,settlement,47.5,47.0,47.5,47,0.12876712328767123,MTX,48840.0,202611,same expiry MTX 202611,0.35174219261087064,True,True
2026-10-02,202611,2026-11-18,38100.0,C,10770.0,settlement,10770.0,10720.0,10820.0,47,0.12876712328767123,MTX,48840.0,202611,same expiry MTX 202611,0.34416725590912395,False,False
2026-10-02,202611,2026-11-18,38100.0,P,49.0,settlement,49.0,47.5,50.0,47,0.12876712328767123,MTX,48840.0,202611,same expiry MTX 202611,0.35029839090418063,True,True
2026-10-02,202611,2026-11-18,38200.0,C,10670.0,settlement,10670.0,10620.0,10720.0,47,0.12876712328767123,MTX,48840.0,202611,same expiry MTX 202611,0.3408714480541214,False,False
2026-10-02,202611,2026-11-18,38200.0,P,50.0,settlement,50.0,48.5,51.0,47,0.12876712328767123,MTX,48840.0,202611,same expiry MTX 202611,0.34824402381745445,True,True
2026-10-02,202611,2026-11-18,38300.0,C,10570.0,settlement,10570.0,10520.0,10620.0,47,0.12876712328767123,MTX,48840.0,202611,same expiry MTX 202611,0.3375830128844629,False,False
2026-10-02,202611,2026-11-18,38300.0,P,50.0,settlement,50.0,49.0,52.0,47,0.12876712328767123,MTX,48840.0,202611,same expiry MTX 202611,0.34505868299230325,True,True
2026-10-02,202611,2026-11-18,38400.0,C,10470.0,settlement,10470.0,10420.0,10520.0,47,0.12876712328767123,MTX,48840.0,202611,same expiry MTX 202611,0.3343018844176457,False,False
2026-10-02,202611,2026-11-18,38400.0,P,51.0,settlement,51.0,49.5,52.0,47,0.12876712328767123,MTX,48840.0,202611,same expiry MTX 202611,0.3429772059455308,True,True
2026-10-02,202611,2026-11-18,38500.0,C,10370.0,settlement,10370.0,10320.0,10420.0,47,0.12876712328767123,MTX,48840.0,202611,same expiry MTX 202611,0.3310279965312184,False,False
2026-10-02,202611,2026-11-18,38500.0,P,52.0,settlement,52.0,51.0,54.0,47,0.12876712328767123,MTX,48840.0,202611,same expiry MTX 202611,0.34087199231752585,True,True
2026-10-02,202611,2026-11-18,38600.0,C,10270.0,settlement,10270.0,10230.0,10320.0,47,0.12876712328767123,MTX,48840.0,202611,same expiry MTX 202611,0.32776128294200124,False,False
2026-10-02,202611,2026-11-18,38600.0,P,52.0,settlement,52.0,51.0,54.0,47,0.12876712328767123,MTX,48840.0,202611,same expiry MTX 202611,0.3376867642351623,True,True
2026-10-02,202611,2026-11-18,38700.0,C,10170.0,settlement,10170.0,10120.0,10230.0,47,0.12876712328767123,MTX,48840.0,202611,same expiry MTX 202611,0.3245016771840728,False,False
2026-10-02,202611,2026-11-18,38700.0,P,53.0,settlement,53.0,52.0,55.0,47,0.12876712328767123,MTX,48840.0,202611,same expiry MTX 202611,0.3355559519570363,True,True
2026-10-02,202611,2026-11-18,38800.0,C,10070.0,settlement,10070.0,10030.0,10130.0,47,0.12876712328767123,MTX,48840.0,202611,same expiry MTX 202611,0.321249112585961,False,False
2026-10-02,202611,2026-11-18,38800.0,P,55.0,settlement,55.0,53.0,56.0,47,0.12876712328767123,MTX,48840.0,202611,same expiry MTX 202611,0.33442072674042006,True,True
2026-10-02,202611,2026-11-18,38900.0,C,9980.0,settlement,9980.0,9930.0,10030.0,47,0.12876712328767123,MTX,48840.0,202611,same expiry MTX 202611,0.32898070238932087,False,False
2026-10-02,202611,2026-11-18,38900.0,P,55.0,settlement,55.0,54.0,57.0,47,0.12876712328767123,MTX,48840.0,202611,same expiry MTX 202611,0.33122792056353795,True,True
2026-10-02,202611,2026-11-18,39000.0,C,9880.0,settlement,9880.0,9830.0,9930.0,47,0.12876712328767123,MTX,48840.0,202611,same expiry MTX 202611,0.32567785121459997,False,False
2026-10-02,202611,2026-11-18,39000.0,P,57.0,settlement,57.0,55.0,58.0,47,0.12876712328767123,MTX,48840.0,202611,same expiry MTX 202611,0.33001302536561783,True,True
2026-10-02,202611,2026-11-18,39100.0,C,9780.0,settlement,9780.0,9730.0,9830.0,47,0.12876712328767123,MTX,48840.0,202611,same expiry MTX 202611,0.32238164171949846,False,False
2026-10-02,202611,2026-11-18,39100.0,P,58.0,settlement,58.0,56.0,59.0,47,0.12876712328767123,MTX,48840.0,202611,same expiry MTX 202611,0.3277787951113614,True,True
2026-10-02,202611,2026-11-18,39200.0,C,9680.0,settlement,9680.0,9630.0,9730.0,47,0.12876712328767123,MTX,48840.0,202611,same expiry MTX 202611,0.31909200159114987,False,False
2026-10-02,202611,2026-11-18,39200.0,P,59.0,settlement,59.0,57.0,60.0,47,0.12876712328767123,MTX,48840.0,202611,same expiry MTX 202611,0.3255249885764265,True,True
2026-10-02,202611,2026-11-18,39300.0,C,9580.0,settlement,9580.0,9530.0,9630.0,47,0.12876712328767123,MTX,48840.0,202611,same expiry MTX 202611,0.31580885810065185,False,False
2026-10-02,202611,2026-11-18,39300.0,P,59.0,settlement,59.0,58.0,61.0,47,0.12876712328767123,MTX,48840.0,202611,same expiry MTX 202611,0.3223224320825792,True,True
2026-10-02,202611,2026-11-18,39400.0,C,9480.0,settlement,9480.0,9430.0,9530.0,47,0.12876712328767123,MTX,48840.0,202611,same expiry MTX 202611,0.312532138071894,False,False
2026-10-02,202611,2026-11-18,39400.0,P,61.0,settlement,61.0,59.0,62.0,47,0.12876712328767123,MTX,48840.0,202611,same expiry MTX 202611,0.3209605177644156,True,True
2026-10-02,202611,2026-11-18,39500.0,C,9380.0,settlement,9380.0,9340.0,9430.0,47,0.12876712328767123,MTX,48840.0,202611,same expiry MTX 202611,0.3092617678490665,False,False
2026-10-02,202611,2026-11-18,39500.0,P,61.0,settlement,61.0,60.0,63.0,47,0.12876712328767123,MTX,48840.0,202611,same expiry MTX 202611,0.31775315896714706,True,True
2026-10-02,202611,2026-11-18,39600.0,C,9280.0,settlement,9280.0,9240.0,9330.0,47,0.12876712328767123,MTX,48840.0,202611,same expiry MTX 202611,0.3059976732629148,False,False
2026-10-02,202611,2026-11-18,39600.0,P,63.0,settlement,63.0,61.0,64.0,47,0.12876712328767123,MTX,48840.0,202611,same expiry MTX 202611,0.31632311259120754,True,True
2026-10-02,202611,2026-11-18,39700.0,C,9190.0,settlement,9190.0,9140.0,9230.0,47,0.12876712328767123,MTX,48840.0,202611,same expiry MTX 202611,0.3120258262567895,False,False
2026-10-02,202611,2026-11-18,39700.0,P,63.0,settlement,63.0,62.0,65.0,47,0.12876712328767123,MTX,48840.0,202611,same expiry MTX 202611,0.3131109562514123,True,True
2026-10-02,202611,2026-11-18,39800.0,C,9090.0,settlement,9090.0,9040.0,9130.0,47,0.12876712328767123,MTX,48840.0,202611,same expiry MTX 202611,0.3087138063447899,False,False
2026-10-02,202611,2026-11-18,39800.0,P,64.0,settlement,64.0,63.0,66.0,47,0.12876712328767123,MTX,48840.0,202611,same expiry MTX 202611,0.31076349056570546,True,True
2026-10-02,202611,2026-11-18,39900.0,C,8990.0,settlement,8990.0,8950.0,9040.0,47,0.12876712328767123,MTX,48840.0,202611,same expiry MTX 202611,0.30540765614119697,False,False
2026-10-02,202611,2026-11-18,39900.0,P,67.0,settlement,67.0,65.0,68.0,47,0.12876712328767123,MTX,48840.0,202611,same expiry MTX 202611,0.31006766342625225,True,True
2026-10-02,202611,2026-11-18,40000.0,C,8890.0,settlement,8890.0,8840.0,8940.0,47,0.12876712328767123,MTX,48840.0,202611,same expiry MTX 202611,0.30210729477339754,False,False
2026-10-02,202611,2026-11-18,40000.0,P,67.0,settlement,67.0,66.0,69.0,47,0.12876712328767123,MTX,48840.0,202611,same expiry MTX 202611,0.30684173172053214,True,True
2026-10-02,202611,2026-11-18,40100.0,C,8790.0,settlement,8790.0,8750.0,8840.0,47,0.12876712328767123,MTX,48840.0,202611,same expiry MTX 202611,0.2988126405754253,False,False
2026-10-02,202611,2026-11-18,40100.0,P,69.0,settlement,69.0,67.0,70.0,47,0.12876712328767123,MTX,48840.0,202611,same expiry MTX 202611,0.3052338116067843,True,True
2026-10-02,202611,2026-11-18,40200.0,C,8690.0,settlement,8690.0,8650.0,8740.0,47,0.12876712328767123,MTX,48840.0,202611,same expiry MTX 202611,0.2955236110408766,False,False
2026-10-02,202611,2026-11-18,40200.0,P,71.0,settlement,71.0,69.0,72.0,47,0.12876712328767123,MTX,48840.0,202611,same expiry MTX 202611,0.3035772782807867,True,True
2026-10-02,202611,2026-11-18,40300.0,C,8590.0,settlement,8590.0,8550.0,8640.0,47,0.12876712328767123,MTX,48840.0,202611,same expiry MTX 202611,0.2922401227737369,False,False
2026-10-02,202611,2026-11-18,40300.0,P,71.0,settlement,71.0,70.0,73.0,47,0.12876712328767123,MTX,48840.0,202611,same expiry MTX 202611,0.30033785853248424,True,True
2026-10-02,202611,2026-11-18,40400.0,C,8500.0,settlement,8500.0,8450.0,8540.0,47,0.12876712328767123,MTX,48840.0,202611,same expiry MTX 202611,0.29699536888941286,False,False
2026-10-02,202611,2026-11-18,40400.0,P,74.0,settlement,74.0,72.0,76.0,47,0.12876712328767123,MTX,48840.0,202611,same expiry MTX 202611,0.2993789810735663,True,True
2026-10-02,202611,2026-11-18,40500.0,C,8400.0,settlement,8400.0,8350.0,8440.0,47,0.12876712328767123,MTX,48840.0,202611,same expiry MTX 202611,0.29366611249309066,False,False
2026-10-02,202611,2026-11-18,40500.0,P,76.0,settlement,76.0,74.0,78.0,47,0.12876712328767123,MTX,48840.0,202611,same expiry MTX 202611,0.29760493815009376,True,True
2026-10-02,202611,2026-11-18,40600.0,C,8300.0,settlement,8300.0,8260.0,8350.0,47,0.12876712328767123,MTX,48840.0,202611,same expiry MTX 202611,0.2903419725706373,False,False
2026-10-02,202611,2026-11-18,40600.0,P,77.0,settlement,77.0,75.0,80.0,47,0.12876712328767123,MTX,48840.0,202611,same expiry MTX 202611,0.2950700337786809,True,True
2026-10-02,202611,2026-11-18,40700.0,C,8200.0,settlement,8200.0,8160.0,8250.0,47,0.12876712328767123,MTX,48840.0,202611,same expiry MTX 202611,0.2870228574216002,False,False
2026-10-02,202611,2026-11-18,40700.0,P,79.0,settlement,79.0,77.0,81.0,47,0.12876712328767123,MTX,48840.0,202611,same expiry MTX 202611,0.2932288982528416,True,True
2026-10-02,202611,2026-11-18,40800.0,C,8110.0,settlement,8110.0,8060.0,8150.0,47,0.12876712328767123,MTX,48840.0,202611,same expiry MTX 202611,0.2908959916252264,False,False
2026-10-02,202611,2026-11-18,40800.0,P,82.0,settlement,82.0,79.0,83.0,47,0.12876712328767123,MTX,48840.0,202611,same expiry MTX 202611,0.2920344537769118,True,True
2026-10-02,202611,2026-11-18,40900.0,C,8010.0,settlement,8010.0,7960.0,8050.0,47,0.12876712328767123,MTX,48840.0,202611,same expiry MTX 202611,0.2875336310547665,False,False
2026-10-02,202611,2026-11-18,40900.0,P,84.0,settlement,84.0,81.0,85.0,47,0.12876712328767123,MTX,48840.0,202611,same expiry MTX 202611,0.2900994389075829,True,True
2026-10-02,202611,2026-11-18,41000.0,C,7910.0,settlement,7910.0,7870.0,7950.0,47,0.12876712328767123,MTX,48840.0,202611,same expiry MTX 202611,0.28417585847309107,False,False
2026-10-02,202611,2026-11-18,41000.0,P,87.0,settlement,87.0,83.0,88.0,47,0.12876712328767123,MTX,48840.0,202611,same expiry MTX 202611,0.2887806380277482,True,True
2026-10-02,202611,2026-11-18,41100.0,C,7810.0,settlement,7810.0,7770.0,7850.0,47,0.12876712328767123,MTX,48840.0,202611,same expiry MTX 202611,0.2808225726193737,False,False
2026-10-02,202611,2026-11-18,41100.0,P,88.0,settlement,88.0,85.0,90.0,47,0.12876712328767123,MTX,48840.0,202611,same expiry MTX 202611,0.28611942798037887,True,True
2026-10-02,202611,2026-11-18,41200.0,C,7710.0,settlement,7710.0,7670.0,7760.0,47,0.12876712328767123,MTX,48840.0,202611,same expiry MTX 202611,0.2774736705539558,False,False
2026-10-02,202611,2026-11-18,41200.0,P,89.0,settlement,89.0,86.0,91.0,47,0.12876712328767123,MTX,48840.0,202611,same expiry MTX 202611,0.2834463129623468,True,True
2026-10-02,202611,2026-11-18,41300.0,C,7620.0,settlement,7620.0,7580.0,7660.0,47,0.12876712328767123,MTX,48840.0,202611,same expiry MTX 202611,0.28057604237353667,False,False
2026-10-02,202611,2026-11-18,41300.0,P,92.0,settlement,92.0,90.0,95.0,47,0.12876712328767123,MTX,48840.0,202611,same expiry MTX 202611,0.28199981532551294,True,True
2026-10-02,202611,2026-11-18,41400.0,C,7520.0,settlement,7520.0,7480.0,7560.0,47,0.12876712328767123,MTX,48840.0,202611,same expiry MTX 202611,0.277185473938024,False,False
2026-10-02,202611,2026-11-18,41400.0,P,94.0,settlement,94.0,92.0,97.0,47,0.12876712328767123,MTX,48840.0,202611,same expiry MTX 202611,0.27989003736132756,True,True
2026-10-02,202611,2026-11-18,41500.0,C,7420.0,settlement,7420.0,7380.0,7470.0,47,0.12876712328767123,MTX,48840.0,202611,same expiry MTX 202611,0.27379882033187075,False,False
2026-10-02,202611,2026-11-18,41500.0,P,99.0,settlement,99.0,95.0,100.0,47,0.12876712328767123,MTX,48840.0,202611,same expiry MTX 202611,0.2795064835157274,True,True
2026-10-02,202611,2026-11-18,41600.0,C,7320.0,settlement,7320.0,7280.0,7370.0,47,0.12876712328767123,MTX,48840.0,202611,same expiry MTX 202611,0.2704159668414254,False,False
2026-10-02,202611,2026-11-18,41600.0,P,99.0,settlement,99.0,96.0,101.0,47,0.12876712328767123,MTX,48840.0,202611,same expiry MTX 202611,0.2761526109556852,True,True
2026-10-02,202611,2026-11-18,41700.0,C,7230.0,settlement,7230.0,7190.0,7270.0,47,0.12876712328767123,MTX,48840.0,202611,same expiry MTX 202611,0.2729084282039245,False,False
2026-10-02,202611,2026-11-18,41700.0,P,103.0,settlement,103.0,100.0,105.0,47,0.12876712328767123,MTX,48840.0,202611,same expiry MTX 202611,0.2750617548294144,True,True
2026-10-02,202611,2026-11-18,41800.0,C,7130.0,settlement,7130.0,7090.0,7170.0,47,0.12876712328767123,MTX,48840.0,202611,same expiry MTX 202611,0.26948529735491716,False,False
2026-10-02,202611,2026-11-18,41800.0,P,105.0,settlement,105.0,103.0,108.0,47,0.12876712328767123,MTX,48840.0,202611,same expiry MTX 202611,0.27279559819753474,True,True
2026-10-02,202611,2026-11-18,41900.0,C,7040.0,settlement,7040.0,7000.0,7070.0,47,0.12876712328767123,MTX,48840.0,202611,same expiry MTX 202611,0.27153565954365183,False,False
2026-10-02,202611,2026-11-18,41900.0,P,109.0,settlement,109.0,106.0,112.0,47,0.12876712328767123,MTX,48840.0,202611,same expiry MTX 202611,0.2715726215509354,True,True
2026-10-02,202611,2026-11-18,42000.0,C,6940.0,settlement,6940.0,6900.0,6980.0,47,0.12876712328767123,MTX,48840.0,202611,same expiry MTX 202611,0.2680739582097784,False,False
2026-10-02,202611,2026-11-18,42000.0,P,110.0,settlement,110.0,108.0,114.0,47,0.12876712328767123,MTX,48840.0,202611,same expiry MTX 202611,0.2687058406750661,True,True
2026-10-02,202611,2026-11-18,42100.0,C,6840.0,settlement,6840.0,6800.0,6880.0,47,0.12876712328767123,MTX,48840.0,202611,same expiry MTX 202611,0.2646151562647212,False,False
2026-10-02,202611,2026-11-18,42100.0,P,116.0,settlement,116.0,113.0,119.0,47,0.12876712328767123,MTX,48840.0,202611,same expiry MTX 202611,0.2683929151000582,True,True
2026-10-02,202611,2026-11-18,42200.0,C,6750.0,settlement,6750.0,6710.0,6790.0,47,0.12876712328767123,MTX,48840.0,202611,same expiry MTX 202611,0.26624127570817857,False,False
2026-10-02,202611,2026-11-18,42200.0,P,118.0,settlement,118.0,116.0,122.0,47,0.12876712328767123,MTX,48840.0,202611,same expiry MTX 202611,0.2659703613449779,True,True
2026-10-02,202611,2026-11-18,42300.0,C,6650.0,settlement,6650.0,6610.0,6690.0,47,0.12876712328767123,MTX,48840.0,202611,same expiry MTX 202611,0.26274484701401796,False,False
2026-10-02,202611,2026-11-18,42300.0,P,123.0,settlement,123.0,120.0,126.0,47,0.12876712328767123,MTX,48840.0,202611,same expiry MTX 202611,0.26498108973034223,True,True
2026-10-02,202611,2026-11-18,42400.0,C,6550.0,settlement,6550.0,6520.0,6590.0,47,0.12876712328767123,MTX,48840.0,202611,same expiry MTX 202611,0.2592507556647936,False,False
2026-10-02,202611,2026-11-18,42400.0,P,127.0,settlement,127.0,124.0,130.0,47,0.12876712328767123,MTX,48840.0,202611,same expiry MTX 202611,0.2634290065195351,True,True
2026-10-02,202611,2026-11-18,42500.0,C,6460.0,settlement,6460.0,6420.0,6500.0,47,0.12876712328767123,MTX,48840.0,202611,same expiry MTX 202611,0.26050076677357387,False,False
2026-10-02,202611,2026-11-18,42500.0,P,131.0,settlement,131.0,128.0,134.0,47,0.12876712328767123,MTX,48840.0,202611,same expiry MTX 202611,0.2618136077240959,True,True
2026-10-02,202611,2026-11-18,42600.0,C,6360.0,settlement,6360.0,6330.0,6400.0,47,0.12876712328767123,MTX,48840.0,202611,same expiry MTX 202611,0.2569696425843438,False,False
2026-10-02,202611,2026-11-18,42600.0,P,134.0,settlement,134.0,131.0,137.0,47,0.12876712328767123,MTX,48840.0,202611,same expiry MTX 202611,0.2596878978828815,True,True
2026-10-02,202611,2026-11-18,42700.0,C,6270.0,settlement,6270.0,6230.0,6310.0,47,0.12876712328767123,MTX,48840.0,202611,same expiry MTX 202611,0.25791981848540796,False,False
2026-10-02,202611,2026-11-18,42700.0,P,140.0,settlement,140.0,137.0,143.0,47,0.12876712328767123,MTX,48840.0,202611,same expiry MTX 202611,0.25883926409795344,True,True
2026-10-02,202611,2026-11-18,42800.0,C,6170.0,settlement,6170.0,6140.0,6210.0,47,0.12876712328767123,MTX,48840.0,202611,same expiry MTX 202611,0.25435240817773597,False,False
2026-10-02,202611,2026-11-18,42800.0,P,143.0,settlement,143.0,140.0,146.0,47,0.12876712328767123,MTX,48840.0,202611,same expiry MTX 202611,0.25660996780144535,True,True
2026-10-02,202611,2026-11-18,42900.0,C,6080.0,settlement,6080.0,6040.0,6110.0,47,0.12876712328767123,MTX,48840.0,202611,same expiry MTX 202611,0.2550318807838113,False,False
2026-10-02,202611,2026-11-18,42900.0,P,148.0,settlement,148.0,145.0,151.0,47,0.12876712328767123,MTX,48840.0,202611,same expiry MTX 202611,0.2551804661284781,True,True
2026-10-02,202611,2026-11-18,43000.0,C,5980.0,settlement,5980.0,5950.0,6020.0,47,0.12876712328767123,MTX,48840.0,202611,same expiry MTX 202611,0.2514286889307241,False,False
2026-10-02,202611,2026-11-18,43000.0,P,153.0,settlement,153.0,152.0,159.0,47,0.12876712328767123,MTX,48840.0,202611,same expiry MTX 202611,0.2536778513008263,True,True
2026-10-02,202611,2026-11-18,43100.0,C,5890.0,settlement,5890.0,5860.0,5920.0,47,0.12876712328767123,MTX,48840.0,202611,same expiry MTX 202611,0.2518614121116717,False,False
2026-10-02,202611,2026-11-18,43100.0,P,161.0,settlement,161.0,157.0,164.0,47,0.12876712328767123,MTX,48840.0,202611,same expiry MTX 202611,0.25328935181381645,True,True
2026-10-02,202611,2026-11-18,43200.0,C,5800.0,settlement,5800.0,5760.0,5830.0,47,0.12876712328767123,MTX,48840.0,202611,same expiry MTX 202611,0.25210255838811946,False,False
2026-10-02,202611,2026-11-18,43200.0,P,167.0,settlement,167.0,163.0,170.0,47,0.12876712328767123,MTX,48840.0,202611,same expiry MTX 202611,0.2520039267746056,True,True
2026-10-02,202611,2026-11-18,43300.0,C,5700.0,settlement,5700.0,5670.0,5740.0,47,0.12876712328767123,MTX,48840.0,202611,same expiry MTX 202611,0.24842859551643862,False,False
2026-10-02,202611,2026-11-18,43300.0,P,170.0,settlement,170.0,169.0,176.0,47,0.12876712328767123,MTX,48840.0,202611,same expiry MTX 202611,0.24951231982652647,True,True
2026-10-02,202611,2026-11-18,43400.0,C,5610.0,settlement,5610.0,5570.0,5640.0,47,0.12876712328767123,MTX,48840.0,202611,same expiry MTX 202611,0.2484590825356474,False,False
2026-10-02,202611,2026-11-18,43400.0,P,179.0,settlement,179.0,175.0,183.0,47,0.12876712328767123,MTX,48840.0,202611,same expiry MTX 202611,0.24918823622637015,True,True
2026-10-02,202611,2026-11-18,43500.0,C,5510.0,settlement,5510.0,5480.0,5550.0,47,0.12876712328767123,MTX,48840.0,202611,same expiry MTX 202611,0.24475017242997438,False,False
2026-10-02,202611,2026-11-18,43500.0,P,183.0,settlement,183.0,179.0,187.0,47,0.12876712328767123,MTX,48840.0,202611,same expiry MTX 202611,0.24695275793609472,True,True
2026-10-02,202611,2026-11-18,43600.0,C,5420.0,settlement,5420.0,5390.0,5450.0,47,0.12876712328767123,MTX,48840.0,202611,same expiry MTX 202611,0.24458419227281109,False,False
2026-10-02,202611,2026-11-18,43600.0,P,190.0,settlement,190.0,186.0,194.0,47,0.12876712328767123,MTX,48840.0,202611,same expiry MTX 202611,0.24571990202381364,True,True
2026-10-02,202611,2026-11-18,43700.0,C,5330.0,settlement,5330.0,5300.0,5360.0,47,0.12876712328767123,MTX,48840.0,202611,same expiry MTX 202611,0.2442676366460197,False,False
2026-10-02,202611,2026-11-18,43700.0,P,200.0,settlement,200.0,196.0,204.0,47,0.12876712328767123,MTX,48840.0,202611,same expiry MTX 202611,0.24541062375608713,True,True
2026-10-02,202611,2026-11-18,43800.0,C,5240.0,settlement,5240.0,5200.0,5270.0,47,0.12876712328767123,MTX,48840.0,202611,same expiry MTX 202611,0.24381012959143925,False,False
2026-10-02,202611,2026-11-18,43800.0,P,205.0,settlement,205.0,201.0,209.0,47,0.12876712328767123,MTX,48840.0,202611,same expiry MTX 202611,0.24332128285092047,True,True
2026-10-02,202611,2026-11-18,43900.0,C,5150.0,settlement,5150.0,5110.0,5180.0,47,0.12876712328767123,MTX,48840.0,202611,same expiry MTX 202611,0.2432200694851928,False,False
2026-10-02,202611,2026-11-18,43900.0,P,216.0,settlement,216.0,212.0,220.0,47,0.12876712328767123,MTX,48840.0,202611,same expiry MTX 202611,0.24310617109045285,True,True
2026-10-02,202611,2026-11-18,44000.0,C,5060.0,settlement,5060.0,5020.0,5090.0,47,0.12876712328767123,MTX,48840.0,202611,same expiry MTX 202611,0.24250482481018995,False,False
2026-10-02,202611,2026-11-18,44000.0,P,228.0,settlement,228.0,222.0,229.0,47,0.12876712328767123,MTX,48840.0,202611,same expiry MTX 202611,0.2430531384809516,True,True
2026-10-02,202611,2026-11-18,44100.0,C,4970.0,settlement,4970.0,4930.0,5000.0,47,0.12876712328767123,MTX,48840.0,202611,same expiry MTX 202611,0.24167089053930046,False,False
2026-10-02,202611,2026-11-18,44100.0,P,233.0,settlement,233.0,229.0,238.0,47,0.12876712328767123,MTX,48840.0,202611,same expiry MTX 202611,0.2407334186400185,True,True
2026-10-02,202611,2026-11-18,44200.0,C,4870.0,settlement,4870.0,4840.0,,47,0.12876712328767123,MTX,48840.0,202611,same expiry MTX 202611,0.23776157644130175,False,False
2026-10-02,202611,2026-11-18,44200.0,P,241.0,settlement,241.0,236.0,245.0,47,0.12876712328767123,MTX,48840.0,202611,same expiry MTX 202611,0.23925759189073612,True,True
2026-10-02,202611,2026-11-18,44300.0,C,4780.0,settlement,4780.0,4750.0,,47,0.12876712328767123,MTX,48840.0,202611,same expiry MTX 202611,0.2367825335213084,False,False
2026-10-02,202611,2026-11-18,44300.0,P,251.0,settlement,251.0,246.0,255.0,47,0.12876712328767123,MTX,48840.0,202611,same expiry MTX 202611,0.23827713066895798,True,True
2026-10-02,202611,2026-11-18,44400.0,C,4700.0,settlement,4700.0,4660.0,4730.0,47,0.12876712328767123,MTX,48840.0,202611,same expiry MTX 202611,0.23851128761228027,False,False
2026-10-02,202611,2026-11-18,44400.0,P,264.0,settlement,264.0,259.0,269.0,47,0.12876712328767123,MTX,48840.0,202611,same expiry MTX 202611,0.23803178072285722,True,True
2026-10-02,202611,2026-11-18,44500.0,C,4610.0,settlement,4610.0,4570.0,4640.0,47,0.12876712328767123,MTX,48840.0,202611,same expiry MTX 202611,0.2372540317170118,False,False
2026-10-02,202611,2026-11-18,44500.0,P,275.0,settlement,275.0,270.0,280.0,47,0.12876712328767123,MTX,48840.0,202611,same expiry MTX 202611,0.2370943426423823,True,True
2026-10-02,202611,2026-11-18,44600.0,C,4520.0,settlement,4520.0,4480.0,4550.0,47,0.12876712328767123,MTX,48840.0,202611,same expiry MTX 202611,0.23590115050931998,False,False
2026-10-02,202611,2026-11-18,44600.0,P,284.0,settlement,284.0,278.0,289.0,47,0.12876712328767123,MTX,48840.0,202611,same expiry MTX 202611,0.23551242483026205,True,True
2026-10-02,202611,2026-11-18,44700.0,C,4430.0,settlement,4430.0,4400.0,4460.0,47,0.12876712328767123,MTX,48840.0,202611,same expiry MTX 202611,0.23445587859479883,False,False
2026-10-02,202611,2026-11-18,44700.0,P,300.0,settlement,300.0,293.0,303.0,47,0.12876712328767123,MTX,48840.0,202611,same expiry MTX 202611,0.23567091128413017,True,True
2026-10-02,202611,2026-11-18,44800.0,C,4350.0,settlement,4350.0,4310.0,4370.0,47,0.12876712328767123,MTX,48840.0,202611,same expiry MTX 202611,0.2354581506772845,False,False
2026-10-02,202611,2026-11-18,44800.0,P,312.0,settlement,312.0,306.0,317.0,47,0.12876712328767123,MTX,48840.0,202611,same expiry MTX 202611,0.23464973017698237,True,True
2026-10-02,202611,2026-11-18,44900.0,C,4260.0,settlement,4260.0,4220.0,4290.0,47,0.12876712328767123,MTX,48840.0,202611,same expiry MTX 202611,0.23378395928898657,False,False
2026-10-02,202611,2026-11-18,44900.0,P,320.0,settlement,320.0,317.0,329.0,47,0.12876712328767123,MTX,48840.0,202611,same expiry MTX 202611,0.23252762148924344,True,True
2026-10-02,202611,2026-11-18,45000.0,C,4170.0,settlement,4170.0,4140.0,4200.0,47,0.12876712328767123,MTX,48840.0,202611,same expiry MTX 202611,0.23202749604231038,False,False
2026-10-02,202611,2026-11-18,45000.0,P,338.0,settlement,338.0,334.0,346.0,47,0.12876712328767123,MTX,48840.0,202611,same expiry MTX 202611,0.23276712606395975,True,True
2026-10-02,202611,2026-11-18,45100.0,C,4090.0,settlement,4090.0,4050.0,4120.0,47,0.12876712328767123,MTX,48840.0,202611,same expiry MTX 202611,0.2325542727769275,False,False
2026-10-02,202611,2026-11-18,45100.0,P,352.0,settlement,352.0,349.0,361.0,47,0.12876712328767123,MTX,48840.0,202611,same expiry MTX 202611,0.2318916630895066,True,True
2026-10-02,202611,2026-11-18,45200.0,C,4000.0,settlement,4000.0,3970.0,4040.0,47,0.12876712328767123,MTX,48840.0,202611,same expiry MTX 202611,0.2305941968508692,False,False
2026-10-02,202611,2026-11-18,45200.0,P,371.0,settlement,371.0,364.0,377.0,47,0.12876712328767123,MTX,48840.0,202611,same expiry MTX 202611,0.23204850133212485,True,True
2026-10-02,202611,2026-11-18,45300.0,C,3920.0,settlement,3920.0,3890.0,3950.0,47,0.12876712328767123,MTX,48840.0,202611,same expiry MTX 202611,0.23081616962600252,False,False
2026-10-02,202611,2026-11-18,45300.0,P,386.0,settlement,386.0,380.0,393.0,47,0.12876712328767123,MTX,48840.0,202611,same expiry MTX 202611,0.23114078907617785,True,True
2026-10-02,202611,2026-11-18,45400.0,C,3840.0,settlement,3840.0,3800.0,3870.0,47,0.12876712328767123,MTX,48840.0,202611,same expiry MTX 202611,0.23086717391150394,False,False
2026-10-02,202611,2026-11-18,45400.0,P,403.0,settlement,403.0,397.0,410.0,47,0.12876712328767123,MTX,48840.0,202611,same expiry MTX 202611,0.23055416622745922,True,True
2026-10-02,202611,2026-11-18,45500.0,C,3760.0,settlement,3760.0,3720.0,3790.0,47,0.12876712328767123,MTX,48840.0,202611,same expiry MTX 202611,0.23075641150983564,False,False
2026-10-02,202611,2026-11-18,45500.0,P,421.0,settlement,421.0,415.0,428.0,47,0.12876712328767123,MTX,48840.0,202611,same expiry MTX 202611,0.2300494664184041,True,True
2026-10-02,202611,2026-11-18,45600.0,C,3680.0,settlement,3680.0,3640.0,3710.0,47,0.12876712328767123,MTX,48840.0,202611,same expiry MTX 202611,0.23049188259926479,False,False
2026-10-02,202611,2026-11-18,45600.0,P,436.0,settlement,436.0,433.0,447.0,47,0.12876712328767123,MTX,48840.0,202611,same expiry MTX 202611,0.22877747361180129,True,True
2026-10-02,202611,2026-11-18,45700.0,C,3600.0,settlement,3600.0,3560.0,3630.0,47,0.12876712328767123,MTX,48840.0,202611,same expiry MTX 202611,0.23008056574036734,False,False
2026-10-02,202611,2026-11-18,45700.0,P,460.0,settlement,460.0,453.0,467.0,47,0.12876712328767123,MTX,48840.0,202611,same expiry MTX 202611,0.229251857835477,True,True
2026-10-02,202611,2026-11-18,45800.0,C,3520.0,settlement,3520.0,3480.0,3550.0,47,0.12876712328767123,MTX,48840.0,202611,same expiry MTX 202611,0.22952856196300542,False,False
2026-10-02,202611,2026-11-18,45800.0,P,480.0,settlement,480.0,472.0,487.0,47,0.12876712328767123,MTX,48840.0,202611,same expiry MTX 202611,0.22874269957059642,True,True
2026-10-02,202611,2026-11-18,45900.0,C,3440.0,settlement,3440.0,3400.0,3470.0,47,0.12876712328767123,MTX,48840.0,202611,same expiry MTX 202611,0.22884121103221555,False,False
2026-10-02,202611,2026-11-18,45900.0,P,497.0,settlement,497.0,494.0,510.0,47,0.12876712328767123,MTX,48840.0,202611,same expiry MTX 202611,0.2275042786628386,True,True
2026-10-02,202611,2026-11-18,46000.0,C,3360.0,settlement,3360.0,3330.0,3390.0,47,0.12876712328767123,MTX,48840.0,202611,same expiry MTX 202611,0.2280231858617027,False,False
2026-10-02,202611,2026-11-18,46000.0,P,520.0,settlement,520.0,515.0,530.0,47,0.12876712328767123,MTX,48840.0,202611,same expiry MTX 202611,0.22731694844837794,True,True
2026-10-02,202611,2026-11-18,46100.0,C,3280.0,settlement,3280.0,3250.0,3310.0,47,0.12876712328767123,MTX,48840.0,202611,same expiry MTX 202611,0.22707856954975428,False,False
2026-10-02,202611,2026-11-18,46100.0,P,545.0,settlement,545.0,540.0,555.0,47,0.12876712328767123,MTX,48840.0,202611,same expiry MTX 202611,0.22735799541473226,True,True
2026-10-02,202611,2026-11-18,46200.0,C,3210.0,settlement,3210.0,3170.0,3240.0,47,0.12876712328767123,MTX,48840.0,202611,same expiry MTX 202611,0.22787091089744255,False,False
2026-10-02,202611,2026-11-18,46200.0,P,570.0,settlement,570.0,560.0,575.0,47,0.12876712328767123,MTX,48840.0,202611,same expiry MTX 202611,0.22723981422274683,True,True
2026-10-02,202611,2026-11-18,46300.0,C,3130.0,settlement,3130.0,3100.0,3160.0,47,0.12876712328767123,MTX,48840.0,202611,same expiry MTX 202611,0.22665276359350942,False,False
2026-10-02,202611,2026-11-18,46300.0,P,595.0,settlement,595.0,585.0,605.0,47,0.12876712328767123,MTX,48840.0,202611,same expiry MTX 202611,0.22696887067467186,True,True
2026-10-02,202611,2026-11-18,46400.0,C,3060.0,settlement,3060.0,3020.0,3090.0,47,0.12876712328767123,MTX,48840.0,202611,same expiry MTX 202611,0.22711372416629327,False,False
2026-10-02,202611,2026-11-18,46400.0,P,620.0,settlement,620.0,610.0,625.0,47,0.12876712328767123,MTX,48840.0,202611,same expiry MTX 202611,0.2265507862482622,True,True
2026-10-02,202611,2026-11-18,46500.0,C,2990.0,settlement,2990.0,2950.0,3020.0,47,0.12876712328767123,MTX,48840.0,202611,same expiry MTX 202611,0.2274022987836679,False,False
2026-10-02,202611,2026-11-18,46500.0,P,650.0,settlement,650.0,630.0,655.0,47,0.12876712328767123,MTX,48840.0,202611,same expiry MTX 202611,0.22687199150582335,True,True
2026-10-02,202611,2026-11-18,46600.0,C,2920.0,settlement,2920.0,2880.0,2940.0,47,0.12876712328767123,MTX,48840.0,202611,same expiry MTX 202611,0.22752584529161343,False,False
2026-10-02,202611,2026-11-18,46600.0,P,680.0,settlement,680.0,665.0,685.0,47,0.12876712328767123,MTX,48840.0,202611,same expiry MTX 202611,0.22702666060567755,True,True
2026-10-02,202611,2026-11-18,46700.0,C,2850.0,settlement,2850.0,2810.0,2870.0,47,0.12876712328767123,MTX,48840.0,202611,same expiry MTX 202611,0.22749074041403572,False,False
2026-10-02,202611,2026-11-18,46700.0,P,710.0,settlement,710.0,695.0,720.0,47,0.12876712328767123,MTX,48840.0,202611,same expiry MTX 202611,0.22702133089752619,True,True
2026-10-02,202611,2026-11-18,46800.0,C,2770.0,settlement,2770.0,2740.0,2800.0,47,0.12876712328767123,MTX,48840.0,202611,same expiry MTX 202611,0.22562194638811311,False,False
2026-10-02,202611,2026-11-18,46800.0,P,735.0,settlement,735.0,715.0,740.0,47,0.12876712328767123,MTX,48840.0,202611,same expiry MTX 202611,0.2260213631264817,True,True
2026-10-02,202611,2026-11-18,46900.0,C,2700.0,settlement,2700.0,2670.0,2730.0,47,0.12876712328767123,MTX,48840.0,202611,same expiry MTX 202611,0.22530898421339474,False,False
2026-10-02,202611,2026-11-18,46900.0,P,765.0,settlement,765.0,745.0,770.0,47,0.12876712328767123,MTX,48840.0,202611,same expiry MTX 202611,0.22572408526608417,True,True
2026-10-02,202611,2026-11-18,47000.0,C,2630.0,settlement,2630.0,2600.0,2660.0,47,0.12876712328767123,MTX,48840.0,202611,same expiry MTX 202611,0.2248501495093061,False,False
2026-10-02,202611,2026-11-18,47000.0,P,795.0,settlement,795.0,775.0,800.0,47,0.12876712328767123,MTX,48840.0,202611,same expiry MTX 202611,0.2252807553231494,True,True
2026-10-02,202611,2026-11-18,47100.0,C,2570.0,settlement,2570.0,2540.0,2590.0,47,0.12876712328767123,MTX,48840.0,202611,same expiry MTX 202611,0.2258635033860656,False,False
2026-10-02,202611,2026-11-18,47100.0,P,840.0,settlement,840.0,815.0,840.0,47,0.12876712328767123,MTX,48840.0,202611,same expiry MTX 202611,0.22711486042796544,True,True
2026-10-02,202611,2026-11-18,47200.0,C,2500.0,settlement,2500.0,2480.0,2530.0,47,0.12876712328767123,MTX,48840.0,202611,same expiry MTX 202611,0.2251041392748793,False,False
2026-10-02,202611,2026-11-18,47200.0,P,860.0,settlement,860.0,840.0,865.0,47,0.12876712328767123,MTX,48840.0,202611,same expiry MTX 202611,0.22476763251611398,True,True
2026-10-02,202611,2026-11-18,47300.0,C,2430.0,settlement,2430.0,2410.0,2440.0,47,0.12876712328767123,MTX,48840.0,202611,same expiry MTX 202611,0.22420944690542335,False,False
2026-10-02,202611,2026-11-18,47300.0,P,885.0,settlement,885.0,880.0,900.0,47,0.12876712328767123,MTX,48840.0,202611,same expiry MTX 202611,0.22310829529151888,True,True
2026-10-02,202611,2026-11-18,47400.0,C,2360.0,settlement,2360.0,2350.0,2380.0,47,0.12876712328767123,MTX,48840.0,202611,same expiry MTX 202611,0.22318141231779334,False,False
2026-10-02,202611,2026-11-18,47400.0,P,910.0,settlement,910.0,910.0,935.0,47,0.12876712328767123,MTX,48840.0,202611,same expiry MTX 202611,0.2213311996424667,True,True
2026-10-02,202611,2026-11-18,47500.0,C,2300.0,settlement,2300.0,2290.0,2320.0,47,0.12876712328767123,MTX,48840.0,202611,same expiry MTX 202611,0.22356559852184557,False,False
2026-10-02,202611,2026-11-18,47500.0,P,955.0,settlement,955.0,945.0,970.0,47,0.12876712328767123,MTX,48840.0,202611,same expiry MTX 202611,0.22252748260942168,True,True
2026-10-02,202611,2026-11-18,47600.0,C,2240.0,settlement,2240.0,2220.0,2250.0,47,0.12876712328767123,MTX,48840.0,202611,same expiry MTX 202611,0.22378955728715774,False,False
2026-10-02,202611,2026-11-18,47600.0,P,995.0,settlement,995.0,985.0,1010.0,47,0.12876712328767123,MTX,48840.0,202611,same expiry MTX 202611,0.22278138713196952,True,True
2026-10-02,202611,2026-11-18,47700.0,C,2180.0,settlement,2180.0,2160.0,2190.0,47,0.12876712328767123,MTX,48840.0,202611,same expiry MTX 202611,0.22385755213303424,False,False
2026-10-02,202611,2026-11-18,47700.0,P,1040.0,settlement,1040.0,1020.0,1040.0,47,0.12876712328767123,MTX,48840.0,202611,same expiry MTX 202611,0.2236353899612742,True,True
2026-10-02,202611,2026-11-18,47800.0,C,2120.0,settlement,2120.0,2100.0,2130.0,47,0.12876712328767123,MTX,48840.0,202611,same expiry MTX 202611,0.22377317793413098,False,False
2026-10-02,202611,2026-11-18,47800.0,P,1080.0,settlement,1080.0,1060.0,1090.0,47,0.12876712328767123,MTX,48840.0,202611,same expiry MTX 202611,0.2235721902875949,True,True
2026-10-02,202611,2026-11-18,47900.0,C,2060.0,settlement,2060.0,2040.0,2070.0,47,0.12876712328767123,MTX,48840.0,202611,same expiry MTX 202611,0.22353941988183368,False,False
2026-10-02,202611,2026-11-18,47900.0,P,1100.0,settlement,1100.0,1100.0,1130.0,47,0.12876712328767123,MTX,48840.0,202611,same expiry MTX 202611,0.22037716094017468,True,True
2026-10-02,202611,2026-11-18,48000.0,C,2000.0,settlement,2000.0,1980.0,2010.0,47,0.12876712328767123,MTX,48840.0,202611,same expiry MTX 202611,0.22315869967631766,False,False
2026-10-02,202611,2026-11-18,48000.0,P,1170.0,settlement,1170.0,1140.0,1160.0,47,0.12876712328767123,MTX,48840.0,202611,same expiry MTX 202611,0.2244785935692913,True,True
2026-10-02,202611,2026-11-18,48100.0,C,1930.0,settlement,1930.0,1920.0,1950.0,47,0.12876712328767123,MTX,48840.0,202611,same expiry MTX 202611,0.22116190693434573,False,False
2026-10-02,202611,2026-11-18,48100.0,P,1200.0,settlement,1200.0,1180.0,1200.0,47,0.12876712328767123,MTX,48840.0,202611,same expiry MTX 202611,0.22249284723272827,True,True
2026-10-02,202611,2026-11-18,48200.0,C,1880.0,settlement,1880.0,1870.0,1900.0,47,0.12876712328767123,MTX,48840.0,202611,same expiry MTX 202611,0.22196344440931465,False,False
2026-10-02,202611,2026-11-18,48200.0,P,1250.0,settlement,1250.0,1220.0,1250.0,47,0.12876712328767123,MTX,48840.0,202611,same expiry MTX 202611,0.22330551333147441,True,True
2026-10-02,202611,2026-11-18,48300.0,C,1830.0,settlement,1830.0,1810.0,1840.0,47,0.12876712328767123,MTX,48840.0,202611,same expiry MTX 202611,0.22260654375633798,False,False
2026-10-02,202611,2026-11-18,48300.0,P,1280.0,settlement,1280.0,1270.0,1300.0,47,0.12876712328767123,MTX,48840.0,202611,same expiry MTX 202611,0.2210500692117129,True,True
2026-10-02,202611,2026-11-18,48400.0,C,1770.0,settlement,1770.0,1750.0,1780.0,47,0.12876712328767123,MTX,48840.0,202611,same expiry MTX 202611,0.22164575556602706,False,False
2026-10-02,202611,2026-11-18,48400.0,P,1320.0,settlement,1320.0,1310.0,1340.0,47,0.12876712328767123,MTX,48840.0,202611,same expiry MTX 202611,0.22011457164948958,True,True
2026-10-02,202611,2026-11-18,48500.0,C,1720.0,settlement,1720.0,1700.0,1730.0,47,0.12876712328767123,MTX,48840.0,202611,same expiry MTX 202611,0.22198734594671574,False,False
2026-10-02,202611,2026-11-18,48500.0,P,1370.0,settlement,1370.0,1360.0,1390.0,47,0.12876712328767123,MTX,48840.0,202611,same expiry MTX 202611,0.2204803601062772,True,True
2026-10-02,202611,2026-11-18,48600.0,C,1660.0,settlement,1660.0,1650.0,1680.0,47,0.12876712328767123,MTX,48840.0,202611,same expiry MTX 202611,0.22073888775723444,False,False
2026-10-02,202611,2026-11-18,48600.0,P,1420.0,settlement,1420.0,1400.0,1430.0,47,0.12876712328767123,MTX,48840.0,202611,same expiry MTX 202611,0.22069442893903893,True,True
2026-10-02,202611,2026-11-18,48700.0,C,1610.0,settlement,1610.0,1600.0,1630.0,47,0.12876712328767123,MTX,48840.0,202611,same expiry MTX 202611,0.22078461230814292,False,False
2026-10-02,202611,2026-11-18,48700.0,P,1460.0,settlement,1460.0,1450.0,1480.0,47,0.12876712328767123,MTX,48840.0,202611,same expiry MTX 202611,0.21932252148433723,True,True
2026-10-02,202611,2026-11-18,48800.0,C,1560.0,settlement,1560.0,1540.0,1570.0,47,0.12876712328767123,MTX,48840.0,202611,same expiry MTX 202611,0.2206820976538014,False,False
2026-10-02,202611,2026-11-18,48800.0,P,1510.0,settlement,1510.0,1500.0,1530.0,47,0.12876712328767123,MTX,48840.0,202611,same expiry MTX 202611,0.21924084446117276,True,True
2026-10-02,202611,2026-11-18,48900.0,C,1510.0,settlement,1510.0,1490.0,1520.0,47,0.12876712328767123,MTX,48840.0,202611,same expiry MTX 202611,0.2204322266815225,True,True
2026-10-02,202611,2026-11-18,48900.0,P,1570.0,settlement,1570.0,1550.0,1580.0,47,0.12876712328767123,MTX,48840.0,202611,same expiry MTX 202611,0.22044328713824124,False,False
2026-10-02,202611,2026-11-18,49000.0,C,1460.0,settlement,1460.0,1440.0,1470.0,47,0.12876712328767123,MTX,48840.0,202611,same expiry MTX 202611,0.22003538298145456,True,True
2026-10-02,202611,2026-11-18,49000.0,P,1620.0,settlement,1620.0,1600.0,1630.0,47,0.12876712328767123,MTX,48840.0,202611,same expiry MTX 202611,0.22006486907360734,False,False
2026-10-02,202611,2026-11-18,49100.0,C,1410.0,settlement,1410.0,1400.0,1430.0,47,0.12876712328767123,MTX,48840.0,202611,same expiry MTX 202611,0.21949145227137395,True,True
2026-10-02,202611,2026-11-18,49100.0,P,1670.0,settlement,1670.0,1650.0,1680.0,47,0.12876712328767123,MTX,48840.0,202611,same expiry MTX 202611,0.219539385890223,False,False
2026-10-02,202611,2026-11-18,49200.0,C,1380.0,settlement,1380.0,1350.0,1380.0,47,0.12876712328767123,MTX,48840.0,202611,same expiry MTX 202611,0.2216680893231134,True,True
2026-10-02,202611,2026-11-18,49200.0,P,1730.0,settlement,1730.0,1710.0,1740.0,47,0.12876712328767123,MTX,48840.0,202611,same expiry MTX 202611,0.22030042369201366,False,False
2026-10-02,202611,2026-11-18,49300.0,C,1320.0,settlement,1320.0,1310.0,1330.0,47,0.12876712328767123,MTX,48840.0,202611,same expiry MTX 202611,0.2193960425469421,True,True
2026-10-02,202611,2026-11-18,49300.0,P,1780.0,settlement,1780.0,1760.0,1790.0,47,0.12876712328767123,MTX,48840.0,202611,same expiry MTX 202611,0.21948108442381523,False,False
2026-10-02,202611,2026-11-18,49400.0,C,1280.0,settlement,1280.0,1260.0,1290.0,47,0.12876712328767123,MTX,48840.0,202611,same expiry MTX 202611,0.21984873058642881,True,True
2026-10-02,202611,2026-11-18,49400.0,P,1840.0,settlement,1840.0,1820.0,1850.0,47,0.12876712328767123,MTX,48840.0,202611,same expiry MTX 202611,0.21995250244940934,False,False
2026-10-02,202611,2026-11-18,49500.0,C,1240.0,settlement,1240.0,1220.0,1240.0,47,0.12876712328767123,MTX,48840.0,202611,same expiry MTX 202611,0.22015867327461,True,True
2026-10-02,202611,2026-11-18,49500.0,P,1890.0,settlement,1890.0,1870.0,1900.0,47,0.12876712328767123,MTX,48840.0,202611,same expiry MTX 202611,0.2188369115927117,False,False
2026-10-02,202611,2026-11-18,49600.0,C,1200.0,settlement,1200.0,1180.0,1200.0,47,0.12876712328767123,MTX,48840.0,202611,same expiry MTX 202611,0.22032620021879332,True,True
2026-10-02,202611,2026-11-18,49600.0,P,1950.0,settlement,1950.0,1930.0,1960.0,47,0.12876712328767123,MTX,48840.0,202611,same expiry MTX 202611,0.21901825240154196,False,False
2026-10-02,202611,2026-11-18,49700.0,C,1150.0,settlement,1150.0,1140.0,1170.0,47,0.12876712328767123,MTX,48840.0,202611,same expiry MTX 202611,0.21889514845987404,True,True
2026-10-02,202611,2026-11-18,49700.0,P,2010.0,settlement,2010.0,1990.0,2020.0,47,0.12876712328767123,MTX,48840.0,202611,same expiry MTX 202611,0.2190563076830472,False,False
2026-10-02,202611,2026-11-18,49800.0,C,1110.0,settlement,1110.0,1100.0,1130.0,47,0.12876712328767123,MTX,48840.0,202611,same expiry MTX 202611,0.21876967467366978,True,True
2026-10-02,202611,2026-11-18,49800.0,P,2070.0,settlement,2070.0,2050.0,2080.0,47,0.12876712328767123,MTX,48840.0,202611,same expiry MTX 202611,0.21895048164054215,False,False
2026-10-02,202611,2026-11-18,49900.0,C,1070.0,settlement,1070.0,1060.0,1080.0,47,0.12876712328767123,MTX,48840.0,202611,same expiry MTX 202611,0.21849889827767768,True,True
2026-10-02,202611,2026-11-18,49900.0,P,2130.0,settlement,2130.0,2110.0,2140.0,47,0.12876712328767123,MTX,48840.0,202611,same expiry MTX 202611,0.21869968881837282,False,False
2026-10-02,202611,2026-11-18,50000.0,C,1050.0,settlement,1050.0,1020.0,1050.0,47,0.12876712328767123,MTX,48840.0,202611,same expiry MTX 202611,0.22104270254046685,True,True
2026-10-02,202611,2026-11-18,50000.0,P,2190.0,settlement,2190.0,2170.0,2200.0,47,0.12876712328767123,MTX,48840.0,202611,same expiry MTX 202611,0.21830233198219032,False,False
2026-10-02,202611,2026-11-18,50100.0,C,1000.0,settlement,1000.0,985.0,1010.0,47,0.12876712328767123,MTX,48840.0,202611,same expiry MTX 202611,0.21900619993713427,True,True
2026-10-02,202611,2026-11-18,50100.0,P,2250.0,settlement,2250.0,2230.0,2260.0,47,0.12876712328767123,MTX,48840.0,202611,same expiry MTX 202611,0.21775627070083736,False,False
2026-10-02,202611,2026-11-18,50200.0,C,960.0,settlement,960.0,950.0,975.0,47,0.12876712328767123,MTX,48840.0,202611,same expiry MTX 202611,0.21829938357788495,True,True
2026-10-02,202611,2026-11-18,50200.0,P,2320.0,settlement,2320.0,2300.0,2330.0,47,0.12876712328767123,MTX,48840.0,202611,same expiry MTX 202611,0.21856245083808729,False,False
2026-10-02,202611,2026-11-18,50300.0,C,920.0,settlement,920.0,915.0,935.0,47,0.12876712328767123,MTX,48840.0,202611,same expiry MTX 202611,0.21743859478413655,True,True
2026-10-02,202611,2026-11-18,50300.0,P,2380.0,settlement,2380.0,2360.0,2410.0,47,0.12876712328767123,MTX,48840.0,202611,same expiry MTX 202611,0.21772349298551635,False,False
2026-10-02,202611,2026-11-18,50400.0,C,910.0,settlement,910.0,880.0,905.0,47,0.12876712328767123,MTX,48840.0,202611,same expiry MTX 202611,0.22100601027266092,True,True
2026-10-02,202611,2026-11-18,50400.0,P,2450.0,settlement,2450.0,2420.0,2460.0,47,0.12876712328767123,MTX,48840.0,202611,same expiry MTX 202611,0.2182572704635453,False,False
2026-10-02,202611,2026-11-18,50500.0,C,860.0,settlement,860.0,845.0,870.0,47,0.12876712328767123,MTX,48840.0,202611,same expiry MTX 202611,0.21832965146473896,True,True
2026-10-02,202611,2026-11-18,50500.0,P,2510.0,settlement,2510.0,2490.0,2530.0,47,0.12876712328767123,MTX,48840.0,202611,same expiry MTX 202611,0.2171150836933579,False,False
2026-10-02,202611,2026-11-18,50600.0,C,825.0,settlement,825.0,815.0,840.0,47,0.12876712328767123,MTX,48840.0,202611,same expiry MTX 202611,0.21779579059346446,True,True
2026-10-02,202611,2026-11-18,50600.0,P,2580.0,settlement,2580.0,2560.0,2610.0,47,0.12876712328767123,MTX,48840.0,202611,same expiry MTX 202611,0.21736897519899906,False,False
2026-10-02,202611,2026-11-18,50700.0,C,795.0,settlement,795.0,780.0,805.0,47,0.12876712328767123,MTX,48840.0,202611,same expiry MTX 202611,0.21789827553386137,True,True
2026-10-02,202611,2026-11-18,50700.0,P,2650.0,settlement,2650.0,2630.0,2680.0,47,0.12876712328767123,MTX,48840.0,202611,same expiry MTX 202611,0.21748717270554224,False,False
2026-10-02,202611,2026-11-18,50800.0,C,765.0,settlement,765.0,750.0,775.0,47,0.12876712328767123,MTX,48840.0,202611,same expiry MTX 202611,0.21786281537854701,True,True
2026-10-02,202611,2026-11-18,50800.0,P,2720.0,settlement,2720.0,2700.0,2750.0,47,0.12876712328767123,MTX,48840.0,202611,same expiry MTX 202611,0.2174675151068669,False,False
2026-10-02,202611,2026-11-18,50900.0,C,735.0,settlement,735.0,720.0,745.0,47,0.12876712328767123,MTX,48840.0,202611,same expiry MTX 202611,0.21768670478176197,True,True
2026-10-02,202611,2026-11-18,50900.0,P,2790.0,settlement,2790.0,2770.0,2820.0,47,0.12876712328767123,MTX,48840.0,202611,same expiry MTX 202611,0.21730732204178052,False,False
2026-10-02,202611,2026-11-18,51000.0,C,705.0,settlement,705.0,690.0,715.0,47,0.12876712328767123,MTX,48840.0,202611,same expiry MTX 202611,0.21736666785168665,True,True
2026-10-02,202611,2026-11-18,51000.0,P,2860.0,settlement,2860.0,2840.0,2890.0,47,0.12876712328767123,MTX,48840.0,202611,same expiry MTX 202611,0.21700334412846453,False,False
2026-10-02,202611,2026-11-18,51100.0,C,680.0,settlement,680.0,665.0,690.0,47,0.12876712328767123,MTX,48840.0,202611,same expiry MTX 202611,0.21772772170961274,True,True
2026-10-02,202611,2026-11-18,51100.0,P,2930.0,settlement,2930.0,2900.0,2970.0,47,0.12876712328767123,MTX,48840.0,202611,same expiry MTX 202611,0.21655170046215177,False,False
2026-10-02,202611,2026-11-18,51200.0,C,650.0,settlement,650.0,640.0,665.0,47,0.12876712328767123,MTX,48840.0,202611,same expiry MTX 202611,0.21711984732559808,True,True
2026-10-02,202611,2026-11-18,51200.0,P,3000.0,settlement,3000.0,2970.0,3040.0,47,0.12876712328767123,MTX,48840.0,202611,same expiry MTX 202611,0.21594780056048504,False,False
2026-10-02,202611,2026-11-18,51300.0,C,620.0,settlement,620.0,610.0,635.0,47,0.12876712328767123,MTX,48840.0,202611,same expiry MTX 202611,0.21635519036804837,True,True
2026-10-02,202611,2026-11-18,51300.0,P,3070.0,settlement,3070.0,3050.0,3110.0,47,0.12876712328767123,MTX,48840.0,202611,same expiry MTX 202611,0.21518624700298497,False,False
2026-10-02,202611,2026-11-18,51400.0,C,600.0,settlement,600.0,585.0,610.0,47,0.12876712328767123,MTX,48840.0,202611,same expiry MTX 202611,0.21716247237527345,True,True
2026-10-02,202611,2026-11-18,51400.0,P,3150.0,settlement,3150.0,3120.0,3190.0,47,0.12876712328767123,MTX,48840.0,202611,same expiry MTX 202611,0.21599973500476596,False,False
2026-10-02,202611,2026-11-18,51500.0,C,585.0,settlement,585.0,565.0,590.0,47,0.12876712328767123,MTX,48840.0,202611,same expiry MTX 202611,0.2187339517748443,True,True
2026-10-02,202611,2026-11-18,51500.0,P,3230.0,settlement,3230.0,3200.0,3260.0,47,0.12876712328767123,MTX,48840.0,202611,same expiry MTX 202611,0.21669953149377494,False,False
2026-10-02,202611,2026-11-18,51600.0,C,555.0,settlement,555.0,540.0,565.0,47,0.12876712328767123,MTX,48840.0,202611,same expiry MTX 202611,0.217542769958795,True,True
2026-10-02,202611,2026-11-18,51600.0,P,3310.0,settlement,3310.0,3270.0,3340.0,47,0.12876712328767123,MTX,48840.0,202611,same expiry MTX 202611,0.2172839262138356,False,False
2026-10-02,202611,2026-11-18,51700.0,C,535.0,settlement,535.0,525.0,540.0,47,0.12876712328767123,MTX,48840.0,202611,same expiry MTX 202611,0.21799041790355916,True,True
2026-10-02,202611,2026-11-18,51700.0,P,3380.0,settlement,3380.0,3350.0,3420.0,47,0.12876712328767123,MTX,48840.0,202611,same expiry MTX 202611,0.21593074651657618,False,False
2026-10-02,202611,2026-11-18,51800.0,C,510.0,settlement,510.0,500.0,515.0,47,0.12876712328767123,MTX,48840.0,202611,same expiry MTX 202611,0.2173939234853564,True,True
2026-10-02,202611,2026-11-18,51800.0,P,3460.0,settlement,3460.0,3430.0,3490.0,47,0.12876712328767123,MTX,48840.0,202611,same expiry MTX 202611,0.2162471583726627,False,False
2026-10-02,202611,2026-11-18,51900.0,C,490.0,settlement,490.0,479.0,495.0,47,0.12876712328767123,MTX,48840.0,202611,same expiry MTX 202611,0.21758144540262292,True,True
2026-10-02,202611,2026-11-18,51900.0,P,3540.0,settlement,3540.0,3510.0,3570.0,47,0.12876712328767123,MTX,48840.0,202611,same expiry MTX 202611,0.21643862585288992,False,False
2026-10-02,202611,2026-11-18,52000.0,C,476.0,settlement,476.0,460.0,476.0,47,0.12876712328767123,MTX,48840.0,202611,same expiry MTX 202611,0.21878915815380126,True,True
2026-10-02,202611,2026-11-18,52000.0,P,3620.0,settlement,3620.0,3590.0,3650.0,47,0.12876712328767123,MTX,48840.0,202611,same expiry MTX 202611,0.21650150782239805,False,False
2026-10-02,202611,2026-11-18,52100.0,C,450.0,settlement,450.0,440.0,455.0,47,0.12876712328767123,MTX,48840.0,202611,same expiry MTX 202611,0.21756811279080784,True,True
2026-10-02,202611,2026-11-18,52100.0,P,3700.0,settlement,3700.0,3670.0,3730.0,47,0.12876712328767123,MTX,48840.0,202611,same expiry MTX 202611,0.21643157248860487,False,False
2026-10-02,202611,2026-11-18,52200.0,C,431.0,settlement,431.0,423.0,438.0,47,0.12876712328767123,MTX,48840.0,202611,same expiry MTX 202611,0.21755765087447138,True,True
2026-10-02,202611,2026-11-18,52200.0,P,3780.0,settlement,3780.0,3750.0,3810.0,47,0.12876712328767123,MTX,48840.0,202611,same expiry MTX 202611,0.21622391525217796,False,False
2026-10-02,202611,2026-11-18,52300.0,C,413.0,settlement,413.0,403.0,419.0,47,0.12876712328767123,MTX,48840.0,202611,same expiry MTX 202611,0.21761647933583775,True,True
2026-10-02,202611,2026-11-18,52300.0,P,3860.0,settlement,3860.0,3830.0,3900.0,47,0.12876712328767123,MTX,48840.0,202611,same expiry MTX 202611,0.21587285722919305,False,False
2026-10-02,202611,2026-11-18,52400.0,C,405.0,settlement,405.0,386.0,400.0,47,0.12876712328767123,MTX,48840.0,202611,same expiry MTX 202611,0.21961350473086758,True,True
2026-10-02,202611,2026-11-18,52400.0,P,3940.0,settlement,3940.0,3910.0,3980.0,47,0.12876712328767123,MTX,48840.0,202611,same expiry MTX 202611,0.21537181915398626,False,False
2026-10-02,202611,2026-11-18,52500.0,C,390.0,settlement,390.0,369.0,383.0,47,0.12876712328767123,MTX,48840.0,202611,same expiry MTX 202611,0.2200823576728567,True,True
2026-10-02,202611,2026-11-18,52500.0,P,4030.0,settlement,4030.0,3990.0,4060.0,47,0.12876712328767123,MTX,48840.0,202611,same expiry MTX 202611,0.21684983330887916,False,False
2026-10-02,202611,2026-11-18,52600.0,C,362.0,settlement,362.0,353.0,367.0,47,0.12876712328767123,MTX,48840.0,202611,same expiry MTX 202611,0.21763783041319898,True,True
2026-10-02,202611,2026-11-18,52600.0,P,4110.0,settlement,4110.0,4080.0,4140.0,47,0.12876712328767123,MTX,48840.0,202611,same expiry MTX 202611,0.21608026838686542,False,False
2026-10-02,202611,2026-11-18,52700.0,C,346.0,settlement,346.0,338.0,352.0,47,0.12876712328767123,MTX,48840.0,202611,same expiry MTX 202611,0.2175989151567528,True,True
2026-10-02,202611,2026-11-18,52700.0,P,4190.0,settlement,4190.0,4160.0,4230.0,47,0.12876712328767123,MTX,48840.0,202611,same expiry MTX 202611,0.21513917073126418,False,False
2026-10-02,202611,2026-11-18,52800.0,C,331.0,settlement,331.0,323.0,336.0,47,0.12876712328767123,MTX,48840.0,202611,same expiry MTX 202611,0.2176535889972936,True,True
2026-10-02,202611,2026-11-18,52800.0,P,4280.0,settlement,4280.0,4250.0,4310.0,47,0.12876712328767123,MTX,48840.0,202611,same expiry MTX 202611,0.21631011642155085,False,False
2026-10-02,202611,2026-11-18,52900.0,C,316.0,settlement,316.0,308.0,321.0,47,0.12876712328767123,MTX,48840.0,202611,same expiry MTX 202611,0.21757981125827555,True,True
2026-10-02,202611,2026-11-18,52900.0,P,4360.0,settlement,4360.0,4330.0,4400.0,47,0.12876712328767123,MTX,48840.0,202611,same expiry MTX 202611,0.21506100758910787,False,False
2026-10-02,202611,2026-11-18,53000.0,C,315.0,settlement,315.0,296.0,307.0,47,0.12876712328767123,MTX,48840.0,202611,same expiry MTX 202611,0.22067973731331028,True,True
2026-10-02,202611,2026-11-18,53000.0,P,4450.0,settlement,4450.0,4420.0,4480.0,47,0.12876712328767123,MTX,48840.0,202611,same expiry MTX 202611,0.21602173585338622,False,False
2026-10-02,202611,2026-11-18,53100.0,C,288.0,settlement,288.0,282.0,294.0,47,0.12876712328767123,MTX,48840.0,202611,same expiry MTX 202611,0.21751095090616437,True,True
2026-10-02,202611,2026-11-18,53100.0,P,4540.0,settlement,4540.0,4510.0,4570.0,47,0.12876712328767123,MTX,48840.0,202611,same expiry MTX 202611,0.21689550421494103,False,False
2026-10-02,202611,2026-11-18,53200.0,C,275.0,settlement,275.0,268.0,281.0,47,0.12876712328767123,MTX,48840.0,202611,same expiry MTX 202611,0.21752745220454936,True,True
2026-10-02,202611,2026-11-18,53200.0,P,4620.0,settlement,4620.0,4590.0,4660.0,47,0.12876712328767123,MTX,48840.0,202611,same expiry MTX 202611,0.2151625776546528,False,False
2026-10-02,202611,2026-11-18,53300.0,C,262.0,settlement,262.0,257.0,268.0,47,0.12876712328767123,MTX,48840.0,202611,same expiry MTX 202611,0.21741534840486548,True,True
2026-10-02,202611,2026-11-18,53300.0,P,4710.0,settlement,4710.0,4680.0,4750.0,47,0.12876712328767123,MTX,48840.0,202611,same expiry MTX 202611,0.2157994425039868,False,False
2026-10-02,202611,2026-11-18,53400.0,C,250.0,settlement,250.0,245.0,256.0,47,0.12876712328767123,MTX,48840.0,202611,same expiry MTX 202611,0.21743187398082597,True,True
2026-10-02,202611,2026-11-18,53400.0,P,4800.0,settlement,4800.0,4770.0,4830.0,47,0.12876712328767123,MTX,48840.0,202611,same expiry MTX 202611,0.21633863613577275,False,False
2026-10-02,202611,2026-11-18,53500.0,C,240.0,settlement,240.0,234.0,245.0,47,0.12876712328767123,MTX,48840.0,202611,same expiry MTX 202611,0.217861792944221,True,True
2026-10-02,202611,2026-11-18,53500.0,P,4890.0,settlement,4890.0,4860.0,4920.0,47,0.12876712328767123,MTX,48840.0,202611,same expiry MTX 202611,0.2167766658004606,False,False
2026-10-02,202611,2026-11-18,53600.0,C,228.0,settlement,228.0,223.0,234.0,47,0.12876712328767123,MTX,48840.0,202611,same expiry MTX 202611,0.21763160243179536,True,True
2026-10-02,202611,2026-11-18,53600.0,P,4970.0,settlement,4970.0,4950.0,5010.0,47,0.12876712328767123,MTX,48840.0,202611,same expiry MTX 202611,0.21429388374779276,False,False
2026-10-02,202611,2026-11-18,53700.0,C,218.0,settlement,218.0,213.0,224.0,47,0.12876712328767123,MTX,48840.0,202611,same expiry MTX 202611,0.21783203188270925,True,True
2026-10-02,202611,2026-11-18,53700.0,P,5060.0,settlement,5060.0,5030.0,5100.0,47,0.12876712328767123,MTX,48840.0,202611,same expiry MTX 202611,0.21444005407030903,False,False
2026-10-02,202611,2026-11-18,53800.0,C,209.0,settlement,209.0,203.0,214.0,47,0.12876712328767123,MTX,48840.0,202611,same expiry MTX 202611,0.21820980182181224,True,True
2026-10-02,202611,2026-11-18,53800.0,P,5150.0,settlement,5150.0,5120.0,5190.0,47,0.12876712328767123,MTX,48840.0,202611,same expiry MTX 202611,0.21446553454881442,False,False
2026-10-02,202611,2026-11-18,53900.0,C,201.0,settlement,201.0,193.0,203.0,47,0.12876712328767123,MTX,48840.0,202611,same expiry MTX 202611,0.2187827640604531,True,True
2026-10-02,202611,2026-11-18,53900.0,P,5250.0,settlement,5250.0,5220.0,5280.0,47,0.12876712328767123,MTX,48840.0,202611,same expiry MTX 202611,0.21742908652957188,False,False
2026-10-02,202611,2026-11-18,54000.0,C,195.0,settlement,195.0,188.0,198.0,47,0.12876712328767123,MTX,48840.0,202611,same expiry MTX 202611,0.21987606493796077,True,True
2026-10-02,202611,2026-11-18,54000.0,P,5340.0,settlement,5340.0,5310.0,5370.0,47,0.12876712328767123,MTX,48840.0,202611,same expiry MTX 202611,0.21728946713323008,False,False
2026-10-02,202611,2026-11-18,54100.0,C,184.0,settlement,184.0,179.0,189.0,47,0.12876712328767123,MTX,48840.0,202611,same expiry MTX 202611,0.21932654488093237,True,True
2026-10-02,202611,2026-11-18,54100.0,P,5430.0,settlement,5430.0,5400.0,5460.0,47,0.12876712328767123,MTX,48840.0,202611,same expiry MTX 202611,0.2170146436749925,False,False
2026-10-02,202611,2026-11-18,54200.0,C,176.0,settlement,176.0,171.0,180.0,47,0.12876712328767123,MTX,48840.0,202611,same expiry MTX 202611,0.21959674874920737,True,True
2026-10-02,202611,2026-11-18,54200.0,P,5520.0,settlement,5520.0,5490.0,5560.0,47,0.12876712328767123,MTX,48840.0,202611,same expiry MTX 202611,0.21659558675057022,False,False
2026-10-02,202611,2026-11-18,54300.0,C,168.0,settlement,168.0,163.0,172.0,47,0.12876712328767123,MTX,48840.0,202611,same expiry MTX 202611,0.2197591750418276,True,True
2026-10-02,202611,2026-11-18,54300.0,P,5610.0,settlement,5610.0,5580.0,5650.0,47,0.12876712328767123,MTX,48840.0,202611,same expiry MTX 202611,0.2160217537620099,False,False
2026-10-02,202611,2026-11-18,54400.0,C,160.0,settlement,160.0,153.0,162.0,47,0.12876712328767123,MTX,48840.0,202611,same expiry MTX 202611,0.2198080861404765,True,True
2026-10-02,202611,2026-11-18,54400.0,P,5700.0,settlement,5700.0,5670.0,5740.0,47,0.12876712328767123,MTX,48840.0,202611,same expiry MTX 202611,0.21528073880947718,False,False
2026-10-02,202611,2026-11-18,54500.0,C,152.0,settlement,152.0,148.0,157.0,47,0.12876712328767123,MTX,48840.0,202611,same expiry MTX 202611,0.21973691194613726,True,True
2026-10-02,202611,2026-11-18,54500.0,P,5800.0,settlement,5800.0,5770.0,5830.0,47,0.12876712328767123,MTX,48840.0,202611,same expiry MTX 202611,0.21804141829284085,False,False
2026-10-02,202611,2026-11-18,54600.0,C,146.0,settlement,146.0,141.0,149.0,47,0.12876712328767123,MTX,48840.0,202611,same expiry MTX 202611,0.22027352672608527,True,True
2026-10-02,202611,2026-11-18,54600.0,P,5890.0,settlement,5890.0,5860.0,5930.0,47,0.12876712328767123,MTX,48840.0,202611,same expiry MTX 202611,0.21707989063886793,False,False
2026-10-02,202611,2026-11-18,54700.0,C,139.0,settlement,139.0,135.0,143.0,47,0.12876712328767123,MTX,48840.0,202611,same expiry MTX 202611,0.22034344297551622,True,True
2026-10-02,202611,2026-11-18,54700.0,P,5980.0,settlement,5980.0,5950.0,6020.0,47,0.12876712328767123,MTX,48840.0,202611,same expiry MTX 202611,0.21591819670002174,False,False
2026-10-02,202611,2026-11-18,54800.0,C,132.0,settlement,132.0,128.0,136.0,47,0.12876712328767123,MTX,48840.0,202611,same expiry MTX 202611,0.22029629125298725,True,True
2026-10-02,202611,2026-11-18,54800.0,P,6080.0,settlement,6080.0,6040.0,6120.0,47,0.12876712328767123,MTX,48840.0,202611,same expiry MTX 202611,0.21858982360281648,False,False
2026-10-02,202611,2026-11-18,54900.0,C,126.0,settlement,126.0,120.0,128.0,47,0.12876712328767123,MTX,48840.0,202611,same expiry MTX 202611,0.22052825721031608,True,True
2026-10-02,202611,2026-11-18,54900.0,P,6170.0,settlement,6170.0,6140.0,6210.0,47,0.12876712328767123,MTX,48840.0,202611,same expiry MTX 202611,0.2171669286656857,False,False
2026-10-02,202611,2026-11-18,55000.0,C,117.0,settlement,117.0,115.0,123.0,47,0.12876712328767123,MTX,48840.0,202611,same expiry MTX 202611,0.2193985487999048,True,True
2026-10-02,202611,2026-11-18,55000.0,P,6260.0,settlement,6260.0,6230.0,6310.0,47,0.12876712328767123,MTX,48840.0,202611,same expiry MTX 202611,0.2154947369984168,False,False
2026-10-02,202611,2026-11-18,55100.0,C,114.0,settlement,114.0,111.0,118.0,47,0.12876712328767123,MTX,48840.0,202611,same expiry MTX 202611,0.22066996671412514,True,True
2026-10-02,202611,2026-11-18,55100.0,P,6360.0,settlement,6360.0,6320.0,6400.0,47,0.12876712328767123,MTX,48840.0,202611,same expiry MTX 202611,0.21807647461045213,False,False
2026-10-02,202611,2026-11-18,55200.0,C,110.0,settlement,110.0,106.0,113.0,47,0.12876712328767123,MTX,48840.0,202611,same expiry MTX 202611,0.22145341228256107,True,True
2026-10-02,202611,2026-11-18,55200.0,P,6450.0,settlement,6450.0,6420.0,6500.0,47,0.12876712328767123,MTX,48840.0,202611,same expiry MTX 202611,0.21608050984540897,False,False
2026-10-02,202611,2026-11-18,55300.0,C,104.0,settlement,104.0,101.0,108.0,47,0.12876712328767123,MTX,48840.0,202611,same expiry MTX 202611,0.22125546544641117,True,True
2026-10-02,202611,2026-11-18,55300.0,P,6550.0,settlement,6550.0,6510.0,6590.0,47,0.12876712328767123,MTX,48840.0,202611,same expiry MTX 202611,0.21861179113613924,False,False
2026-10-02,202611,2026-11-18,55400.0,C,99.0,settlement,99.0,96.0,103.0,47,0.12876712328767123,MTX,48840.0,202611,same expiry MTX 202611,0.2213984191411879,True,True
2026-10-02,202611,2026-11-18,55400.0,P,6640.0,settlement,6640.0,6610.0,6690.0,47,0.12876712328767123,MTX,48840.0,202611,same expiry MTX 202611,0.216246951992754,False,False
2026-10-02,202611,2026-11-18,55500.0,C,95.0,settlement,95.0,92.0,98.0,47,0.12876712328767123,MTX,48840.0,202611,same expiry MTX 202611,0.22192227212120208,True,True
2026-10-02,202611,2026-11-18,55500.0,P,6740.0,settlement,6740.0,6700.0,6780.0,47,0.12876712328767123,MTX,48840.0,202611,same expiry MTX 202611,0.21872756861987366,False,False
2026-10-02,202611,2026-11-18,55600.0,C,91.0,settlement,91.0,87.0,94.0,47,0.12876712328767123,MTX,48840.0,202611,same expiry MTX 202611,0.22236401266154693,True,True
2026-10-02,202611,2026-11-18,55600.0,P,6830.0,settlement,6830.0,6800.0,6880.0,47,0.12876712328767123,MTX,48840.0,202611,same expiry MTX 202611,0.21593449199161088,False,False
2026-10-02,202611,2026-11-18,55700.0,C,86.0,settlement,86.0,83.0,89.0,47,0.12876712328767123,MTX,48840.0,202611,same expiry MTX 202611,0.22219888468728957,True,True
2026-10-02,202611,2026-11-18,55700.0,P,6930.0,settlement,6930.0,6890.0,6970.0,47,0.12876712328767123,MTX,48840.0,202611,same expiry MTX 202611,0.2183639825841074,False,False
